JvmtiExport can_access_local_variables 0
JvmtiExport can_hotswap_or_post_breakpoint 0
JvmtiExport can_post_on_exceptions 0
# 107 ciObject found
ciMethod java/lang/Thread yield ()V 9 1 1 0 -1
ciMethod sun/misc/Unsafe compareAndSwapInt (Ljava/lang/Object;JII)Z 3073 1 384 0 -1
ciMethod java/util/concurrent/ConcurrentHashMap initTable ()[Ljava/util/concurrent/ConcurrentHashMap$Node; 41 1 389 0 -1
ciMethodData java/util/concurrent/ConcurrentHashMap initTable ()[Ljava/util/concurrent/ConcurrentHashMap$Node; 1 389 orig 264 104 147 84 97 0 0 0 0 208 17 215 21 0 0 0 0 248 2 0 0 152 1 0 0 0 0 0 0 0 0 0 0 0 0 0 0 0 0 0 0 0 0 0 0 0 0 0 0 0 0 0 0 0 0 0 0 0 0 0 0 0 0 0 0 0 0 0 0 0 0 0 0 0 0 0 0 0 0 0 0 77 68 79 32 101 120 116 114 97 32 100 97 116 97 32 108 111 99 107 0 0 0 0 0 0 0 0 0 0 0 0 0 0 0 0 0 0 0 0 0 0 0 0 0 0 0 0 0 0 0 0 0 0 0 0 0 0 0 0 0 0 0 0 0 0 0 0 0 0 0 0 0 0 0 0 0 0 0 0 0 0 0 0 0 0 0 0 0 0 0 0 0 0 0 0 0 0 0 0 0 0 0 0 0 25 0 0 0 0 0 0 0 0 0 0 0 0 0 0 0 0 0 0 0 0 0 0 0 0 0 0 0 0 0 0 0 5 0 0 0 1 12 0 0 17 0 0 0 0 0 0 0 0 0 0 0 2 0 0 0 0 0 0 0 0 0 0 0 176 1 0 0 255 255 255 255 7 0 6 0 0 0 0 0 data 54 0x60007 0x181 0x40 0x1 0xb0007 0x1 0x190 0x0 0x140007 0x180 0x48 0x1 0x170002 0x1 0x1a0003 0x1 0xffffffffffffff90 0x260005 0x180 0x0 0x0 0x0 0x0 0x290007 0x1 0xffffffffffffff48 0x17f 0x320007 0x17f 0x40 0x0 0x370007 0x0 0x88 0x0 0x3b0007 0x176 0x38 0x9 0x3f0003 0x9 0x18 0x490004 0x0 0x1f810bb0 0x17f 0x0 0x0 0x610003 0x17f 0x18 0x6e0003 0x17f 0x18 oops 1 44 [Ljava/util/concurrent/ConcurrentHashMap$Node;
instanceKlass sbt/internal/nio/Observers$$Lambda$5473
instanceKlass sbt/internal/nio/TimeSource$DefaultImpl
instanceKlass sbt/internal/nio/Deadline
instanceKlass sbt/internal/nio/TimeSource$default$
instanceKlass sbt/internal/nio/FileEvent$Creation
instanceKlass sbt/internal/nio/FileEvent$Creation$
instanceKlass sbt/internal/nio/FileTreeRepositoryImpl$$anon$1$$Lambda$5472
instanceKlass com/swoval/files/FileCacheDirectoryTree$4
instanceKlass com/swoval/files/FileTreeRepositoryImpl$Callback
instanceKlass com/swoval/files/FileCacheDirectoryTree$7
instanceKlass com/swoval/files/FileCacheDirectoryTree$3
instanceKlass java/util/concurrent/LinkedBlockingDeque$Node
instanceKlass sbt/internal/util/WindowsInputStream$$anon$1$$Lambda$5471
instanceKlass sbt/internal/util/WindowsInputStream$$Lambda$5470
instanceKlass org/fusesource/jansi/internal/Kernel32$FOCUS_EVENT_RECORD
instanceKlass org/fusesource/jansi/internal/Kernel32$MENU_EVENT_RECORD
instanceKlass org/fusesource/jansi/internal/Kernel32$WINDOW_BUFFER_SIZE_RECORD
instanceKlass org/fusesource/jansi/internal/Kernel32$COORD
instanceKlass org/fusesource/jansi/internal/Kernel32$MOUSE_EVENT_RECORD
instanceKlass org/fusesource/jansi/internal/Kernel32$KEY_EVENT_RECORD
instanceKlass org/fusesource/jansi/internal/Kernel32$INPUT_RECORD
instanceKlass jline/console/WCWidth$Interval
instanceKlass jline/console/WCWidth
instanceKlass org/fusesource/jansi/io/AnsiProcessor
instanceKlass jline/internal/Ansi
instanceKlass sbt/internal/util/Terminal$$anon$4$$Lambda$5469
instanceKlass sbt/internal/util/Terminal$$anon$4$$Lambda$5468
instanceKlass sbt/internal/util/complete/JLineCompletion$CustomHandler
instanceKlass sbt/internal/util/complete/JLineCompletion$DummyCompletor$
instanceKlass sbt/internal/util/complete/JLineCompletion$$$Lambda$5467
instanceKlass sbt/internal/util/complete/JLineCompletion$$$Lambda$5466
instanceKlass jline/TerminalSupport
instanceKlass jline/console/KeyMap
instanceKlass jline/console/ConsoleKeys
instanceKlass jline/console/KillRing
instanceKlass jline/console/CursorBuffer
instanceKlass sbt/internal/util/Terminal$TerminalOps$$anon$1
instanceKlass sbt/internal/util/Terminal$TerminalOps$
instanceKlass java/util/ResourceBundle$Control$1
instanceKlass jline/console/completer/CandidateListCompletionHandler
instanceKlass jline/Terminal2
instanceKlass org/jetbrains/sbt/FullReaderCompat$
instanceKlass sbt/State$StateOpsImpl
instanceKlass sbt/internal/util/complete/ParserMain$$Lambda$5465
instanceKlass sbt/internal/util/complete/ParserMain$$Lambda$5464
instanceKlass sbt/BuiltinCommands$$$Lambda$5463
instanceKlass sbt/BuiltinCommands$$$Lambda$5462
instanceKlass sbt/internal/Act$$$Lambda$5461
instanceKlass sbt/internal/util/complete/ParserSeq$$Lambda$5460
instanceKlass sbt/internal/util/complete/Parser$Failure$$Lambda$5459
instanceKlass sbt/internal/util/complete/ParserSeq$$Lambda$5458
instanceKlass sbt/internal/util/complete/ParserSeq$$Lambda$5457
instanceKlass sbt/internal/Act$$$Lambda$5456
instanceKlass sbt/internal/Act$$$Lambda$5455
instanceKlass sbt/internal/Act$$$Lambda$5454
instanceKlass sbt/internal/util/complete/ParserSeq$$Lambda$5453
instanceKlass sbt/internal/util/complete/ParserSeq$$Lambda$5452
instanceKlass sbt/internal/Act$$$Lambda$5451
instanceKlass sbt/internal/util/complete/ParserMain$$Lambda$5450
instanceKlass sbt/internal/util/complete/ParserSeq
instanceKlass sbt/internal/util/complete/ParserMain$$Lambda$5449
instanceKlass sbt/internal/util/complete/ParserMain$$Lambda$5448
instanceKlass sbt/internal/Act$$$Lambda$5447
instanceKlass sbt/internal/Act$$$Lambda$5446
instanceKlass sbt/internal/Act$$$Lambda$5445
instanceKlass sbt/internal/Act$$$Lambda$5444
instanceKlass scala/PartialFunction$AndThen
instanceKlass sbt/internal/Act$$$Lambda$5443
instanceKlass sbt/internal/Act$$$Lambda$5442
instanceKlass sbt/internal/Act$$$Lambda$5441
instanceKlass sbt/internal/AKeyIndex$$Lambda$5440
instanceKlass sbt/internal/Act$$$Lambda$5439
instanceKlass sbt/internal/ConfigIndex$$Lambda$5438
instanceKlass sbt/internal/Act$$$Lambda$5437
instanceKlass sbt/internal/BuildUtil$$Lambda$5436
instanceKlass sbt/internal/BuildUtil$$$Lambda$5435
instanceKlass sbt/internal/BuildUtil$$Lambda$5434
instanceKlass sbt/internal/BuildUtil$$Lambda$5433
instanceKlass sbt/internal/KeyIndex0$$Lambda$5432
instanceKlass sbt/internal/util/complete/Parser$$$Lambda$5431
instanceKlass sbt/internal/Act$$$Lambda$5430
instanceKlass sbt/internal/Act$$$Lambda$5429
instanceKlass sbt/internal/Act$$$Lambda$5428
instanceKlass sbt/internal/util/complete/Parsers$$Lambda$5427
instanceKlass sbt/internal/util/complete/Parsers$$Lambda$5426
instanceKlass sbt/internal/Act$$$Lambda$5425
instanceKlass sbt/internal/Act$$$Lambda$5424
instanceKlass sbt/internal/Act$$$Lambda$5423
instanceKlass sbt/internal/util/complete/OnFailure$$Lambda$5422
instanceKlass sbt/internal/Act$$$Lambda$5421
instanceKlass sbt/internal/Act$$$Lambda$5420
instanceKlass sbt/internal/Act$$$Lambda$5419
instanceKlass sbt/internal/Act$$$Lambda$5418
instanceKlass sbt/internal/ParsedKey
instanceKlass sbt/internal/Act$$$Lambda$5417
instanceKlass sbt/internal/Act$$$Lambda$5416
instanceKlass sbt/internal/Act$$$Lambda$5415
instanceKlass sbt/internal/Act$Omitted$
instanceKlass sbt/internal/Act$$$Lambda$5414
instanceKlass sbt/internal/Act$$$Lambda$5413
instanceKlass sbt/internal/Act$$$Lambda$5412
instanceKlass sbt/internal/Act$$$Lambda$5411
instanceKlass sbt/internal/util/complete/Parsers$$Lambda$5410
instanceKlass sbt/internal/util/complete/Parsers$$Lambda$5409
instanceKlass sbt/internal/util/complete/ParserMain$$Lambda$5408
instanceKlass sbt/internal/util/complete/Parsers$$Lambda$5407
instanceKlass sbt/internal/KeyIndex$$$Lambda$5406
instanceKlass sbt/internal/util/complete/OnFailure
instanceKlass sbt/internal/Act$$$Lambda$5405
instanceKlass sbt/internal/Act$ParsedValue
instanceKlass sbt/internal/Act$ParsedZero$
instanceKlass sbt/internal/Act$$$Lambda$5404
instanceKlass sbt/internal/Act$ParsedGlobal$
instanceKlass sbt/internal/Act$$$Lambda$5403
instanceKlass sbt/PluginCross$$$Lambda$5402
instanceKlass sbt/PluginCross$$$Lambda$5401
instanceKlass sbt/internal/CrossJava$$$Lambda$5400
instanceKlass sbt/internal/CrossJava$$$Lambda$5399
instanceKlass sbt/Cross$$$Lambda$5398
instanceKlass sbt/Cross$$$Lambda$5397
instanceKlass sbt/internal/langserver/ErrorCodes$
instanceKlass sbt/MainLoop$$$Lambda$5396
instanceKlass sbt/MainLoop$$$Lambda$5395
instanceKlass sbt/BasicCommands$$$Lambda$5394
instanceKlass sbt/nio/Settings$$$Lambda$5393
instanceKlass sbt/nio/Settings$$$Lambda$5392
instanceKlass sbt/nio/Settings$$$Lambda$5391
instanceKlass sbt/internal/nio/CheckBuildSources$$Lambda$5390
instanceKlass sbt/internal/nio/CheckBuildSources$$Lambda$5389
instanceKlass sbt/internal/nio/CheckBuildSources$$Lambda$5388
instanceKlass sbt/internal/nio/CheckBuildSources$$Lambda$5387
instanceKlass sbt/internal/nio/CheckBuildSources$$Lambda$5386
instanceKlass sbt/internal/nio/CheckBuildSources$$Lambda$5385
instanceKlass sbt/internal/nio/CheckBuildSources$$Lambda$5384
instanceKlass sbt/internal/nio/CheckBuildSources$$Lambda$5383
instanceKlass sbt/BuiltinCommands$$$Lambda$5382
instanceKlass sbt/BuiltinCommands$$$Lambda$5381
instanceKlass sbt/BuiltinCommands$$$Lambda$5380
instanceKlass sbt/internal/nio/CheckBuildSources$$Lambda$5379
instanceKlass sbt/internal/inc/Stamp$$anon$1
instanceKlass sbt/internal/inc/Stamp$
instanceKlass sbt/nio/FileStamp$Hash
instanceKlass sbt/nio/FileStamp$
instanceKlass sbt/internal/nio/CheckBuildSources$$Lambda$5378
instanceKlass sbt/internal/nio/CheckBuildSources$$Lambda$5377
instanceKlass sbt/internal/nio/CheckBuildSources$$Lambda$5376
instanceKlass sbt/internal/nio/CheckBuildSources$$Lambda$5375
instanceKlass com/swoval/files/NioPathWatcher$1$1
instanceKlass com/swoval/files/PathWatchers$Event$Kind
instanceKlass com/swoval/files/PathWatchers$Event
instanceKlass sbt/internal/nio/CheckBuildSources$$Lambda$5374
instanceKlass sbt/internal/nio/Registerable$$anon$3
instanceKlass sbt/internal/nio/Observable$$anon$2
instanceKlass sbt/internal/nio/Registerable$$$Lambda$5373
instanceKlass sbt/internal/nio/FileEvent
instanceKlass sbt/internal/nio/Observable$
instanceKlass sbt/nio/file/Glob$GlobOps$$anonfun$toFileFilter$extension$1
instanceKlass sbt/internal/nio/Registerable$
instanceKlass sbt/internal/nio/RegisterableObservable$
instanceKlass com/swoval/files/FileCacheDirectoryTree$5
instanceKlass com/swoval/files/NioPathWatcher$1
instanceKlass com/swoval/files/MapOps
instanceKlass com/swoval/files/FileTreeViews$Updates
instanceKlass com/swoval/files/CachedDirectoryImpl$2
instanceKlass sun/nio/fs/AbstractPath$1
instanceKlass com/swoval/functional/Filters$1
instanceKlass com/swoval/functional/Filters
instanceKlass com/swoval/files/WatchedDirectories$1
instanceKlass com/swoval/files/WatchedDirectories
instanceKlass sun/nio/fs/WindowsWatchService$FileKey
instanceKlass sun/nio/fs/AbstractPoller$2
instanceKlass sun/nio/fs/AbstractPoller$Request
instanceKlass java/nio/file/WatchEvent$Modifier
instanceKlass com/swoval/files/NioPathWatcherService$CachedWatchDirectory
instanceKlass com/swoval/files/NioPathWatcher$4
instanceKlass com/swoval/files/CachedDirectoryImpl$ListTransformer
instanceKlass com/swoval/files/CachedDirectoryImpl
instanceKlass com/swoval/files/NioWrappers
instanceKlass com/swoval/files/LinkOption
instanceKlass com/swoval/files/Entries$EntryImpl
instanceKlass com/swoval/files/FileTreeDataViews$Entry
instanceKlass com/swoval/files/Entries
instanceKlass com/swoval/files/DirectoryRegistryImpl$RegisteredDirectory
instanceKlass sbt/internal/nio/SwovalConverters$RangeOps$
instanceKlass sbt/internal/nio/SwovalConverters$
instanceKlass com/swoval/functional/Either
instanceKlass sbt/internal/nio/SwovalConverters$SwovalEitherOps$
instanceKlass sbt/internal/nio/CheckBuildSources$$Lambda$5372
instanceKlass sbt/internal/nio/Observers$Handle
instanceKlass sbt/internal/nio/CheckBuildSources$$anonfun$sbt$internal$nio$CheckBuildSources$$reset$1
instanceKlass sbt/internal/SysProp$$$Lambda$5371
instanceKlass sbt/internal/LintUnused$$$Lambda$5370
instanceKlass sbt/internal/LintUnused$$$Lambda$5369
instanceKlass sbt/internal/LintUnused$$$Lambda$5368
instanceKlass sbt/internal/LintUnused$$$Lambda$5367
instanceKlass sbt/ScopedKeyData$$Lambda$5366
instanceKlass sbt/internal/LintUnused$$$Lambda$5365
instanceKlass sbt/Project$$$Lambda$5364
instanceKlass sbt/ScopedKeyData
instanceKlass sbt/internal/LintUnused$$$Lambda$5363
instanceKlass sbt/internal/LintUnused$$$Lambda$5362
instanceKlass sbt/internal/LintUnused$UnusedKey
instanceKlass sbt/internal/LintUnused$$$Lambda$5361
instanceKlass sbt/internal/LintUnused$$$Lambda$5360
instanceKlass sbt/internal/util/Init$$Lambda$5359
instanceKlass sbt/internal/util/Init$Flattened
instanceKlass sbt/internal/util/Init$$Lambda$5358
instanceKlass sbt/internal/util/Init$$Lambda$5357
instanceKlass sbt/internal/util/Init$$Lambda$5356
instanceKlass sbt/internal/util/Init$$Lambda$5355
instanceKlass sbt/Extracted$$Lambda$5354
instanceKlass sbt/internal/nio/FileTreeRepositoryImpl$$anon$1
instanceKlass sbt/internal/nio/Observers
instanceKlass com/swoval/files/FileTreeRepositoryImpl$1
instanceKlass com/swoval/files/FileTreeRepositoryImpl
instanceKlass com/swoval/files/FileCachePathWatcher
instanceKlass com/swoval/files/FileTreeRepositories$1
instanceKlass com/swoval/files/FileCacheDirectoryTree$1
instanceKlass com/swoval/files/DirectoryRegistries$2
instanceKlass com/swoval/files/DirectoryRegistries
instanceKlass com/swoval/files/FileCacheDirectoryTree$2
instanceKlass com/swoval/files/CacheObservers
instanceKlass com/swoval/files/FileCacheDirectoryTree
instanceKlass com/swoval/files/SymlinkWatcher$1
instanceKlass com/swoval/files/Executor$ExecutorImpl$1
instanceKlass com/swoval/concurrent/ThreadFactory
instanceKlass com/swoval/files/Executor$2
instanceKlass com/swoval/files/Executor$PriorityRunnable
instanceKlass com/swoval/files/Executor
instanceKlass com/swoval/files/NioPathWatcher$3
instanceKlass com/swoval/runtime/ShutdownHooks$Hook
instanceKlass com/swoval/runtime/ShutdownHooks
instanceKlass com/swoval/files/NioPathWatcherService$1
instanceKlass java/util/concurrent/CountDownLatch
instanceKlass com/swoval/files/NioPathWatcher$2
instanceKlass com/swoval/files/WatchedDirectory
instanceKlass com/swoval/files/NioPathWatcherService
instanceKlass com/swoval/files/Observers
instanceKlass com/swoval/files/CachedDirectory
instanceKlass com/swoval/files/DirectoryDataView
instanceKlass com/swoval/files/UpdatableFileTreeDataView
instanceKlass com/swoval/functional/Consumer
instanceKlass com/swoval/files/NioPathWatcher
instanceKlass sun/nio/fs/AbstractPoller$1
instanceKlass sun/nio/fs/AbstractPoller
instanceKlass java/nio/file/StandardWatchEventKinds$StdWatchEventKind
instanceKlass java/nio/file/WatchEvent$Kind
instanceKlass java/nio/file/StandardWatchEventKinds
instanceKlass sun/nio/fs/AbstractWatchKey$Event
instanceKlass java/nio/file/WatchEvent
instanceKlass sun/nio/fs/AbstractWatchKey
instanceKlass java/nio/file/WatchKey
instanceKlass java/util/concurrent/BlockingDeque
instanceKlass sun/nio/fs/AbstractWatchService
instanceKlass com/swoval/files/RegisterableWatchServices$RegisterableWatchServiceImpl
instanceKlass com/swoval/files/RegisterableWatchService
instanceKlass java/nio/file/WatchService
instanceKlass com/swoval/files/RegisterableWatchServices
instanceKlass com/swoval/files/PlatformWatcher
instanceKlass com/swoval/files/PathWatchers
instanceKlass com/swoval/files/Lockable
instanceKlass com/swoval/files/DirectoryRegistryImpl
instanceKlass com/swoval/files/SymlinkWatcher
instanceKlass com/swoval/logging/Loggers$LoggerImpl
instanceKlass com/swoval/logging/DefaultLogger
instanceKlass com/swoval/logging/Loggers$Level
instanceKlass com/swoval/logging/Logger
instanceKlass com/swoval/logging/Loggers
instanceKlass com/swoval/files/FileTreeRepository
instanceKlass com/swoval/files/FileTreeDataViews$ObservableCache
instanceKlass com/swoval/files/PathWatcher
instanceKlass com/swoval/files/FileTreeViews$Observable
instanceKlass com/swoval/files/FileTreeDataView
instanceKlass com/swoval/files/FileTreeViews$Observer
instanceKlass com/swoval/files/DirectoryRegistry
instanceKlass com/swoval/files/FileTreeRepositories
instanceKlass sbt/internal/nio/FileTreeRepositoryImpl$$Lambda$5353
instanceKlass com/swoval/files/FileTreeDataViews$CacheObserver
instanceKlass sbt/internal/nio/FileTreeRepositoryImpl
instanceKlass sbt/internal/nio/FileTreeRepository$
instanceKlass sbt/BuiltinCommands$$$Lambda$5352
instanceKlass sbt/internal/InMemoryCacheStore$CacheStoreFactoryFactoryImpl
instanceKlass sbt/BuiltinCommands$$$Lambda$5351
instanceKlass sbt/BuiltinCommands$$$Lambda$5350
instanceKlass sbt/internal/util/complete/SizeParser$KiloBytes$
instanceKlass sbt/internal/util/complete/SizeParser$Bytes$
instanceKlass sbt/internal/util/complete/SizeParser$MegaBytes$
instanceKlass sbt/internal/util/complete/SizeParser$$$Lambda$5349
instanceKlass sbt/internal/util/complete/SizeParser$$$Lambda$5348
instanceKlass sbt/internal/util/complete/SizeParser$$$Lambda$5347
instanceKlass sbt/internal/util/complete/SizeParser$$$Lambda$5346
instanceKlass sbt/internal/util/complete/SizeParser$SizeUnit
instanceKlass sbt/internal/util/complete/SizeParser$
instanceKlass sbt/BuiltinCommands$$$Lambda$5345
instanceKlass sbt/BuiltinCommands$$$Lambda$5344
instanceKlass sbt/internal/SessionSettings$$$Lambda$5343
instanceKlass sbt/internal/SessionSettings$$$Lambda$5342
instanceKlass sbt/internal/Load$$$Lambda$5341
instanceKlass sbt/internal/Load$$$Lambda$5340
instanceKlass sbt/internal/Load$$$Lambda$5339
instanceKlass sbt/internal/Load$$$Lambda$5338
instanceKlass sbt/internal/Load$$$Lambda$5337
instanceKlass org/jetbrains/sbt/extractors/UtilityTasks$$$Lambda$5336
instanceKlass org/jetbrains/sbt/package$$$Lambda$5335
instanceKlass org/jetbrains/sbt/package$$$Lambda$5334
instanceKlass org/jetbrains/sbt/package$$$Lambda$5333
instanceKlass org/jetbrains/sbt/extractors/UtilityTasks$$$Lambda$5332
instanceKlass org/jetbrains/sbt/extractors/UtilityTasks$$$Lambda$5331
instanceKlass org/jetbrains/sbt/extractors/SettingKeys$
instanceKlass org/jetbrains/sbt/extractors/UtilityTasksCompat$
instanceKlass org/jetbrains/sbt/extractors/UtilityTasks$$$Lambda$5330
instanceKlass org/jetbrains/sbt/extractors/UtilityTasks$$$Lambda$5329
instanceKlass org/jetbrains/sbt/extractors/UtilityTasks$$$Lambda$5325
instanceKlass org/jetbrains/sbt/extractors/UtilityTasks$$$Lambda$5328
instanceKlass org/jetbrains/sbt/extractors/UtilityTasks$$$Lambda$5324
instanceKlass org/jetbrains/sbt/extractors/UtilityTasks$$$Lambda$5320
instanceKlass org/jetbrains/sbt/StructurePlugin$$$Lambda$5327
instanceKlass org/jetbrains/sbt/extractors/UtilityTasks$$$Lambda$5319
instanceKlass org/jetbrains/sbt/extractors/UtilityTasks$$$Lambda$5321
instanceKlass org/jetbrains/sbt/extractors/UtilityTasks$$$Lambda$5322
instanceKlass org/jetbrains/sbt/extractors/UtilityTasks$$$Lambda$5326
instanceKlass org/jetbrains/sbt/extractors/UtilityTasks$$$Lambda$5323
instanceKlass scala/xml/PrettyPrinter
instanceKlass org/jetbrains/sbt/package$
instanceKlass org/jetbrains/sbt/package$BooleanOps$
instanceKlass org/jetbrains/sbt/extractors/UtilityTasks$$$Lambda$5318
instanceKlass org/jetbrains/sbt/extractors/UtilityTasks$$$Lambda$5314
instanceKlass org/jetbrains/sbt/extractors/UtilityTasks$$$Lambda$5317
instanceKlass org/jetbrains/sbt/extractors/UtilityTasks$$$Lambda$5316
instanceKlass org/jetbrains/sbt/extractors/UtilityTasks$$$Lambda$5315
instanceKlass org/jetbrains/sbt/pluginCommands$$$Lambda$5313
instanceKlass org/jetbrains/sbt/StructurePlugin$$$Lambda$5312
instanceKlass org/jetbrains/sbt/StructurePlugin$$$Lambda$5310
instanceKlass org/jetbrains/sbt/Options$Keys$
instanceKlass org/jetbrains/sbt/extractors/UtilityTasks$$$Lambda$5311
instanceKlass org/jetbrains/sbt/extractors/UtilityTasks$$$Lambda$5309
instanceKlass org/jetbrains/sbt/Options$$$Lambda$5308
instanceKlass org/jetbrains/sbt/Options$$$Lambda$5307
instanceKlass $774d749e449e64405032$
instanceKlass org/jetbrains/sbt/extractors/UtilityTasks$$$Lambda$5306
instanceKlass org/jetbrains/sbt/extractors/UtilityTasks$$$Lambda$5305
instanceKlass org/jetbrains/sbt/constants$
instanceKlass org/jetbrains/sbt/extractors/UtilityTasks$$$Lambda$5304
instanceKlass sbt/librarymanagement/DependencyBuilders$ModuleIDConfigurable
instanceKlass org/jetbrains/sbt/Options$
instanceKlass sbt/librarymanagement/DependencyBuilders$$Lambda$5303
instanceKlass org/jetbrains/sbt/extractors/UtilityTasks$$$Lambda$5302
instanceKlass org/jetbrains/sbt/extractors/UtilityTasks$$$Lambda$5301
instanceKlass org/jetbrains/sbt/pluginCommands$
instanceKlass $774d749e449e64405032$
instanceKlass org/jetbrains/sbt/extractors/UtilityTasks$$$Lambda$5300
instanceKlass org/jetbrains/sbt/StructurePlugin$$$Lambda$5299
instanceKlass org/jetbrains/sbt/StructurePlugin$$$Lambda$5298
instanceKlass org/jetbrains/sbt/StructurePlugin$$$Lambda$5297
instanceKlass $774d749e449e64405032$
instanceKlass $774d749e449e64405032$
instanceKlass org/jetbrains/sbt/StructurePlugin$$$Lambda$5296
instanceKlass $774d749e449e64405032$
instanceKlass org/jetbrains/sbt/IdeaShellPlugin$$$Lambda$5295
instanceKlass sbt/jetbrains/CoursierLoggerSettingsCompat$$Lambda$5294
instanceKlass sbt/jetbrains/Sbt1_3PlusUtils$$Lambda$5293
instanceKlass org/jetbrains/sbt/CreateTasks$$$Lambda$5292
instanceKlass org/jetbrains/sbt/extractors/UtilityTasks$$$Lambda$5291
instanceKlass org/jetbrains/sbt/CreateTasks$$$Lambda$5290
instanceKlass org/jetbrains/sbt/extractors/package$$$Lambda$5289
instanceKlass org/jetbrains/sbt/extractors/package$
instanceKlass org/jetbrains/sbt/CreateTasks$$$Lambda$5288
instanceKlass org/jetbrains/sbt/extractors/RepositoryExtractor$$$Lambda$5287
instanceKlass org/jetbrains/sbt/extractors/RepositoryExtractor$
instanceKlass org/jetbrains/sbt/CreateTasks$$$Lambda$5286
instanceKlass org/jetbrains/sbt/extractors/UtilityTasks$$$Lambda$5285
instanceKlass org/jetbrains/sbt/CreateTasks$$$Lambda$5284
instanceKlass org/jetbrains/sbt/extractors/UtilityTasks$$$Lambda$5283
instanceKlass org/jetbrains/sbt/CreateTasks$$$Lambda$5282
instanceKlass org/jetbrains/sbt/extractors/UtilityTasks$$$Lambda$5281
instanceKlass org/jetbrains/sbt/CreateTasks$$$Lambda$5280
instanceKlass org/jetbrains/sbt/extractors/UtilityTasks$$$Lambda$5279
instanceKlass org/jetbrains/sbt/CreateTasks$$$Lambda$5278
instanceKlass org/jetbrains/sbt/CreateTasks$$$Lambda$5277
instanceKlass org/jetbrains/sbt/CreateTasks$$$Lambda$5276
instanceKlass org/jetbrains/sbt/StructurePlugin$$$Lambda$5275
instanceKlass org/jetbrains/sbt/PluginOnlyTasksCompat$$$Lambda$5274
instanceKlass sbt/internal/util/complete/TypeString$
instanceKlass sbt/internal/util/complete/ProcessError$
instanceKlass jline/console/completer/CompletionHandler
instanceKlass jline/console/completer/Completer
instanceKlass sbt/internal/util/complete/JLineCompletion$
instanceKlass sbt/internal/util/complete/History$
instanceKlass sbt/internal/util/complete/EditDistance$
instanceKlass sbt/internal/util/complete/Completions$$anon$1
instanceKlass sbt/internal/util/complete/Completions$$$Lambda$5273
instanceKlass sbt/internal/util/complete/Completions
instanceKlass sbt/internal/util/complete/Completions$
instanceKlass sbt/internal/util/complete/Suggestion
instanceKlass sbt/internal/util/complete/Completion$
instanceKlass sbt/Import$complete$
instanceKlass org/jetbrains/sbt/PluginOnlyTasksCompat$
instanceKlass org/jetbrains/sbt/StructurePlugin$$$Lambda$5272
instanceKlass org/jetbrains/sbt/StructurePlugin$$$Lambda$5271
instanceKlass org/jetbrains/sbt/GenerateAllManagedSourcesPlugin$$$Lambda$5270
instanceKlass org/jetbrains/sbt/GenerateAllManagedSourcesPlugin$$$Lambda$5269
instanceKlass sbt/jetbrains/SeqOpsCompat$SeqOps
instanceKlass org/jetbrains/sbt/CreateTasks$$$Lambda$5268
instanceKlass org/jetbrains/sbt/CreateTasks$$$Lambda$5267
instanceKlass org/jetbrains/sbt/CreateTasks$$$Lambda$5266
instanceKlass org/jetbrains/sbt/CreateTasks$$$Lambda$5265
instanceKlass org/jetbrains/sbt/CreateTasks$$$Lambda$5264
instanceKlass org/jetbrains/sbt/extractors/KeysExtractor$$$Lambda$5263
instanceKlass org/jetbrains/sbt/extractors/KeysExtractor$$$Lambda$5262
instanceKlass org/jetbrains/sbt/extractors/KeysExtractor$$$Lambda$5261
instanceKlass org/jetbrains/sbt/extractors/KeysExtractor$$$Lambda$5260
instanceKlass org/jetbrains/sbt/extractors/KeysExtractor$
instanceKlass org/jetbrains/sbt/CreateTasks$$$Lambda$5259
instanceKlass org/jetbrains/sbt/extractors/ProjectExtractor$$$Lambda$5258
instanceKlass org/jetbrains/sbt/extractors/ProjectExtractor$
instanceKlass org/jetbrains/sbt/CreateTasks$$$Lambda$5257
instanceKlass org/jetbrains/sbt/extractors/DependenciesExtractor$$$Lambda$5256
instanceKlass org/jetbrains/sbt/extractors/DependenciesExtractor$ProjectType
instanceKlass org/jetbrains/sbt/extractors/DependenciesExtractor$
instanceKlass org/jetbrains/sbt/CreateTasks$$$Lambda$5255
instanceKlass org/jetbrains/sbt/extractors/BuildExtractor$$$Lambda$5254
instanceKlass org/jetbrains/sbt/extractors/BuildExtractor$
instanceKlass org/jetbrains/sbt/CreateTasks$$$Lambda$5253
instanceKlass org/jetbrains/sbt/extractors/Play2Extractor$$$Lambda$5252
instanceKlass org/jetbrains/sbt/extractors/Play2Extractor$
instanceKlass org/jetbrains/sbt/TaskOps
instanceKlass org/jetbrains/sbt/CreateTasks$$$Lambda$5251
instanceKlass org/jetbrains/sbt/extractors/UtilityTasks$$$Lambda$5250
instanceKlass org/jetbrains/sbt/CreateTasks$$$Lambda$5249
instanceKlass org/jetbrains/sbt/extractors/UtilityTasks$$$Lambda$5248
instanceKlass org/jetbrains/sbt/CreateTasks$$$Lambda$5247
instanceKlass org/jetbrains/sbt/extractors/UtilityTasks$$$Lambda$5246
instanceKlass sbt/internal/util/Init$Bind$$Lambda$5245
instanceKlass org/jetbrains/sbt/extractors/UtilityTasks$$$Lambda$5244
instanceKlass org/jetbrains/sbt/extractors/UtilityTasks$$$Lambda$5243
instanceKlass org/jetbrains/sbt/extractors/UtilityTasks$
instanceKlass org/jetbrains/sbt/CreateTasks$$$Lambda$5242
instanceKlass org/jetbrains/sbt/Options
instanceKlass org/jetbrains/sbt/structure/CommandData
instanceKlass org/jetbrains/sbt/structure/TaskData
instanceKlass org/jetbrains/sbt/structure/SettingData
instanceKlass org/jetbrains/sbt/structure/StructureData
instanceKlass org/jetbrains/sbt/structure/RepositoryData
instanceKlass org/jetbrains/sbt/structure/ProjectData
instanceKlass org/jetbrains/sbt/structure/DependencyData
instanceKlass org/jetbrains/sbt/structure/BuildData
instanceKlass org/jetbrains/sbt/structure/Play2Data
instanceKlass org/jetbrains/sbt/StructureKeys$
instanceKlass org/jetbrains/sbt/CreateTasks$
instanceKlass org/jetbrains/sbt/SbtStateOps
instanceKlass sbt/jetbrains/Sbt1_3PlusUtils$$Lambda$5241
instanceKlass sbt/jetbrains/PluginCompat$
instanceKlass sbt/jetbrains/CoursierLoggerSettingsCompat
instanceKlass sbt/jetbrains/Sbt1_3PlusUtils
instanceKlass sbt/jetbrains/PluginCompatCommonSbt1
instanceKlass sbt/jetbrains/ClassathOpsCompat
instanceKlass sbt/jetbrains/SeqOpsCompat
instanceKlass $de75d5f1bbb02cf807e4$$$Lambda$5240
instanceKlass $de75d5f1bbb02cf807e4$
instanceKlass $c4f86f4e01bc6137fc34$$$Lambda$5239
instanceKlass $c4f86f4e01bc6137fc34$
instanceKlass $04875d8a70a2742783ba$$$Lambda$5238
instanceKlass $04875d8a70a2742783ba$
instanceKlass $cbc5358ac8469ca37b12$$$Lambda$5237
instanceKlass $cbc5358ac8469ca37b12$
instanceKlass $8f838ff6d12e2e461db0$$$Lambda$5236
instanceKlass $8f838ff6d12e2e461db0$
instanceKlass $0b34d5936c28f065c89a$$$Lambda$5235
instanceKlass $0b34d5936c28f065c89a$
instanceKlass $2f0b2d5f31625214f1ae$$$Lambda$5234
instanceKlass $2f0b2d5f31625214f1ae$
instanceKlass $9cda068bbc40a51eac61$$$Lambda$5233
instanceKlass $9cda068bbc40a51eac61$
instanceKlass sbt/compiler/EvalDefinitions$$Lambda$5232
instanceKlass $774d749e449e64405032$
instanceKlass sbt/internal/util/appmacro/ContextUtil$$Lambda$5231
instanceKlass sbt/internal/util/appmacro/Instance$$$Lambda$5230
instanceKlass sbt/internal/util/appmacro/ContextUtil$$Lambda$5229
instanceKlass sbt/internal/util/appmacro/Convert$$Lambda$5228
instanceKlass sbt/internal/util/appmacro/ContextUtil$$Lambda$5227
instanceKlass sbt/internal/util/appmacro/ContextUtil$
instanceKlass sbt/internal/util/appmacro/Instance$$$Lambda$5226
instanceKlass sbt/internal/util/appmacro/Instance$Transform
instanceKlass sbt/internal/util/appmacro/LinterDSL$Empty$
instanceKlass sbt/internal/util/appmacro/MixedBuilder$
instanceKlass sbt/std/InitializeInstance$
instanceKlass sbt/internal/util/appmacro/MonadInstance
instanceKlass sbt/internal/util/appmacro/Instance$
instanceKlass sbt/std/SettingMacro$
instanceKlass sbt/internal/util/appmacro/ContextUtil
instanceKlass sbt/internal/util/appmacro/Converted
instanceKlass sbt/internal/util/appmacro/Instance
instanceKlass sbt/internal/util/appmacro/Convert
instanceKlass sbt/internal/util/appmacro/TupleBuilder
instanceKlass sbt/internal/util/appmacro/LinterDSL
instanceKlass sbt/std/TaskMacro$
instanceKlass sbt/internal/util/appmacro/ContextUtil$$Lambda$5225
instanceKlass sbt/internal/util/appmacro/Instance$$$Lambda$5224
instanceKlass sbt/internal/util/appmacro/ContextUtil$$Lambda$5223
instanceKlass sbt/internal/util/appmacro/Convert$$Lambda$5222
instanceKlass sbt/internal/util/appmacro/ContextUtil$$Lambda$5221
instanceKlass sbt/internal/util/appmacro/ContextUtil$
instanceKlass sbt/internal/util/appmacro/Instance$$$Lambda$5220
instanceKlass sbt/internal/util/appmacro/Instance$Transform
instanceKlass sbt/internal/util/appmacro/LinterDSL$Empty$
instanceKlass sbt/internal/util/appmacro/MixedBuilder$
instanceKlass sbt/std/InitializeInstance$
instanceKlass sbt/internal/util/appmacro/MonadInstance
instanceKlass sbt/internal/util/appmacro/Instance$
instanceKlass sbt/std/SettingMacro$
instanceKlass sbt/internal/util/appmacro/ContextUtil
instanceKlass sbt/internal/util/appmacro/Converted
instanceKlass sbt/internal/util/appmacro/Instance
instanceKlass sbt/internal/util/appmacro/Convert
instanceKlass sbt/internal/util/appmacro/TupleBuilder
instanceKlass sbt/internal/util/appmacro/LinterDSL
instanceKlass sbt/std/TaskMacro$
instanceKlass scala/tools/nsc/typechecker/Typers$Typer$$Lambda$5219
instanceKlass sbt/internal/util/appmacro/ContextUtil$$Lambda$5218
instanceKlass sbt/internal/util/appmacro/Instance$$$Lambda$5217
instanceKlass sbt/internal/util/appmacro/ContextUtil$$Lambda$5216
instanceKlass sbt/internal/util/appmacro/Convert$$Lambda$5215
instanceKlass sbt/internal/util/appmacro/ContextUtil$$Lambda$5214
instanceKlass sbt/internal/util/appmacro/ContextUtil$
instanceKlass sbt/internal/util/appmacro/Instance$$$Lambda$5213
instanceKlass sbt/internal/util/appmacro/Instance$Transform
instanceKlass sbt/internal/util/appmacro/LinterDSL$Empty$
instanceKlass sbt/internal/util/appmacro/MixedBuilder$
instanceKlass sbt/std/InitializeInstance$
instanceKlass sbt/internal/util/appmacro/MonadInstance
instanceKlass sbt/internal/util/appmacro/Instance$
instanceKlass sbt/std/SettingMacro$
instanceKlass sbt/internal/util/appmacro/ContextUtil
instanceKlass sbt/internal/util/appmacro/Converted
instanceKlass sbt/internal/util/appmacro/Instance
instanceKlass sbt/internal/util/appmacro/Convert
instanceKlass sbt/internal/util/appmacro/TupleBuilder
instanceKlass sbt/internal/util/appmacro/LinterDSL
instanceKlass sbt/std/TaskMacro$
instanceKlass sbt/io/IO$$$Lambda$5212
instanceKlass sbt/io/IO$$$Lambda$5211
instanceKlass sbt/io/IO$$$Lambda$5210
instanceKlass sbt/compiler/Eval$ValExtractor$$Lambda$5209
instanceKlass sbt/compiler/Eval$$anon$2$$Lambda$5208
instanceKlass scala/tools/nsc/backend/jvm/BCodeHelpers$BCAnnotGen$$Lambda$5207
instanceKlass scala/tools/nsc/backend/jvm/BCodeHelpers$BCAnnotGen$$Lambda$5206
instanceKlass scala/tools/nsc/transform/Constructors$TemplateTransformer$Triage$$Lambda$5205
instanceKlass scala/tools/nsc/transform/Constructors$ConstructorTransformer$$Lambda$5204
instanceKlass scala/reflect/internal/Variances$VarianceValidator$$Lambda$5203
instanceKlass scala/tools/nsc/typechecker/RefChecks$RefCheckTransformer$$Lambda$5202
instanceKlass scala/reflect/internal/Trees$$Lambda$5201
instanceKlass scala/reflect/internal/SymbolTable$SimpleNameOrdering$
instanceKlass scala/tools/nsc/typechecker/Typers$Typer$$Lambda$5200
instanceKlass scala/tools/nsc/typechecker/Typers$Typer$$Lambda$5199
instanceKlass scala/tools/nsc/typechecker/Typers$Typer$$Lambda$5198
instanceKlass scala/tools/nsc/typechecker/Typers$Typer$$Lambda$5197
instanceKlass scala/tools/nsc/CompilationUnits$CompilationUnit$synthetics$$$Lambda$5196
instanceKlass scala/tools/nsc/typechecker/Typers$Typer$$Lambda$5195
instanceKlass scala/tools/nsc/typechecker/MethodSynthesis$MethodSynth$Getter
instanceKlass scala/tools/nsc/typechecker/MethodSynthesis$MethodSynth$DerivedAccessor
instanceKlass sbt/compiler/Eval$$Lambda$5194
instanceKlass sbt/compiler/Eval$$anon$2$$Lambda$5193
instanceKlass sbt/compiler/Eval$$Lambda$5192
instanceKlass sbt/compiler/Eval$$Lambda$5191
instanceKlass sbt/compiler/Eval$$Lambda$5190
instanceKlass sbt/compiler/Eval$$anon$2
instanceKlass sbt/compiler/Eval$$Lambda$5189
instanceKlass sbt/internal/EvaluateConfigurations$$$Lambda$5188
instanceKlass sbt/internal/EvaluateConfigurations$$$Lambda$5187
instanceKlass scala/tools/nsc/ast/parser/Parsers$Parser$$Lambda$5186
instanceKlass scala/tools/nsc/ast/parser/Parsers$Parser$SeqContextSensitive$$Lambda$5185
instanceKlass scala/tools/nsc/ast/parser/Parsers$Parser$SeqContextSensitive$$Lambda$5184
instanceKlass scala/tools/nsc/ast/parser/Parsers$Parser$noSeq$
instanceKlass scala/tools/nsc/ast/parser/Parsers$Parser$SeqContextSensitive
instanceKlass scala/tools/nsc/ast/parser/Parsers$Parser$$anonfun$templateStat$1$$Lambda$5183
instanceKlass org/jetbrains/sbt/IdeaShellPlugin$autoImport$
instanceKlass org/jetbrains/sbt/GenerateAllManagedSourcesPlugin$autoImport$
instanceKlass io/gatling/sbt/GatlingKeys$
instanceKlass java/time/format/DateTimeFormatterBuilder$3
instanceKlass java/time/LocalDate$1
instanceKlass lmcoursier/internal/shaded/coursier/ivy/IvyRepository$$Lambda$5182
instanceKlass lmcoursier/internal/shaded/coursier/ivy/IvyRepository$$Lambda$5181
instanceKlass lmcoursier/internal/shaded/coursier/ivy/IvyRepository$$Lambda$5180
instanceKlass lmcoursier/internal/shaded/coursier/ivy/IvyRepository$$Lambda$5179
instanceKlass lmcoursier/internal/shaded/coursier/ivy/IvyRepository$$Lambda$5178
instanceKlass lmcoursier/internal/shaded/coursier/ivy/IvyRepository$$Lambda$5177
instanceKlass lmcoursier/internal/shaded/coursier/ivy/IvyRepository$$Lambda$5176
instanceKlass lmcoursier/internal/shaded/coursier/ivy/IvyRepository$$Lambda$5175
instanceKlass lmcoursier/internal/shaded/coursier/ivy/IvyRepository$$Lambda$5174
instanceKlass lmcoursier/internal/shaded/coursier/ivy/IvyRepository$$Lambda$5173
instanceKlass lmcoursier/internal/shaded/coursier/ivy/IvyXml$$$Lambda$5172
instanceKlass lmcoursier/internal/shaded/coursier/ivy/IvyXml$$$Lambda$5171
instanceKlass lmcoursier/internal/shaded/coursier/ivy/IvyXml$$$Lambda$5170
instanceKlass lmcoursier/internal/shaded/coursier/ivy/IvyXml$$$Lambda$5169
instanceKlass lmcoursier/internal/shaded/coursier/ivy/IvyXml$$$Lambda$5168
instanceKlass lmcoursier/internal/shaded/coursier/ivy/IvyXml$$$Lambda$5167
instanceKlass lmcoursier/internal/shaded/coursier/core/Versions$DateTime$
instanceKlass lmcoursier/internal/shaded/coursier/util/Xml$$$Lambda$5166
instanceKlass lmcoursier/internal/shaded/coursier/util/Xml$
instanceKlass lmcoursier/internal/shaded/coursier/ivy/IvyXml$$$Lambda$5165
instanceKlass lmcoursier/internal/shaded/coursier/ivy/IvyXml$$$Lambda$5164
instanceKlass lmcoursier/internal/shaded/coursier/ivy/IvyXml$$$Lambda$5163
instanceKlass lmcoursier/internal/shaded/coursier/ivy/IvyXml$$$Lambda$5162
instanceKlass lmcoursier/internal/shaded/coursier/ivy/IvyXml$$$Lambda$5161
instanceKlass lmcoursier/internal/shaded/coursier/ivy/IvyXml$$$Lambda$5160
instanceKlass scala/xml/Elem$$Lambda$5159
instanceKlass lmcoursier/internal/shaded/coursier/ivy/IvyXml$$$Lambda$5158
instanceKlass lmcoursier/internal/shaded/coursier/ivy/IvyXml$$$Lambda$5157
instanceKlass lmcoursier/internal/shaded/coursier/ivy/IvyXml$$$Lambda$5156
instanceKlass lmcoursier/internal/shaded/coursier/ivy/IvyXml$$$Lambda$5155
instanceKlass lmcoursier/internal/shaded/coursier/ivy/IvyXml$$$Lambda$5154
instanceKlass lmcoursier/internal/shaded/coursier/ivy/IvyXml$$$Lambda$5153
instanceKlass lmcoursier/internal/shaded/coursier/ivy/IvyXml$$$Lambda$5152
instanceKlass lmcoursier/internal/shaded/coursier/ivy/IvyXml$$$Lambda$5151
instanceKlass lmcoursier/internal/shaded/coursier/ivy/IvyXml$$$Lambda$5150
instanceKlass lmcoursier/internal/shaded/coursier/ivy/IvyXml$$$Lambda$5149
instanceKlass lmcoursier/internal/shaded/coursier/ivy/IvyXml$$$Lambda$5148
instanceKlass lmcoursier/internal/shaded/coursier/ivy/IvyXml$$$Lambda$5147
instanceKlass lmcoursier/internal/shaded/coursier/ivy/IvyXml$$$Lambda$5146
instanceKlass lmcoursier/internal/shaded/coursier/ivy/IvyXml$$$Lambda$5145
instanceKlass lmcoursier/internal/shaded/coursier/ivy/IvyXml$$$Lambda$5144
instanceKlass lmcoursier/internal/shaded/coursier/ivy/IvyXml$$$Lambda$5143
instanceKlass lmcoursier/internal/shaded/coursier/ivy/IvyXml$$$Lambda$5142
instanceKlass lmcoursier/internal/shaded/coursier/ivy/IvyXml$$$Lambda$5141
instanceKlass lmcoursier/internal/shaded/coursier/ivy/IvyXml$$$Lambda$5140
instanceKlass lmcoursier/internal/shaded/coursier/ivy/IvyXml$$$Lambda$5139
instanceKlass lmcoursier/internal/shaded/coursier/ivy/IvyXml$$$Lambda$5138
instanceKlass lmcoursier/internal/shaded/coursier/ivy/IvyXml$$$Lambda$5137
instanceKlass lmcoursier/internal/shaded/coursier/ivy/IvyXml$$$Lambda$5136
instanceKlass lmcoursier/internal/shaded/coursier/ivy/IvyXml$$$Lambda$5135
instanceKlass lmcoursier/internal/shaded/coursier/ivy/IvyXml$$$Lambda$5134
instanceKlass lmcoursier/internal/shaded/coursier/ivy/IvyXml$$$Lambda$5133
instanceKlass lmcoursier/internal/shaded/coursier/ivy/IvyXml$$$Lambda$5132
instanceKlass lmcoursier/internal/shaded/coursier/ivy/IvyXml$$$Lambda$5131
instanceKlass lmcoursier/internal/shaded/coursier/ivy/IvyXml$$$Lambda$5130
instanceKlass lmcoursier/internal/shaded/coursier/ivy/IvyXml$$$Lambda$5129
instanceKlass lmcoursier/internal/shaded/coursier/ivy/IvyXml$$$Lambda$5128
instanceKlass lmcoursier/internal/shaded/coursier/ivy/IvyXml$$$Lambda$5127
instanceKlass lmcoursier/internal/shaded/coursier/ivy/IvyXml$$$Lambda$5126
instanceKlass lmcoursier/internal/shaded/coursier/ivy/IvyXml$$$Lambda$5125
instanceKlass lmcoursier/internal/shaded/coursier/ivy/IvyXml$$$Lambda$5124
instanceKlass lmcoursier/internal/shaded/coursier/ivy/IvyXml$$$Lambda$5123
instanceKlass lmcoursier/internal/shaded/coursier/ivy/IvyXml$$$Lambda$5122
instanceKlass lmcoursier/internal/shaded/coursier/ivy/IvyXml$$$Lambda$5121
instanceKlass lmcoursier/internal/shaded/coursier/ivy/IvyXml$$$Lambda$5120
instanceKlass lmcoursier/internal/shaded/coursier/ivy/IvyXml$$$Lambda$5119
instanceKlass java/lang/invoke/LambdaForm$MH
instanceKlass java/lang/invoke/LambdaForm$DMH
instanceKlass java/lang/invoke/LambdaForm$DMH
instanceKlass lmcoursier/internal/shaded/coursier/ivy/IvyXml$$$Lambda$5118
instanceKlass java/lang/invoke/LambdaForm$DMH
instanceKlass lmcoursier/internal/shaded/coursier/ivy/IvyXml$$$Lambda$5117
instanceKlass java/lang/invoke/LambdaForm$MH
instanceKlass java/lang/invoke/LambdaForm$DMH
instanceKlass java/lang/invoke/LambdaForm$DMH
instanceKlass lmcoursier/internal/shaded/coursier/ivy/IvyXml$$$Lambda$5116
instanceKlass java/lang/invoke/LambdaForm$DMH
instanceKlass lmcoursier/internal/shaded/coursier/ivy/IvyXml$$$Lambda$5115
instanceKlass lmcoursier/internal/shaded/coursier/ivy/IvyXml$$$Lambda$5114
instanceKlass lmcoursier/internal/shaded/coursier/ivy/IvyXml$$$Lambda$5113
instanceKlass lmcoursier/internal/shaded/coursier/ivy/IvyXml$$$Lambda$5112
instanceKlass lmcoursier/internal/shaded/coursier/ivy/IvyXml$$$Lambda$5111
instanceKlass lmcoursier/internal/shaded/coursier/ivy/IvyXml$$$Lambda$5110
instanceKlass lmcoursier/internal/shaded/coursier/ivy/IvyXml$$$Lambda$5109
instanceKlass lmcoursier/internal/shaded/coursier/ivy/IvyXml$$$Lambda$5108
instanceKlass lmcoursier/internal/shaded/coursier/ivy/IvyXml$$$Lambda$5107
instanceKlass lmcoursier/internal/shaded/coursier/ivy/IvyXml$$$Lambda$5106
instanceKlass lmcoursier/internal/shaded/coursier/ivy/IvyXml$$$Lambda$5105
instanceKlass lmcoursier/internal/shaded/coursier/ivy/IvyXml$$$Lambda$5104
instanceKlass lmcoursier/internal/shaded/coursier/ivy/IvyXml$$$Lambda$5103
instanceKlass lmcoursier/internal/shaded/coursier/ivy/IvyXml$$$Lambda$5102
instanceKlass lmcoursier/internal/shaded/coursier/ivy/IvyXml$$$Lambda$5101
instanceKlass lmcoursier/internal/shaded/coursier/ivy/IvyXml$$$Lambda$5100
instanceKlass lmcoursier/internal/shaded/coursier/ivy/IvyXml$$$Lambda$5099
instanceKlass lmcoursier/internal/shaded/coursier/ivy/IvyXml$$$Lambda$5098
instanceKlass lmcoursier/internal/shaded/coursier/ivy/IvyXml$$$Lambda$5097
instanceKlass lmcoursier/internal/shaded/coursier/ivy/IvyXml$$$Lambda$5096
instanceKlass lmcoursier/internal/shaded/coursier/ivy/IvyXml$$$Lambda$5095
instanceKlass lmcoursier/internal/shaded/coursier/ivy/IvyXml$$$Lambda$5094
instanceKlass lmcoursier/internal/shaded/coursier/ivy/IvyXml$$$Lambda$5093
instanceKlass lmcoursier/internal/shaded/coursier/ivy/IvyXml$$$Lambda$5092
instanceKlass lmcoursier/internal/shaded/coursier/ivy/IvyXml$$$Lambda$5091
instanceKlass lmcoursier/internal/shaded/coursier/ivy/IvyXml$$$Lambda$5090
instanceKlass lmcoursier/internal/shaded/coursier/ivy/IvyXml$$$Lambda$5089
instanceKlass lmcoursier/internal/shaded/coursier/ivy/IvyXml$$$Lambda$5088
instanceKlass lmcoursier/internal/shaded/coursier/ivy/IvyXml$$$Lambda$5087
instanceKlass lmcoursier/internal/shaded/coursier/ivy/IvyXml$$$Lambda$5086
instanceKlass lmcoursier/internal/shaded/coursier/ivy/IvyXml$$$Lambda$5085
instanceKlass lmcoursier/internal/shaded/coursier/ivy/IvyXml$$$Lambda$5084
instanceKlass lmcoursier/internal/shaded/coursier/ivy/IvyXml$$$Lambda$5083
instanceKlass lmcoursier/internal/shaded/coursier/ivy/IvyXml$$$Lambda$5082
instanceKlass lmcoursier/internal/shaded/coursier/util/Xml$Node$$Lambda$5081
instanceKlass lmcoursier/internal/shaded/coursier/core/compatibility/package$$anon$1$$Lambda$5080
instanceKlass lmcoursier/internal/shaded/coursier/core/compatibility/package$$anon$1$$Lambda$5079
instanceKlass lmcoursier/internal/shaded/coursier/core/compatibility/package$$anon$1$$Lambda$5078
instanceKlass lmcoursier/internal/shaded/coursier/ivy/IvyXml$$$Lambda$5077
instanceKlass lmcoursier/internal/shaded/coursier/ivy/IvyXml$$$Lambda$5076
instanceKlass lmcoursier/internal/shaded/coursier/ivy/IvyXml$$$Lambda$5075
instanceKlass lmcoursier/internal/shaded/coursier/core/compatibility/package$$anon$1$$Lambda$5074
instanceKlass lmcoursier/internal/shaded/coursier/ivy/IvyRepository$$Lambda$5073
instanceKlass lmcoursier/internal/shaded/coursier/ivy/IvyRepository$$Lambda$5072
instanceKlass lmcoursier/internal/shaded/coursier/core/compatibility/package$$anon$1
instanceKlass lmcoursier/internal/shaded/coursier/core/compatibility/package$$$Lambda$5071
instanceKlass scala/xml/parsing/FactoryAdapter$$Lambda$5070
instanceKlass scala/xml/parsing/FactoryAdapter$$Lambda$5069
instanceKlass scala/xml/parsing/FactoryAdapter$$Lambda$5068
instanceKlass scala/xml/parsing/FactoryAdapter$$Lambda$5067
instanceKlass scala/xml/Attribute$
instanceKlass scala/xml/parsing/FactoryAdapter$$Lambda$5066
instanceKlass java/lang/invoke/LambdaForm$DMH
instanceKlass com/sun/org/apache/xerces/internal/util/EntityResolver2Wrapper
instanceKlass scala/xml/Source$
instanceKlass scala/xml/factory/NodeFactory
instanceKlass org/xml/sax/ext/DeclHandler
instanceKlass org/xml/sax/ext/LexicalHandler
instanceKlass scala/xml/XML$
instanceKlass scala/xml/factory/XMLLoader
instanceKlass lmcoursier/internal/shaded/coursier/ivy/IvyRepository$$Lambda$5064
instanceKlass lmcoursier/internal/shaded/coursier/ivy/IvyRepository$$Lambda$5063
instanceKlass lmcoursier/internal/shaded/coursier/ivy/IvyRepository$$Lambda$5065
instanceKlass lmcoursier/internal/shaded/coursier/cache/internal/Downloader$$Lambda$5062
instanceKlass lmcoursier/internal/shaded/coursier/cache/internal/Downloader$$Lambda$5061
instanceKlass lmcoursier/internal/shaded/coursier/cache/internal/Downloader$$Lambda$5060
instanceKlass lmcoursier/internal/shaded/coursier/cache/internal/Downloader$$Lambda$5058
instanceKlass lmcoursier/internal/shaded/coursier/cache/internal/Downloader$$Lambda$5059
instanceKlass lmcoursier/internal/shaded/coursier/cache/internal/Downloader$$Lambda$5057
instanceKlass lmcoursier/internal/shaded/coursier/cache/ArtifactError$NotFound$
instanceKlass sun/util/calendar/Era
instanceKlass java/time/LocalTime$1
instanceKlass java/time/ZonedDateTime$1
instanceKlass java/time/format/Parsed
instanceKlass java/time/format/DateTimeParseContext
instanceKlass java/text/ParsePosition
instanceKlass java/time/ZonedDateTime$$Lambda$5056
instanceKlass $3f5ffcdf119586f135b4$
instanceKlass scala/reflect/internal/tpe/TypeMaps$adaptToNewRunMap$$$Lambda$5055
instanceKlass scala/reflect/internal/tpe/TypeMaps$adaptToNewRunMap$$$Lambda$5054
instanceKlass sbt/BuildExtra$$Lambda$5053
instanceKlass $d0bfae71c350a5804900$$$Lambda$5052
instanceKlass $d0bfae71c350a5804900$
instanceKlass sbt/internal/bsp/codec/PublishDiagnosticsParamsFormats$$anon$1
instanceKlass sbt/internal/bsp/PublishDiagnosticsParams
instanceKlass sbt/internal/bsp/TextDocumentIdentifier
instanceKlass sbt/internal/bsp/TextDocumentIdentifier$
instanceKlass sbt/internal/bsp/PublishDiagnosticsParams$
instanceKlass sbt/internal/server/BuildServerEvalReporter$$Lambda$5051
instanceKlass scala/tools/asm/Edge
instanceKlass scala/tools/nsc/backend/jvm/BTypesFromSymbols$$Lambda$5050
instanceKlass scala/tools/nsc/backend/jvm/CoreBTypesFromSymbols$$Lambda$5049
instanceKlass scala/runtime/LambdaDeserialize
instanceKlass scala/tools/nsc/backend/jvm/CoreBTypesFromSymbols$$Lambda$5048
instanceKlass scala/tools/nsc/backend/jvm/CoreBTypesFromSymbols$$Lambda$5047
instanceKlass scala/tools/nsc/backend/jvm/analysis/BackendUtils$$Lambda$5046
instanceKlass scala/tools/nsc/backend/jvm/analysis/BackendUtils$$Lambda$5045
instanceKlass java/lang/invoke/LambdaForm$MH
instanceKlass java/lang/invoke/LambdaForm$DMH
instanceKlass scala/tools/nsc/backend/jvm/analysis/BackendUtils$$Lambda$5044
instanceKlass scala/tools/nsc/backend/jvm/analysis/BackendUtils$$Lambda$5043
instanceKlass scala/collection/IterableLike$$Lambda$5042
instanceKlass java/lang/invoke/SerializedLambda
instanceKlass scala/tools/nsc/backend/jvm/CoreBTypesFromSymbols$$Lambda$5041
instanceKlass scala/tools/nsc/backend/jvm/analysis/BackendUtils$$Lambda$5040
instanceKlass scala/tools/nsc/backend/jvm/analysis/BackendUtils$$Lambda$5039
instanceKlass scala/tools/nsc/backend/jvm/CoreBTypesFromSymbols$$Lambda$5038
instanceKlass scala/tools/nsc/backend/jvm/CoreBTypesFromSymbols$$Lambda$5037
instanceKlass scala/tools/nsc/backend/jvm/CoreBTypesFromSymbols$$Lambda$5036
instanceKlass scala/tools/nsc/backend/jvm/CoreBTypesFromSymbols$$Lambda$5035
instanceKlass scala/tools/nsc/backend/jvm/CoreBTypesFromSymbols$$Lambda$5034
instanceKlass scala/tools/nsc/backend/jvm/CoreBTypesFromSymbols$$Lambda$5033
instanceKlass scala/tools/nsc/backend/jvm/CoreBTypesFromSymbols$$Lambda$5032
instanceKlass scala/tools/nsc/backend/jvm/BCodeBodyBuilder$$Lambda$5031
instanceKlass scala/tools/nsc/backend/jvm/BCodeBodyBuilder$PlainBodyBuilder$$Lambda$5030
instanceKlass scala/tools/nsc/backend/jvm/BCodeBodyBuilder$PlainBodyBuilder$$Lambda$5029
instanceKlass scala/tools/nsc/backend/jvm/BCodeBodyBuilder$PlainBodyBuilder$$Lambda$5028
instanceKlass scala/tools/asm/Handle
instanceKlass scala/reflect/internal/StdAttachments$OuterArgCanBeElided$
instanceKlass scala/tools/nsc/transform/Delambdafy$DelambdafyTransformer$$Lambda$5027
instanceKlass scala/tools/nsc/transform/Delambdafy$DelambdafyTransformer$$Lambda$5026
instanceKlass scala/tools/nsc/transform/Delambdafy$DelambdafyTransformer$$Lambda$5025
instanceKlass scala/tools/nsc/transform/Delambdafy$DelambdafyTransformer$$Lambda$5024
instanceKlass scala/tools/nsc/transform/Delambdafy$FreeVarTraverser$
instanceKlass scala/tools/nsc/transform/SpecializeTypes$$Lambda$5023
instanceKlass scala/tools/nsc/transform/Delambdafy$DelambdafyTransformer$$Lambda$5022
instanceKlass scala/tools/nsc/transform/Delambdafy$DelambdafyTransformer$$Lambda$5021
instanceKlass scala/tools/nsc/transform/Delambdafy$DelambdafyTransformer$$Lambda$5020
instanceKlass scala/tools/nsc/transform/Delambdafy$ThisReferringMethodsTraverser$$Lambda$5019
instanceKlass scala/tools/nsc/transform/Delambdafy$ThisReferringMethodsTraverser$$Lambda$5018
instanceKlass scala/reflect/internal/util/FreshNameCreator$$Lambda$5017
instanceKlass scala/tools/nsc/ast/TreeInfo$TypeApplyOp$$$Lambda$5016
instanceKlass scala/reflect/internal/TreeGen$$Lambda$5015
instanceKlass scala/reflect/internal/transform/Erasure$ErasureMap$$Lambda$5014
instanceKlass scala/reflect/internal/transform/Erasure$GenericArray$
instanceKlass scala/tools/nsc/transform/Erasure$ErasureTransformer$$anon$4$$Lambda$5013
instanceKlass scala/reflect/internal/StdAttachments$DelambdafyTarget$
instanceKlass scala/tools/nsc/ast/TreeGen$$Lambda$5012
instanceKlass scala/tools/nsc/ast/TreeGen$$Lambda$5011
instanceKlass scala/tools/nsc/transform/UnCurry$UnCurryTransformer$$Lambda$5010
instanceKlass scala/tools/nsc/transform/UnCurry$UnCurryTransformer$$Lambda$5009
instanceKlass scala/reflect/internal/Symbols$$Lambda$5008
instanceKlass scala/reflect/internal/Trees$$Lambda$5007
instanceKlass scala/reflect/internal/Trees$$Lambda$5006
instanceKlass scala/reflect/internal/Trees$ThisSubstituter$$Lambda$5005
instanceKlass scala/tools/nsc/ast/TreeGen$$Lambda$5004
instanceKlass scala/tools/nsc/ast/TreeGen$$Lambda$5003
instanceKlass scala/tools/nsc/ast/TreeGen$$Lambda$5002
instanceKlass scala/tools/nsc/ast/TreeGen$$Lambda$5001
instanceKlass scala/tools/nsc/ast/TreeGen$$Lambda$5000
instanceKlass scala/reflect/internal/StdAttachments$SAMFunction
instanceKlass scala/reflect/internal/ExistentialsAndSkolems$$Lambda$4999
instanceKlass scala/reflect/internal/ExistentialsAndSkolems$$Lambda$4998
instanceKlass scala/reflect/internal/ExistentialsAndSkolems$$Lambda$4997
instanceKlass scala/reflect/internal/ExistentialsAndSkolems$$Lambda$4996
instanceKlass scala/reflect/internal/ExistentialsAndSkolems$$Lambda$4995
instanceKlass scala/tools/nsc/typechecker/RefChecks$RefCheckTransformer$$Lambda$4994
instanceKlass scala/tools/nsc/typechecker/RefChecks$RefCheckTransformer$$Lambda$4993
instanceKlass scala/tools/nsc/typechecker/RefChecks$RefCheckTransformer$$Lambda$4992
instanceKlass scala/tools/nsc/typechecker/RefChecks$RefCheckTransformer$$Lambda$4991
instanceKlass scala/tools/nsc/typechecker/RefChecks$RefCheckTransformer$$Lambda$4990
instanceKlass scala/StringContext$
instanceKlass scala/tools/nsc/typechecker/RefChecks$RefCheckTransformer$$Lambda$4989
instanceKlass scala/tools/nsc/Reporting$PerRunReporting$$Lambda$4988
instanceKlass scala/reflect/internal/tpe/TypeConstraints$$Lambda$4987
instanceKlass scala/reflect/internal/AnnotationInfos$AnnotationInfo$$Lambda$4986
instanceKlass scala/reflect/internal/tpe/GlbLubs$$Lambda$4985
instanceKlass scala/reflect/internal/Types$$Lambda$4984
instanceKlass scala/reflect/internal/Types$$Lambda$4983
instanceKlass scala/reflect/internal/Types$$Lambda$4982
instanceKlass scala/reflect/internal/Types$$Lambda$4981
instanceKlass scala/tools/nsc/typechecker/Infer$Inferencer$$Lambda$4980
instanceKlass scala/reflect/macros/Attachments$$anon$1$$Lambda$4979
instanceKlass scala/reflect/macros/Attachments$
instanceKlass scala/tools/nsc/Reporting$PerRunReporting$$Lambda$4978
instanceKlass scala/tools/nsc/Reporting$MessageFilter$Category
instanceKlass scala/tools/nsc/Reporting$MessageFilter
instanceKlass scala/tools/nsc/Reporting$WConf$
instanceKlass scala/tools/nsc/typechecker/Typers$Typer$$Lambda$4977
instanceKlass scala/tools/nsc/Reporting$PerRunReporting$$Lambda$4976
instanceKlass scala/tools/nsc/Reporting$Suppression
instanceKlass scala/tools/nsc/Reporting$PerRunReporting$$Lambda$4975
instanceKlass scala/tools/nsc/typechecker/Typers$Typer$$Lambda$4974
instanceKlass scala/tools/nsc/typechecker/Typers$Typer$$Lambda$4973
instanceKlass scala/tools/nsc/typechecker/Typers$Typer$$Lambda$4972
instanceKlass java/lang/invoke/LambdaForm$MH
instanceKlass java/lang/invoke/LambdaForm$DMH
instanceKlass java/lang/invoke/LambdaForm$DMH
instanceKlass scala/tools/nsc/typechecker/Typers$Typer$$Lambda$4971
instanceKlass java/lang/invoke/LambdaForm$DMH
instanceKlass scala/tools/nsc/typechecker/Typers$Typer$$Lambda$4970
instanceKlass scala/tools/nsc/typechecker/Typers$Typer$$Lambda$4969
instanceKlass scala/tools/nsc/typechecker/Typers$Typer$$Lambda$4968
instanceKlass scala/tools/nsc/typechecker/Typers$Typer$$Lambda$4967
instanceKlass scala/tools/nsc/typechecker/Typers$Typer$$Lambda$4966
instanceKlass scala/tools/nsc/typechecker/Typers$Typer$$Lambda$4965
instanceKlass scala/tools/nsc/typechecker/Typers$Typer$$Lambda$4964
instanceKlass scala/reflect/internal/Types$$Lambda$4963
instanceKlass scala/reflect/internal/Kinds$Kind$
instanceKlass scala/reflect/internal/Trees$MethodValue$
instanceKlass scala/tools/nsc/typechecker/Macros$MacroExpander$$Lambda$4962
instanceKlass scala/reflect/internal/Trees$$Lambda$4961
instanceKlass scala/tools/nsc/typechecker/Macros$$Lambda$4960
instanceKlass scala/tools/nsc/typechecker/Macros$$Lambda$4959
instanceKlass scala/reflect/internal/Trees$$Lambda$4958
instanceKlass scala/reflect/internal/Trees$TreeContextApiImpl$$Lambda$4957
instanceKlass java/lang/invoke/LambdaForm$MH
instanceKlass java/lang/invoke/LambdaForm$DMH
instanceKlass scala/reflect/internal/Trees$TreeContextApiImpl$$Lambda$4956
instanceKlass scala/reflect/macros/contexts/Internals$$anon$1
instanceKlass scala/reflect/internal/ReificationSupport$ReificationSupportImpl$SyntacticApplied$$$Lambda$4955
instanceKlass scala/reflect/internal/ReificationSupport$ReificationSupportImpl$SyntacticTermIdent$
instanceKlass scala/reflect/internal/ReificationSupport$ReificationSupportImpl$SyntacticSelectTerm$
instanceKlass scala/reflect/internal/ReificationSupport$ReificationSupportImpl$SyntacticSelectType$
instanceKlass scala/reflect/internal/ReificationSupport$ReificationSupportImpl$SyntacticApplied$
instanceKlass scala/reflect/internal/ReificationSupport$ReificationSupportImpl$SyntacticNew$
instanceKlass scala/reflect/internal/ReificationSupport$ReificationSupportImpl$SyntacticAnnotatedType$
instanceKlass sbt/internal/util/appmacro/ContextUtil$$Lambda$4954
instanceKlass sbt/internal/util/appmacro/Instance$$$Lambda$4953
instanceKlass sbt/internal/util/appmacro/ContextUtil$$Lambda$4952
instanceKlass scala/reflect/internal/Types$TypeApiImpl$$Lambda$4951
instanceKlass scala/reflect/internal/Types$TypeRef$$Lambda$4950
instanceKlass sbt/internal/util/appmacro/Convert$$Lambda$4949
instanceKlass scala/reflect/api/Internals$InternalApi$DecoratorApi$SymbolDecoratorApi
instanceKlass scala/reflect/api/Internals$InternalApi$DecoratorApi$TreeDecoratorApi
instanceKlass scala/reflect/internal/Internals$SymbolTableInternal$$anon$3
instanceKlass sbt/internal/util/appmacro/ContextUtil$$Lambda$4948
instanceKlass scala/reflect/internal/Mirrors$RootsBase$$Lambda$4947
instanceKlass sbt/internal/util/appmacro/ContextUtil$
instanceKlass sbt/internal/util/appmacro/Instance$$$Lambda$4946
instanceKlass sbt/internal/util/appmacro/Instance$Transform
instanceKlass sbt/internal/util/appmacro/LinterDSL$Empty$
instanceKlass sbt/internal/util/appmacro/MixedBuilder$
instanceKlass sbt/std/InitializeInstance$
instanceKlass sbt/internal/util/appmacro/MonadInstance
instanceKlass sbt/internal/util/appmacro/Instance$
instanceKlass sbt/std/SettingMacro$
instanceKlass scala/reflect/internal/Mirrors$RootsBase$$Lambda$4945
instanceKlass scala/reflect/internal/Mirrors$RootsBase$$Lambda$4944
instanceKlass scala/reflect/internal/ReificationSupport$ReificationSupportImpl$FlagsRepr$
instanceKlass scala/reflect/internal/Mirrors$RootsBase$$Lambda$4943
instanceKlass scala/reflect/internal/Mirrors$RootsBase$$Lambda$4942
instanceKlass scala/reflect/macros/Universe$MacroInternalApi$MacroDecoratorApi
instanceKlass scala/reflect/api/Internals$InternalApi$DecoratorApi
instanceKlass scala/tools/nsc/Global$$anon$2
instanceKlass scala/reflect/internal/Internals$SymbolTableInternal
instanceKlass scala/reflect/api/JavaUniverse$JavaMirror
instanceKlass scala/reflect/api/Mirrors$RuntimeMirror
instanceKlass scala/reflect/api/Mirrors$ReflectiveMirror
instanceKlass scala/tools/nsc/typechecker/Macros$$Lambda$4941
instanceKlass scala/tools/nsc/typechecker/Macros$$Lambda$4940
instanceKlass scala/tools/nsc/typechecker/Macros$$Lambda$4939
instanceKlass scala/reflect/api/Exprs$ExprImpl
instanceKlass scala/reflect/api/TypeTags$TypeTag$$$Lambda$4938
instanceKlass scala/reflect/api/TypeTags$TypeTag$$$Lambda$4937
instanceKlass scala/reflect/api/TypeTags$TypeTag$$$Lambda$4936
instanceKlass scala/reflect/api/TypeTags$TypeTag$$$Lambda$4935
instanceKlass scala/reflect/api/TypeTags$TypeTag$$$Lambda$4934
instanceKlass scala/reflect/api/TypeTags$TypeTag$$$Lambda$4933
instanceKlass scala/reflect/api/TypeTags$TypeTag$$$Lambda$4932
instanceKlass scala/reflect/api/TypeTags$TypeTag$$$Lambda$4931
instanceKlass scala/reflect/api/TypeTags$TypeTag$$$Lambda$4930
instanceKlass scala/reflect/api/TypeTags$TypeTag$$$Lambda$4929
instanceKlass scala/reflect/api/TypeTags$TypeTag$$$Lambda$4928
instanceKlass scala/reflect/api/TypeTags$TypeTag$$$Lambda$4927
instanceKlass scala/reflect/api/TypeTags$TypeTag$$$Lambda$4926
instanceKlass scala/reflect/api/TypeTags$TypeTag$$$Lambda$4925
instanceKlass scala/reflect/api/TypeTags$TypeTag$$$Lambda$4924
instanceKlass scala/reflect/api/TypeTags$WeakTypeTagImpl
instanceKlass scala/reflect/api/TypeTags$TypeTag$
instanceKlass scala/reflect/api/TypeTags$WeakTypeTag$
instanceKlass scala/reflect/api/Exprs$Expr$
instanceKlass scala/reflect/macros/Internals$ContextInternalApi
instanceKlass scala/tools/nsc/typechecker/StdAttachments$MacroRuntimeAttachment
instanceKlass scala/tools/nsc/typechecker/Macros$$Lambda$4923
instanceKlass scala/tools/nsc/typechecker/Macros$$Lambda$4922
instanceKlass scala/tools/nsc/typechecker/Macros$$Lambda$4921
instanceKlass scala/reflect/macros/runtime/JavaReflectionRuntimes$JavaReflectionResolvers$$Lambda$4920
instanceKlass scala/tools/nsc/typechecker/Macros$MacroArgs
instanceKlass scala/reflect/runtime/ReflectionUtils$
instanceKlass scala/reflect/macros/runtime/JavaReflectionRuntimes$JavaReflectionResolvers$$Lambda$4919
instanceKlass scala/reflect/macros/runtime/JavaReflectionRuntimes$JavaReflectionResolvers$$Lambda$4918
instanceKlass scala/reflect/api/Exprs$Expr
instanceKlass sbt/internal/util/appmacro/ContextUtil
instanceKlass sbt/internal/util/appmacro/Converted
instanceKlass sbt/internal/util/appmacro/Instance
instanceKlass sbt/internal/util/appmacro/Convert
instanceKlass sbt/internal/util/appmacro/TupleBuilder
instanceKlass sbt/internal/util/appmacro/LinterDSL
instanceKlass sbt/std/TaskMacro$
instanceKlass scala/reflect/internal/util/ScalaClassLoader$
instanceKlass scala/tools/nsc/typechecker/Macros$$Lambda$4917
instanceKlass scala/tools/nsc/typechecker/Macros$
instanceKlass scala/tools/nsc/classpath/AggregateClassPath$$Lambda$4916
instanceKlass scala/reflect/macros/runtime/MacroRuntimes$$Lambda$4915
instanceKlass scala/tools/nsc/typechecker/Macros$MacroImplBinding
instanceKlass scala/tools/nsc/typechecker/Fingerprint$
instanceKlass scala/tools/nsc/typechecker/Fingerprint
instanceKlass scala/tools/nsc/typechecker/Macros$MacroImplBinding$$$Lambda$4914
instanceKlass scala/tools/nsc/typechecker/Macros$MacroImplBinding$$$Lambda$4913
instanceKlass scala/tools/nsc/typechecker/Macros$MacroImplBinding$
instanceKlass scala/reflect/macros/runtime/MacroRuntimes$MacroRuntimeResolver
instanceKlass scala/reflect/macros/runtime/JavaReflectionRuntimes$JavaReflectionResolvers
instanceKlass scala/reflect/macros/runtime/MacroRuntimes$$Lambda$4912
instanceKlass scala/tools/nsc/typechecker/Macros$MacroExpander$$Lambda$4911
instanceKlass scala/tools/nsc/typechecker/Macros$MacroExpander$$Lambda$4910
instanceKlass scala/tools/nsc/typechecker/StdAttachments$MacroExpanderAttachment
instanceKlass scala/tools/nsc/typechecker/Macros$MacroExpander
instanceKlass scala/tools/nsc/typechecker/Typers$$Lambda$4909
instanceKlass scala/reflect/internal/Types$ExistentialType$$Lambda$4908
instanceKlass scala/reflect/internal/tpe/TypeConstraints$$Lambda$4907
instanceKlass scala/reflect/internal/tpe/GlbLubs$$Lambda$4906
instanceKlass scala/reflect/internal/tpe/GlbLubs$$Lambda$4905
instanceKlass scala/reflect/internal/tpe/GlbLubs$$Lambda$4904
instanceKlass scala/reflect/internal/tpe/GlbLubs$$Lambda$4903
instanceKlass scala/reflect/internal/tpe/GlbLubs$$Lambda$4902
instanceKlass scala/reflect/internal/tpe/GlbLubs$$Lambda$4901
instanceKlass scala/reflect/internal/tpe/GlbLubs$$Lambda$4900
instanceKlass scala/reflect/internal/tpe/GlbLubs$$Lambda$4899
instanceKlass scala/reflect/internal/tpe/GlbLubs$$Lambda$4898
instanceKlass scala/reflect/internal/tpe/GlbLubs$$Lambda$4897
instanceKlass scala/reflect/internal/tpe/GlbLubs$$Lambda$4896
instanceKlass scala/reflect/internal/tpe/TypeConstraints$$Lambda$4895
instanceKlass scala/reflect/internal/Types$ExistentialType$$Lambda$4894
instanceKlass scala/reflect/internal/Types$ExistentialType$$Lambda$4893
instanceKlass scala/reflect/internal/tpe/TypeComparers$$Lambda$4892
instanceKlass scala/reflect/internal/Types$ExistentialType$$Lambda$4891
instanceKlass scala/reflect/internal/Types$$Lambda$4890
instanceKlass scala/reflect/internal/tpe/TypeMaps$ExistentialExtrapolation$$Lambda$4889
instanceKlass scala/tools/nsc/typechecker/Typers$Typer$$Lambda$4888
instanceKlass scala/tools/nsc/typechecker/Infer$Inferencer$$Lambda$4887
instanceKlass scala/tools/nsc/typechecker/Infer$Inferencer$$Lambda$4886
instanceKlass scala/reflect/internal/Variances$varianceInType$$Lambda$4885
instanceKlass scala/tools/nsc/typechecker/Infer$Inferencer$$Lambda$4884
instanceKlass scala/reflect/internal/Variances$varianceInType$$Lambda$4883
instanceKlass scala/reflect/internal/Variance$Extractor2
instanceKlass scala/tools/nsc/typechecker/Implicits$ImplicitSearch$$Lambda$4882
instanceKlass scala/reflect/internal/Types$HasTypeMember$
instanceKlass scala/tools/nsc/typechecker/Implicits$ImplicitSearch$$Lambda$4881
instanceKlass scala/tools/nsc/typechecker/Implicits$ImplicitSearch$ImplicitComputation$$Lambda$4880
instanceKlass scala/tools/nsc/typechecker/Typers$Typer$$Lambda$4879
instanceKlass scala/tools/nsc/typechecker/Typers$Typer$$Lambda$4878
instanceKlass scala/collection/generic/Shrinkable$$Lambda$4877
instanceKlass scala/tools/nsc/typechecker/Infer$Inferencer$$Lambda$4876
instanceKlass scala/tools/nsc/typechecker/PatternTypers$PatternTyper$$Lambda$4875
instanceKlass scala/reflect/internal/Types$$Lambda$4874
instanceKlass scala/tools/nsc/typechecker/Infer$Inferencer$$Lambda$4873
instanceKlass scala/tools/nsc/typechecker/Infer$Inferencer$$Lambda$4872
instanceKlass scala/tools/nsc/typechecker/Infer$$Lambda$4871
instanceKlass scala/tools/nsc/typechecker/Typers$Typer$$Lambda$4870
instanceKlass scala/tools/nsc/ast/parser/Parsers$Parser$$anon$1
instanceKlass scala/collection/mutable/HashTable$Contents
instanceKlass scala/tools/nsc/settings/MutableSettings$$Lambda$4869
instanceKlass scala/tools/nsc/settings/MutableSettings$$Lambda$4868
instanceKlass scala/tools/nsc/settings/MutableSettings$$Lambda$4867
instanceKlass scala/tools/nsc/settings/MutableSettings$$Lambda$4866
instanceKlass scala/reflect/internal/util/StringOps$
instanceKlass io/gatling/sbt/GatlingKeys$
instanceKlass sbt/internal/PluginDiscovery$$$Lambda$4865
instanceKlass sbt/internal/PluginDiscovery$$$Lambda$4864
instanceKlass sbt/io/IO$$$Lambda$4863
instanceKlass sbt/io/Using$$$Lambda$4862
instanceKlass sbt/internal/PluginDiscovery$$$Lambda$4861
instanceKlass sbt/internal/Load$$$Lambda$4860
instanceKlass sbt/EvaluateTask$$$Lambda$4859
instanceKlass sbt/internal/Load$$$Lambda$4858
instanceKlass sbt/librarymanagement/EvictionWarning$$$Lambda$4857
instanceKlass lmcoursier/internal/SbtUpdateReport$$$Lambda$4856
instanceKlass lmcoursier/internal/shaded/coursier/core/Resolution$$Lambda$4855
instanceKlass lmcoursier/internal/shaded/coursier/core/MinimizedExclusions$ExcludeSpecific$$Lambda$4854
instanceKlass lmcoursier/internal/shaded/coursier/core/MinimizedExclusions$ExcludeSpecific$$Lambda$4853
instanceKlass lmcoursier/internal/shaded/coursier/core/compatibility/package$$$Lambda$4852
instanceKlass lmcoursier/internal/shaded/coursier/core/compatibility/Entities$
instanceKlass lmcoursier/internal/shaded/coursier/core/Resolution$$Lambda$4851
instanceKlass lmcoursier/internal/shaded/coursier/core/Resolution$$Lambda$4850
instanceKlass lmcoursier/internal/shaded/coursier/core/Activation$$Lambda$4849
instanceKlass lmcoursier/internal/shaded/coursier/core/Activation$$Lambda$4848
instanceKlass lmcoursier/internal/shaded/coursier/maven/PomParser$$$Lambda$4847
instanceKlass lmcoursier/internal/shaded/coursier/maven/SbtMavenRepository$$anon$1$$Lambda$4846
instanceKlass lmcoursier/internal/shaded/coursier/maven/SbtMavenRepository$$$Lambda$4845
instanceKlass scala/collection/mutable/FlatHashTable$Contents
instanceKlass sbt/coursierint/CoursierInputsTasks$$$Lambda$4844
instanceKlass sbt/coursierint/CoursierInputsTasks$$$Lambda$4843
instanceKlass sbt/coursierint/CoursierInputsTasks$$$Lambda$4842
instanceKlass sbt/coursierint/CoursierInputsTasks$$$Lambda$4841
instanceKlass lmcoursier/Inputs$$$Lambda$4840
instanceKlass lmcoursier/definitions/ModuleName
instanceKlass sbt/coursierint/CoursierInputsTasks$$$Lambda$4839
instanceKlass sbt/coursierint/CoursierInputsTasks$$$Lambda$4838
instanceKlass lmcoursier/definitions/Organization
instanceKlass sbt/coursierint/CoursierInputsTasks$$$Lambda$4837
instanceKlass lmcoursier/Inputs$$$Lambda$4836
instanceKlass sbt/coursierint/CoursierInputsTasks$$$Lambda$4835
instanceKlass sbt/coursierint/CoursierInputsTasks$$$Lambda$4833
instanceKlass lmcoursier/Inputs$$$Lambda$4834
instanceKlass sbt/coursierint/CoursierInputsTasks$$$Lambda$4832
instanceKlass lmcoursier/definitions/Publication$$Lambda$4831
instanceKlass lmcoursier/definitions/Extension
instanceKlass lmcoursier/definitions/Type
instanceKlass lmcoursier/definitions/Classifier
instanceKlass lmcoursier/FromSbt$$$Lambda$4830
instanceKlass lmcoursier/FromSbt$$$Lambda$4829
instanceKlass lmcoursier/FromSbt$$$Lambda$4828
instanceKlass lmcoursier/FromSbt$$$Lambda$4827
instanceKlass sbt/EvaluateTask$$$Lambda$4826
instanceKlass sbt/EvaluateTask$$$Lambda$4825
instanceKlass sbt/EvaluateTask$$$Lambda$4824
instanceKlass sbt/EvaluateTask$$$Lambda$4823
instanceKlass sbt/internal/AbstractBackgroundJobService$$Lambda$4822
instanceKlass sbt/internal/Load$$$Lambda$4821
instanceKlass sbt/internal/Load$$$Lambda$4820
instanceKlass java/util/ArrayDeque$DeqIterator
instanceKlass java/nio/file/FileTreeWalker$1
instanceKlass sbt/io/DescendantOrSelfPathFinder$$anon$4
instanceKlass scala/collection/convert/DecorateAsJava$$Lambda$4819
instanceKlass sbt/io/DescendantOrSelfPathFinder$
instanceKlass sbt/internal/Load$$$Lambda$4818
instanceKlass sbt/internal/Load$$$Lambda$4817
instanceKlass sbt/internal/Load$$$Lambda$4816
instanceKlass sbt/internal/Load$$$Lambda$4815
instanceKlass sbt/Project$$$Lambda$4814
instanceKlass sbt/internal/EvaluateConfigurations$$$Lambda$4813
instanceKlass sbt/internal/EvaluateConfigurations$$$Lambda$4812
instanceKlass sbt/internal/DslEntry$ProjectSettings$
instanceKlass sbt/internal/EvaluateConfigurations$$$Lambda$4811
instanceKlass sbt/internal/DslEntry$DslSetting$$Lambda$4810
instanceKlass sbt/internal/DslEntry$DslSetting
instanceKlass sbt/internal/DslEntry$ProjectSettings
instanceKlass sbt/BuildExtra$$Lambda$4809
instanceKlass sbt/librarymanagement/UpdateLogging$
instanceKlass sbt/librarymanagement/SshRepository$
instanceKlass sbt/librarymanagement/SftpRepository$
instanceKlass sbt/librarymanagement/ScmInfo$
instanceKlass sbt/librarymanagement/PublishConfiguration$
instanceKlass sbt/librarymanagement/ModuleSettings$
instanceKlass sbt/librarymanagement/ModuleConfiguration$
instanceKlass sbt/librarymanagement/MavenCache$
instanceKlass sbt/librarymanagement/License$
instanceKlass sbt/librarymanagement/EvictionPair$$$Lambda$4808
instanceKlass sbt/librarymanagement/EvictionPair$
instanceKlass sbt/librarymanagement/Developer$
instanceKlass sbt/librarymanagement/ChainedResolver$
instanceKlass sbt/internal/util/$tilde$greater$
instanceKlass sbt/internal/util/StackTrace$
instanceKlass jline/console/history/PersistentHistory
instanceKlass jline/console/history/MemoryHistory
instanceKlass jline/console/history/History
instanceKlass org/jline/reader/Completer
instanceKlass sbt/internal/util/LineReader$
instanceKlass sbt/internal/util/JLine
instanceKlass sbt/internal/util/LineReader
instanceKlass sbt/internal/util/ScalaKeywords$
instanceKlass sbt/internal/util/LoggerWriter$
instanceKlass sbt/internal/util/HNil$
instanceKlass sbt/internal/util/HNil
instanceKlass sbt/internal/util/HList
instanceKlass sbt/internal/util/HList$
instanceKlass sbt/internal/util/FullReader$
instanceKlass sbt/internal/util/FullLogger$
instanceKlass sbt/internal/util/ExitHook$
instanceKlass sbt/internal/util/ConsoleLogger$
instanceKlass sbt/internal/util/Classes$$anon$2
instanceKlass sbt/internal/util/Classes$$anon$1
instanceKlass sbt/internal/util/Classes$Monad
instanceKlass sbt/internal/util/Classes$
instanceKlass sbt/internal/util/AttributeEntry$
instanceKlass sbt/util/FilesInfo$
instanceKlass sbt/util/FileInfo$$anon$1
instanceKlass sbt/util/FileInfo$
instanceKlass sbt/util/FileFunction$
instanceKlass sbt/util/Difference$$$Lambda$4807
instanceKlass java/lang/invoke/LambdaForm$DMH
instanceKlass java/lang/invoke/LambdaForm$DMH
instanceKlass sbt/util/Difference
instanceKlass sbt/util/Tracked
instanceKlass sbt/util/Difference$
instanceKlass sbt/util/ChangeReport
instanceKlass sbt/util/ChangeReport$
instanceKlass sbt/util/Cache$
instanceKlass sbt/nio/FileChanges$
instanceKlass sbt/internal/io/Source$
instanceKlass sbt/io/ExistsFileFilter$
instanceKlass sbt/io/CopyOptions$
instanceKlass sbt/protocol/testing/TestResult$
instanceKlass sbt/OutputStrategy$CustomOutput$
instanceKlass sbt/OutputStrategy$LoggedOutput$
instanceKlass sbt/OutputStrategy$BufferedOutput$
instanceKlass sbt/DefExtra$$anon$8
instanceKlass sbt/UpperStateOps
instanceKlass sbt/internal/TaskSequential
instanceKlass sbt/Alternative
instanceKlass sbt/package$
instanceKlass sbt/Import
instanceKlass sbt/BuildSyntax
instanceKlass sbt/BuildExtra
instanceKlass sbt/DefExtra
instanceKlass sbt/IOSyntax0
instanceKlass sbt/IOSyntax1
instanceKlass sbt/io/IOSyntax
instanceKlass sbt/internal/DslEntry$
instanceKlass $fec936c80875c6ef9463$
instanceKlass scala/reflect/io/Streamable$Bytes$$Lambda$4806
instanceKlass scala/reflect/io/Streamable$Bytes$$Lambda$4805
instanceKlass scala/reflect/io/Streamable$Bytes$$Lambda$4804
instanceKlass scala/reflect/io/Streamable$$anon$1
instanceKlass scala/reflect/internal/util/RichClassLoader$$$Lambda$4803
instanceKlass scala/reflect/internal/util/AbstractFileClassLoader$$$Lambda$4802
instanceKlass scala/reflect/internal/util/AbstractFileClassLoader$
instanceKlass scala/reflect/internal/util/RichClassLoader$
instanceKlass sbt/internal/EvaluateConfigurations$$$Lambda$4801
instanceKlass sbt/internal/EvaluateConfigurations$$$Lambda$4800
instanceKlass sbt/CompositeProject$$$Lambda$4799
instanceKlass sbt/CompositeProject$$$Lambda$4798
instanceKlass sbt/CompositeProject$
instanceKlass sbt/internal/DefinedSbtValues$$Lambda$4797
instanceKlass sbt/internal/EvaluateConfigurations$$$Lambda$4796
instanceKlass sbt/internal/EvaluateConfigurations$$$Lambda$4795
instanceKlass sbt/internal/DefinedSbtValues$$Lambda$4794
instanceKlass sbt/compiler/EvalDefinitions
instanceKlass sbt/compiler/Eval$$Lambda$4793
instanceKlass sbt/internal/EvaluateConfigurations$$$Lambda$4792
instanceKlass sbt/compiler/EvalResult
instanceKlass sbt/compiler/Eval$$Lambda$4791
instanceKlass sbt/compiler/Eval$EvalIntermediate
instanceKlass sbt/compiler/Eval$$anon$4
instanceKlass sbt/compiler/Eval$$Lambda$4790
instanceKlass sbt/compiler/Eval$$Lambda$4789
instanceKlass sbt/compiler/Eval$$Lambda$4788
instanceKlass sbt/io/IO$$$Lambda$4787
instanceKlass sbt/compiler/Eval$$Lambda$4786
instanceKlass scala/reflect/internal/Symbols$Symbol$$Lambda$4785
instanceKlass scala/reflect/internal/Definitions$DefinitionsClass$$Lambda$4784
instanceKlass sbt/compiler/Eval$$anon$1$$Lambda$4783
instanceKlass scala/tools/nsc/backend/jvm/PostProcessorFrontendAccess$PostProcessorFrontendAccessImpl$directBackendReporting$
instanceKlass scala/tools/nsc/backend/jvm/analysis/BackendUtils$NestedClassesCollector$$Lambda$4782
instanceKlass scala/tools/nsc/backend/jvm/analysis/BackendUtils$NestedClassesCollector$$Lambda$4781
instanceKlass scala/tools/nsc/backend/jvm/opt/InlineInfoAttribute$$Lambda$4780
instanceKlass scala/tools/nsc/backend/jvm/opt/InlineInfoAttribute$$Lambda$4779
instanceKlass scala/tools/nsc/backend/jvm/BTypes$InlineInfo$$Lambda$4778
instanceKlass scala/tools/nsc/backend/jvm/opt/InlineInfoAttribute$
instanceKlass scala/tools/asm/Handler
instanceKlass scala/tools/asm/Frame
instanceKlass scala/tools/asm/ByteVector
instanceKlass scala/tools/asm/Symbol
instanceKlass scala/tools/asm/SymbolTable
instanceKlass scala/tools/nsc/backend/jvm/analysis/BackendUtils$$Lambda$4777
instanceKlass scala/tools/nsc/backend/jvm/analysis/BackendUtils$$Lambda$4776
instanceKlass scala/tools/nsc/backend/jvm/analysis/BackendUtils$$Lambda$4775
instanceKlass scala/tools/asm/tree/InnerClassNode
instanceKlass scala/tools/nsc/backend/jvm/BTypes$InnerClassEntry
instanceKlass scala/tools/nsc/backend/jvm/analysis/BackendUtils$$Lambda$4774
instanceKlass scala/collection/mutable/RedBlackTree$Node
instanceKlass scala/collection/mutable/RedBlackTree$Node$
instanceKlass scala/collection/mutable/RedBlackTree$
instanceKlass scala/collection/mutable/RedBlackTree$Tree
instanceKlass scala/collection/mutable/RedBlackTree$Tree$
instanceKlass scala/tools/nsc/backend/jvm/analysis/BackendUtils$$Lambda$4773
instanceKlass scala/tools/nsc/backend/jvm/BTypesFromSymbols$$Lambda$4772
instanceKlass scala/tools/nsc/backend/jvm/BTypes$NestedInfo
instanceKlass scala/Predef$any2stringadd$
instanceKlass scala/tools/nsc/backend/jvm/analysis/BackendUtils$NestedClassesCollector$$Lambda$4771
instanceKlass scala/tools/asm/tree/TryCatchBlockNode
instanceKlass scala/tools/nsc/backend/jvm/analysis/BackendUtils$NestedClassesCollector$$Lambda$4770
instanceKlass scala/tools/nsc/backend/jvm/analysis/BackendUtils$NestedClassesCollector$$Lambda$4769
instanceKlass scala/tools/nsc/backend/jvm/analysis/BackendUtils$NestedClassesCollector$$Lambda$4768
instanceKlass scala/tools/nsc/backend/jvm/analysis/BackendUtils$NestedClassesCollector$$Lambda$4767
instanceKlass scala/tools/nsc/backend/jvm/BTypesFromClassfile$$Lambda$4766
instanceKlass scala/tools/nsc/backend/jvm/analysis/BackendUtils$GenericSignatureVisitor
instanceKlass scala/tools/nsc/backend/jvm/PostProcessor$$Lambda$4765
instanceKlass scala/tools/nsc/backend/jvm/analysis/BackendUtils$
instanceKlass scala/tools/nsc/backend/jvm/opt/LocalOptImpls$
instanceKlass scala/tools/asm/tree/InsnList$InsnListIterator
instanceKlass scala/tools/nsc/backend/jvm/opt/BytecodeUtils$
instanceKlass scala/tools/nsc/backend/jvm/opt/LocalOpt$$Lambda$4764
instanceKlass scala/tools/nsc/backend/jvm/PostProcessorFrontendAccess$PostProcessorFrontendAccessImpl$$Lambda$4763
instanceKlass scala/tools/nsc/backend/jvm/GeneratedClassHandler$WritingClassHandler$$Lambda$4762
instanceKlass scala/tools/nsc/backend/jvm/GeneratedClassHandler$WritingClassHandler$$Lambda$4761
instanceKlass scala/tools/nsc/backend/jvm/GeneratedClassHandler$WritingClassHandler$$Lambda$4760
instanceKlass scala/tools/nsc/backend/jvm/PostProcessorFrontendAccess$BufferingBackendReporting
instanceKlass scala/tools/nsc/backend/jvm/CompilationUnitInPostProcess
instanceKlass scala/tools/nsc/backend/jvm/GeneratedCompilationUnit
instanceKlass scala/tools/nsc/backend/jvm/CoreBTypesFromSymbols$$Lambda$4759
instanceKlass scala/tools/nsc/backend/jvm/BCodeHelpers$BCForwardersGen$$Lambda$4758
instanceKlass scala/tools/nsc/backend/jvm/BCodeHelpers$BCForwardersGen$$Lambda$4757
instanceKlass scala/tools/nsc/backend/jvm/BCodeHelpers$BCForwardersGen$$Lambda$4756
instanceKlass java/lang/invoke/LambdaForm$MH
instanceKlass java/lang/invoke/LambdaForm$DMH
instanceKlass scala/tools/nsc/backend/jvm/BCodeHelpers$BCForwardersGen$$Lambda$4755
instanceKlass java/lang/invoke/LambdaForm$DMH
instanceKlass scala/tools/nsc/backend/jvm/BCodeHelpers$
instanceKlass scala/tools/nsc/backend/jvm/BCodeHelpers$BCAnnotGen$$Lambda$4754
instanceKlass scala/tools/nsc/backend/jvm/BCodeHelpers$BCAnnotGen$$Lambda$4753
instanceKlass scala/tools/nsc/backend/jvm/BTypesFromSymbols$$Lambda$4752
instanceKlass scala/tools/nsc/backend/jvm/BTypesFromSymbols$$Lambda$4751
instanceKlass scala/tools/nsc/backend/jvm/BTypesFromSymbols$$Lambda$4750
instanceKlass scala/tools/nsc/backend/jvm/BTypesFromSymbols$$Lambda$4749
instanceKlass scala/tools/nsc/backend/jvm/CodeGen$$Lambda$4748
instanceKlass scala/tools/nsc/backend/jvm/BCodeHelpers$JCommonBuilder
instanceKlass scala/tools/nsc/backend/jvm/GeneratedClass
instanceKlass scala/tools/nsc/backend/jvm/BCodeBodyBuilder$PlainBodyBuilder$$Lambda$4747
instanceKlass scala/tools/nsc/backend/jvm/BCodeBodyBuilder$PlainBodyBuilder$$Lambda$4746
instanceKlass scala/tools/asm/tree/LocalVariableNode
instanceKlass scala/tools/nsc/backend/jvm/BCodeIdiomatic$JCodeMethodN$
instanceKlass scala/tools/nsc/backend/jvm/CoreBTypesFromSymbols$$Lambda$4745
instanceKlass scala/tools/nsc/backend/jvm/CoreBTypesFromSymbols$$Lambda$4744
instanceKlass scala/tools/nsc/backend/jvm/CoreBTypesFromSymbols$$Lambda$4743
instanceKlass scala/tools/nsc/backend/jvm/CoreBTypesFromSymbols$$Lambda$4742
instanceKlass scala/tools/nsc/backend/jvm/BCodeIdiomatic$JCodeMethodN
instanceKlass scala/tools/nsc/transform/Erasure$$Lambda$4741
instanceKlass scala/tools/nsc/transform/Erasure$$Lambda$4740
instanceKlass scala/tools/nsc/backend/jvm/BTypesFromSymbols$$Lambda$4739
instanceKlass scala/tools/nsc/backend/jvm/BCodeSkelBuilder$PlainSkelBuilder$$Lambda$4738
instanceKlass scala/reflect/internal/Scopes$Scope$$Lambda$4737
instanceKlass scala/reflect/internal/Scopes$Scope$$anon$2
instanceKlass scala/reflect/internal/StdNames$compactify$
instanceKlass scala/tools/nsc/backend/jvm/BCodeHelpers$InvokeStyle$
instanceKlass scala/reflect/internal/StdAttachments$UseInvokeSpecial$
instanceKlass scala/reflect/internal/Definitions$DefinitionsClass$RunDefinitions$$Lambda$4736
instanceKlass scala/reflect/internal/Definitions$ValueClassDefinitions$$Lambda$4735
instanceKlass scala/reflect/internal/Definitions$ValueClassDefinitions$$Lambda$4734
instanceKlass scala/reflect/internal/Definitions$ValueClassDefinitions$$Lambda$4733
instanceKlass scala/reflect/internal/Definitions$DefinitionsClass$RunDefinitions$$Lambda$4732
instanceKlass scala/tools/nsc/transform/Delambdafy$LambdaMetaFactoryCapable
instanceKlass scala/tools/nsc/backend/jvm/BCodeSkelBuilder$LoadDestination$
instanceKlass scala/tools/nsc/backend/jvm/BCodeSkelBuilder$PlainSkelBuilder$$Lambda$4731
instanceKlass scala/tools/nsc/backend/jvm/BCodeHelpers$BCAnnotGen$$Lambda$4730
instanceKlass scala/tools/nsc/backend/jvm/BCodeSkelBuilder$PlainSkelBuilder$$Lambda$4729
instanceKlass scala/tools/nsc/backend/jvm/BCodeHelpers$BCAnnotGen$$Lambda$4728
instanceKlass scala/tools/nsc/backend/jvm/BCodeHelpers$BCAnnotGen$$Lambda$4727
instanceKlass scala/tools/nsc/backend/jvm/BCodeHelpers$BCForwardersGen$$Lambda$4726
instanceKlass scala/tools/nsc/backend/jvm/BCodeHelpers$BCForwardersGen$$Lambda$4725
instanceKlass scala/tools/nsc/backend/jvm/BCodeSkelBuilder$PlainSkelBuilder$$Lambda$4724
instanceKlass scala/tools/nsc/backend/jvm/BCodeSkelBuilder$PlainSkelBuilder$$Lambda$4723
instanceKlass scala/tools/nsc/backend/jvm/BCodeSkelBuilder$PlainSkelBuilder$$Lambda$4722
instanceKlass scala/tools/nsc/backend/jvm/BCodeSkelBuilder$PlainSkelBuilder$locals$
instanceKlass scala/reflect/internal/StdAttachments$JustMethodReference
instanceKlass scala/tools/nsc/backend/jvm/BCodeHelpers$$Lambda$4721
instanceKlass scala/tools/nsc/backend/jvm/BCodeHelpers$$Lambda$4720
instanceKlass scala/tools/asm/tree/InsnList
instanceKlass scala/tools/nsc/backend/jvm/GenBCode$
instanceKlass scala/tools/nsc/backend/jvm/BCodeHelpers$BCAnnotGen$$Lambda$4719
instanceKlass scala/tools/nsc/backend/jvm/BCodeHelpers$BCAnnotGen$$Lambda$4718
instanceKlass scala/tools/nsc/backend/jvm/BCodeSkelBuilder$PlainSkelBuilder$$Lambda$4717
instanceKlass scala/tools/nsc/backend/jvm/BCodeSkelBuilder$PlainSkelBuilder$$Lambda$4716
instanceKlass scala/tools/asm/tree/Util
instanceKlass scala/tools/nsc/backend/jvm/PostProcessorFrontendAccess$PostProcessorFrontendAccessImpl$$anon$1
instanceKlass scala/tools/nsc/backend/jvm/PostProcessorFrontendAccess$PostProcessorFrontendAccessImpl$$Lambda$4715
instanceKlass scala/tools/nsc/backend/jvm/analysis/BackendUtils$$Lambda$4714
instanceKlass scala/tools/nsc/transform/Erasure$NeedsSigCollector$
instanceKlass scala/tools/nsc/transform/Erasure$$Lambda$4713
instanceKlass scala/tools/nsc/backend/jvm/BCodeHelpers$BCJGenSigGen$$Lambda$4712
instanceKlass scala/tools/nsc/backend/jvm/BCodeSkelBuilder$PlainSkelBuilder$$Lambda$4711
instanceKlass scala/tools/asm/ModuleVisitor
instanceKlass scala/tools/asm/RecordComponentVisitor
instanceKlass scala/tools/asm/AnnotationVisitor
instanceKlass scala/tools/nsc/backend/jvm/BTypesFromSymbols$$Lambda$4710
instanceKlass scala/tools/nsc/backend/jvm/CoreBTypesFromSymbols$$Lambda$4709
instanceKlass scala/tools/nsc/transform/Mixin$NeedStaticImpl$
instanceKlass scala/tools/nsc/backend/jvm/BTypes$MethodInlineInfo
instanceKlass scala/tools/nsc/backend/jvm/BTypesFromSymbols$$Lambda$4708
instanceKlass scala/tools/nsc/backend/jvm/BTypesFromSymbols$$Lambda$4707
instanceKlass scala/tools/nsc/backend/jvm/BTypesFromSymbols$$Lambda$4706
instanceKlass scala/tools/nsc/backend/jvm/BTypesFromSymbols$$Lambda$4705
instanceKlass scala/tools/nsc/backend/jvm/BTypesFromSymbols$$Lambda$4704
instanceKlass scala/tools/nsc/backend/jvm/BTypesFromSymbols$$Lambda$4703
instanceKlass scala/tools/nsc/backend/jvm/BTypesFromSymbols$$Lambda$4702
instanceKlass scala/tools/nsc/backend/jvm/BTypesFromSymbols$$Lambda$4701
instanceKlass scala/tools/nsc/backend/jvm/BTypesFromSymbols$$Lambda$4700
instanceKlass scala/tools/nsc/transform/Erasure$$Lambda$4699
instanceKlass scala/tools/nsc/backend/jvm/BTypes$ClassBType$$Lambda$4698
instanceKlass scala/tools/nsc/backend/jvm/CoreBTypesFromSymbols$$Lambda$4697
instanceKlass scala/tools/nsc/backend/jvm/BackendReporting$
instanceKlass scala/tools/nsc/backend/jvm/BackendReporting$RightBiasedEither$
instanceKlass scala/tools/nsc/backend/jvm/BTypes$ClassInfo
instanceKlass scala/tools/nsc/backend/jvm/BTypes$InlineInfo
instanceKlass scala/tools/nsc/backend/jvm/BTypes$
instanceKlass scala/tools/nsc/backend/jvm/BTypesFromSymbols$$Lambda$4696
instanceKlass scala/tools/nsc/backend/jvm/BTypes$Lazy$
instanceKlass scala/tools/nsc/backend/jvm/BTypesFromSymbols$$Lambda$4695
instanceKlass scala/tools/nsc/backend/jvm/BTypesFromSymbols$$Lambda$4694
instanceKlass scala/tools/nsc/backend/jvm/BTypesFromSymbols$$Lambda$4693
instanceKlass scala/tools/asm/Type
instanceKlass scala/tools/nsc/backend/jvm/BTypesFromSymbols$$Lambda$4692
instanceKlass scala/tools/nsc/backend/jvm/BTypes$ClassBType$
instanceKlass scala/tools/nsc/backend/jvm/BTypes$$Lambda$4691
instanceKlass scala/tools/nsc/backend/jvm/BTypes$LazyVar
instanceKlass scala/tools/nsc/backend/jvm/CoreBTypesFromSymbols$$Lambda$4690
instanceKlass scala/collection/GenSeqLike$$Lambda$4689
instanceKlass scala/tools/asm/MethodVisitor
instanceKlass scala/tools/nsc/backend/jvm/BCodeSkelBuilder$LoadDestination
instanceKlass scala/tools/asm/FieldVisitor
instanceKlass scala/tools/asm/Attribute
instanceKlass scala/tools/nsc/backend/jvm/BCodeSkelBuilder$PlainSkelBuilder
instanceKlass scala/tools/nsc/backend/jvm/BCodeHelpers$BCPickles
instanceKlass scala/tools/nsc/backend/jvm/BCodeHelpers$BCForwardersGen
instanceKlass scala/tools/nsc/backend/jvm/BCodeHelpers$BCJGenSigGen
instanceKlass scala/tools/nsc/backend/jvm/BCodeHelpers$BCAnnotGen
instanceKlass scala/tools/nsc/backend/jvm/BCodeHelpers$JAndroidBuilder
instanceKlass scala/tools/nsc/backend/jvm/BCodeHelpers$BCClassGen
instanceKlass scala/tools/nsc/backend/jvm/BCodeHelpers$BCInnerClassGen
instanceKlass scala/tools/nsc/Global$icodes$
instanceKlass scala/tools/nsc/Global$icodes$IClass
instanceKlass scala/tools/nsc/backend/jvm/GeneratedClassHandler$SyncWritingClassHandler$$anonfun$$lessinit$greater$1
instanceKlass scala/tools/nsc/backend/jvm/GeneratedClassHandler$WritingClassHandler
instanceKlass scala/tools/nsc/backend/jvm/GeneratedClassHandler
instanceKlass scala/tools/nsc/backend/jvm/GeneratedClassHandler$
instanceKlass scala/tools/nsc/backend/jvm/ClassfileWriters$DirEntryWriter
instanceKlass scala/tools/nsc/transform/CleanUp$$Lambda$4688
instanceKlass scala/tools/nsc/backend/jvm/ClassfileWriters$FileWriter
instanceKlass scala/tools/nsc/backend/jvm/ClassfileWriters$FileWriter$
instanceKlass scala/tools/nsc/backend/jvm/ClassfileWriters$ClassfileWriter$SingleClassWriter
instanceKlass scala/tools/nsc/backend/jvm/ClassfileWriters$ClassfileWriter
instanceKlass scala/tools/nsc/backend/jvm/ClassfileWriters$ClassfileWriter$
instanceKlass scala/tools/nsc/backend/jvm/PerRunInit$$Lambda$4687
instanceKlass scala/tools/nsc/backend/ScalaPrimitives$$Lambda$4686
instanceKlass scala/tools/nsc/backend/ScalaPrimitives
instanceKlass scala/tools/nsc/transform/Delambdafy$DelambdafyTransformer$$Lambda$4685
instanceKlass scala/tools/nsc/transform/CleanUp$CleanUpTransformer$$Lambda$4684
instanceKlass scala/UniquenessCache
instanceKlass scala/reflect/internal/TreeInfo$StripCast$
instanceKlass scala/tools/nsc/backend/jvm/BCodeHelpers$isJavaEntryPoint$
instanceKlass scala/tools/asm/Label
instanceKlass scala/tools/nsc/transform/Mixin$MixinTransformer$$Lambda$4683
instanceKlass scala/tools/nsc/transform/AccessorSynthesis$AccessorTreeSynthesis$UncheckedAccessorSynth$$Lambda$4682
instanceKlass scala/tools/nsc/transform/Mixin$MixinTransformer$$Lambda$4681
instanceKlass scala/tools/nsc/transform/Mixin$MixinTransformer$$Lambda$4680
instanceKlass scala/tools/nsc/transform/AccessorSynthesis$AccessorTreeSynthesis$UncheckedAccessorSynth
instanceKlass scala/tools/nsc/transform/Mixin$MixinTransformer$$Lambda$4679
instanceKlass scala/tools/nsc/transform/Mixin$MixinTransformer$$Lambda$4678
instanceKlass scala/tools/nsc/transform/Mixin$$Lambda$4677
instanceKlass scala/tools/nsc/transform/Mixin$$Lambda$4676
instanceKlass scala/tools/nsc/transform/Flatten$$anon$1$$Lambda$4675
instanceKlass scala/tools/nsc/transform/Flatten$$anon$1$$Lambda$4674
instanceKlass scala/tools/nsc/transform/Flatten$$anon$1$$Lambda$4673
instanceKlass scala/tools/nsc/transform/Constructors$TemplateTransformer$$Lambda$4672
instanceKlass scala/tools/nsc/transform/Constructors$TemplateTransformer$$Lambda$4671
instanceKlass scala/tools/nsc/transform/Constructors$TemplateTransformer$$Lambda$4670
instanceKlass scala/tools/nsc/transform/Constructors$TemplateTransformer$$Lambda$4669
instanceKlass scala/tools/nsc/transform/Constructors$TemplateTransformer$$Lambda$4668
instanceKlass scala/tools/nsc/transform/Constructors$TemplateTransformer$$Lambda$4667
instanceKlass scala/tools/nsc/transform/Constructors$OmittablesHelper$$Lambda$4666
instanceKlass scala/tools/nsc/transform/Constructors$TemplateTransformer$Triage
instanceKlass scala/tools/nsc/transform/Constructors$ConstructorTransformer$$Lambda$4665
instanceKlass scala/tools/nsc/transform/Constructors$TemplateTransformer$$anonfun$2$$Lambda$4664
instanceKlass scala/DelayedInit
instanceKlass scala/tools/nsc/transform/Constructors$GuardianOfCtorStmts
instanceKlass scala/tools/nsc/transform/Constructors$OmittablesHelper
instanceKlass scala/tools/nsc/transform/Constructors$DelayedInitHelper
instanceKlass scala/tools/nsc/transform/Constructors$ConstructorTransformerBase
instanceKlass scala/tools/nsc/transform/LambdaLift$LambdaLifter$$Lambda$4663
instanceKlass scala/tools/nsc/transform/LambdaLift$LambdaLifter$$Lambda$4662
instanceKlass scala/collection/SeqLike$$Lambda$4661
instanceKlass scala/tools/nsc/transform/LambdaLift$LambdaLifter$$Lambda$4660
instanceKlass scala/tools/nsc/transform/LambdaLift$LambdaLifter$$Lambda$4659
instanceKlass scala/tools/nsc/transform/LambdaLift$LambdaLifter$$Lambda$4658
instanceKlass scala/tools/nsc/transform/LambdaLift$LambdaLifter$$Lambda$4657
instanceKlass scala/tools/nsc/transform/LambdaLift$LambdaLifter$$Lambda$4656
instanceKlass scala/tools/nsc/transform/LambdaLift$LambdaLifter$$Lambda$4655
instanceKlass scala/tools/nsc/transform/LambdaLift$LambdaLifter$$Lambda$4654
instanceKlass scala/tools/nsc/transform/LambdaLift$LambdaLifter$$Lambda$4653
instanceKlass scala/tools/nsc/transform/LambdaLift$LambdaLifter$$Lambda$4652
instanceKlass scala/tools/nsc/transform/LambdaLift$LambdaLifter$$Lambda$4651
instanceKlass scala/tools/nsc/transform/LambdaLift$LambdaLifter$$Lambda$4650
instanceKlass scala/tools/nsc/transform/LambdaLift$LambdaLifter$$Lambda$4649
instanceKlass scala/tools/nsc/transform/LambdaLift$LambdaLifter$$Lambda$4648
instanceKlass scala/tools/nsc/transform/LambdaLift$LambdaLifter$$Lambda$4647
instanceKlass scala/tools/nsc/ast/TreeInfo$ValueClass$Box$
instanceKlass scala/reflect/internal/Symbols$ClassSymbol$$Lambda$4646
instanceKlass scala/tools/nsc/ast/TreeInfo$TypeApplyOp$
instanceKlass scala/tools/nsc/ast/TreeInfo$BinaryOp$
instanceKlass scala/tools/nsc/ast/TreeInfo$ValueClass$BoxAndCompare$
instanceKlass scala/tools/nsc/ast/TreeInfo$ValueClass$Unbox$
instanceKlass scala/tools/nsc/ast/TreeInfo$ValueClass$BoxAndUnbox$
instanceKlass scala/tools/nsc/ast/TreeInfo$ValueClass$
instanceKlass scala/tools/nsc/ast/TreeInfo$AsInstanceOf$
instanceKlass scala/tools/nsc/transform/Fields$synthFieldsAndAccessors$$$Lambda$4645
instanceKlass scala/collection/mutable/LinkedHashSet$Entry
instanceKlass scala/tools/nsc/transform/Fields$FieldMemoization
instanceKlass scala/reflect/internal/transform/Erasure$ErasureMap$$Lambda$4644
instanceKlass scala/reflect/internal/StdAttachments$QualTypeSymAttachment
instanceKlass scala/tools/nsc/transform/Erasure$$Lambda$4643
instanceKlass scala/tools/nsc/transform/Erasure$$Lambda$4642
instanceKlass scala/tools/nsc/transform/Erasure$$Lambda$4641
instanceKlass scala/tools/nsc/transform/Erasure$Eraser$$Lambda$4640
instanceKlass scala/tools/nsc/transform/TypeAdaptingTransformer$TypeAdapter
instanceKlass scala/tools/nsc/transform/ExplicitOuter$$Lambda$4639
instanceKlass scala/reflect/internal/Types$$Lambda$4638
instanceKlass scala/reflect/internal/Types$$Lambda$4637
instanceKlass scala/reflect/internal/Definitions$DefinitionsClass$$Lambda$4636
instanceKlass scala/tools/nsc/transform/Erasure$EnterBridges$$Lambda$4635
instanceKlass scala/tools/nsc/transform/Erasure$EnterBridges
instanceKlass scala/tools/nsc/transform/Erasure$ErasureTransformer$$Lambda$4634
instanceKlass scala/tools/nsc/transform/Erasure$ErasureTransformer$$Lambda$4633
instanceKlass scala/reflect/internal/SymbolPairs$SymbolPair
instanceKlass scala/reflect/internal/SymbolPairs$Cursor$$anon$2
instanceKlass scala/tools/nsc/transform/Erasure$ErasureTransformer$$Lambda$4632
instanceKlass scala/tools/nsc/transform/ExplicitOuter$ExplicitOuterTransformer$$Lambda$4631
instanceKlass scala/tools/nsc/transform/ExplicitOuter$ExplicitOuterTransformer$$Lambda$4630
instanceKlass scala/collection/mutable/Stack$StackBuilder
instanceKlass scala/reflect/internal/AnnotationInfos$Annotatable$$Lambda$4629
instanceKlass scala/tools/nsc/transform/SpecializeTypes$SpecializationPhase$$Lambda$4628
instanceKlass scala/tools/nsc/transform/SpecializeTypes$NormalizedMember$$Lambda$4627
instanceKlass scala/reflect/internal/Symbols$Symbol$$Lambda$4626
instanceKlass scala/tools/nsc/transform/SpecializeTypes$$Lambda$4625
instanceKlass scala/reflect/internal/Symbols$Symbol$$Lambda$4624
instanceKlass scala/tools/nsc/transform/SpecializeTypes$$Lambda$4623
instanceKlass scala/tools/nsc/transform/SpecializeTypes$$Lambda$4622
instanceKlass scala/tools/nsc/transform/SpecializeTypes$$Lambda$4621
instanceKlass scala/tools/nsc/transform/SpecializeTypes$$Lambda$4620
instanceKlass scala/tools/nsc/transform/SpecializeTypes$$Lambda$4619
instanceKlass scala/tools/nsc/transform/SpecializeTypes$$Lambda$4618
instanceKlass scala/reflect/internal/tpe/TypeMaps$TypeMap$$Lambda$4617
instanceKlass scala/annotation/TypeConstraint
instanceKlass scala/tools/nsc/transform/SpecializeTypes$$Lambda$4616
instanceKlass scala/tools/nsc/transform/SpecializeTypes$TypeEnv$
instanceKlass scala/tools/nsc/transform/SpecializeTypes$$anon$1$$Lambda$4615
instanceKlass scala/tools/nsc/transform/SpecializeTypes$SpecializationPhase$$Lambda$4614
instanceKlass scala/tools/nsc/transform/SpecializeTypes$$Lambda$4613
instanceKlass scala/tools/nsc/transform/SpecializeTypes$$Lambda$4612
instanceKlass scala/tools/nsc/transform/SpecializeTypes$$Lambda$4611
instanceKlass scala/tools/nsc/transform/SpecializeTypes$$Lambda$4610
instanceKlass scala/tools/nsc/transform/SpecializeTypes$$Lambda$4609
instanceKlass scala/tools/nsc/transform/SpecializeTypes$$Lambda$4608
instanceKlass scala/tools/nsc/transform/SpecializeTypes$$Lambda$4607
instanceKlass scala/tools/nsc/transform/SpecializeTypes$$Lambda$4606
instanceKlass scala/tools/nsc/transform/SpecializeTypes$$Lambda$4605
instanceKlass scala/tools/nsc/transform/SpecializeTypes$$Lambda$4604
instanceKlass scala/tools/nsc/transform/SpecializeTypes$$Lambda$4603
instanceKlass scala/tools/nsc/transform/SpecializeTypes$$Lambda$4602
instanceKlass scala/tools/nsc/transform/SpecializeTypes$$Lambda$4601
instanceKlass scala/tools/nsc/transform/SpecializeTypes$$Lambda$4600
instanceKlass scala/tools/nsc/transform/SpecializeTypes$$Lambda$4599
instanceKlass scala/tools/nsc/transform/SpecializeTypes$$Lambda$4598
instanceKlass scala/tools/nsc/transform/SpecializeTypes$$Lambda$4597
instanceKlass scala/tools/nsc/transform/SpecializeTypes$$Lambda$4596
instanceKlass scala/reflect/internal/tpe/TypeMaps$AsSeenFromMap$$Lambda$4595
instanceKlass scala/reflect/internal/tpe/TypeMaps$AsSeenFromMap$$Lambda$4594
instanceKlass scala/tools/nsc/transform/SpecializeTypes$$Lambda$4593
instanceKlass scala/reflect/internal/Symbols$$Lambda$4592
instanceKlass scala/reflect/internal/Definitions$ValueClassDefinitions$$Lambda$4591
instanceKlass scala/reflect/internal/Definitions$ValueClassDefinitions$$Lambda$4590
instanceKlass scala/tools/nsc/transform/SpecializeTypes$$Lambda$4589
instanceKlass scala/tools/nsc/transform/SpecializeTypes$$Lambda$4588
instanceKlass scala/tools/nsc/transform/SpecializeTypes$$Lambda$4587
instanceKlass scala/tools/nsc/transform/SpecializeTypes$$Lambda$4586
instanceKlass scala/tools/nsc/transform/SpecializeTypes$$Lambda$4585
instanceKlass scala/tools/nsc/transform/SpecializeTypes$$Lambda$4584
instanceKlass scala/tools/nsc/transform/SpecializeTypes$$Lambda$4583
instanceKlass scala/tools/nsc/transform/SpecializeTypes$$Lambda$4582
instanceKlass scala/tools/nsc/transform/SpecializeTypes$$Lambda$4581
instanceKlass scala/tools/nsc/transform/SpecializeTypes$$Lambda$4580
instanceKlass scala/tools/nsc/transform/SpecializeTypes$SpecializationPhase$$Lambda$4579
instanceKlass scala/tools/nsc/transform/SpecializeTypes$SpecializationTransformer$$Lambda$4578
instanceKlass scala/tools/nsc/transform/SpecializeTypes$Overload
instanceKlass scala/tools/nsc/transform/SpecializeTypes$SpecializationTransformer$$Lambda$4577
instanceKlass scala/tools/nsc/transform/SpecializeTypes$SpecializationTransformer$CollectMethodBodies$$Lambda$4576
instanceKlass scala/tools/nsc/transform/SpecializeTypes$SpecializationTransformer$$Lambda$4575
instanceKlass scala/tools/nsc/transform/SpecializeTypes$SpecializationTransformer$$Lambda$4574
instanceKlass scala/tools/nsc/transform/SpecializeTypes$SpecializationTransformer$$Lambda$4573
instanceKlass scala/tools/nsc/transform/SpecializeTypes$SpecializationTransformer$$Lambda$4572
instanceKlass scala/tools/nsc/transform/SpecializeTypes$SpecializationTransformer$$Lambda$4571
instanceKlass scala/tools/nsc/transform/SpecializeTypes$$Lambda$4570
instanceKlass scala/tools/nsc/transform/SpecializeTypes$$Lambda$4569
instanceKlass scala/tools/nsc/transform/SpecializeTypes$$Lambda$4568
instanceKlass scala/tools/nsc/transform/SpecializeTypes$$Lambda$4567
instanceKlass scala/tools/nsc/transform/SpecializeTypes$$Lambda$4566
instanceKlass scala/tools/nsc/transform/SpecializeTypes$$Lambda$4565
instanceKlass scala/tools/nsc/transform/SpecializeTypes$$Lambda$4564
instanceKlass scala/tools/nsc/transform/SpecializeTypes$$Lambda$4563
instanceKlass scala/reflect/internal/Symbols$Symbol$$Lambda$4562
instanceKlass scala/tools/nsc/transform/SpecializeTypes$$Lambda$4561
instanceKlass scala/tools/nsc/transform/SpecializeTypes$$Lambda$4560
instanceKlass scala/tools/nsc/transform/SpecializeTypes$$Lambda$4559
instanceKlass scala/tools/nsc/transform/SpecializeTypes$$Lambda$4558
instanceKlass scala/tools/nsc/transform/SpecializeTypes$SpecializationTransformer$$Lambda$4557
instanceKlass scala/tools/nsc/transform/SpecializeTypes$SpecializationTransformer$$Lambda$4556
instanceKlass scala/tools/nsc/transform/TailCalls$TailCallElimination$DefDefTailContext$$Lambda$4555
instanceKlass scala/tools/nsc/transform/TailCalls$TailCallElimination$$Lambda$4554
instanceKlass scala/tools/nsc/transform/TailCalls$TailCallElimination$ClonedTailContext
instanceKlass scala/tools/nsc/transform/TailCalls$TailCallElimination$DefDefTailContext
instanceKlass scala/tools/nsc/transform/TailCalls$TailCallElimination$EmptyTailContext$
instanceKlass scala/tools/nsc/transform/TailCalls$TailCallElimination$$Lambda$4553
instanceKlass scala/tools/nsc/transform/TailCalls$TailCallElimination$TailContext
instanceKlass scala/tools/nsc/transform/Fields$FieldsTransformer$$Lambda$4552
instanceKlass scala/tools/nsc/transform/Fields$FieldsTransformer$$Lambda$4551
instanceKlass scala/tools/nsc/transform/Fields$FieldsTransformer$$Lambda$4550
instanceKlass scala/tools/nsc/transform/Fields$FieldsTransformer$$Lambda$4549
instanceKlass scala/tools/nsc/transform/Fields$synthFieldsAndAccessors$$$Lambda$4548
instanceKlass scala/tools/nsc/transform/Fields$synthFieldsAndAccessors$$$Lambda$4547
instanceKlass scala/tools/nsc/transform/Fields$synthFieldsAndAccessors$$$Lambda$4546
instanceKlass scala/tools/nsc/transform/Fields$synthFieldsAndAccessors$$$Lambda$4545
instanceKlass scala/tools/nsc/transform/Fields$synthFieldsAndAccessors$$$Lambda$4544
instanceKlass scala/tools/nsc/transform/AccessorSynthesis$CheckedAccessorSymbolSynth
instanceKlass scala/reflect/internal/Trees$$Lambda$4543
instanceKlass scala/reflect/internal/Trees$ClassDef$$$Lambda$4542
instanceKlass scala/reflect/internal/transform/UnCurry$$anon$3$$Lambda$4541
instanceKlass scala/reflect/internal/Scopes$$Lambda$4540
instanceKlass scala/reflect/internal/transform/UnCurry$$anon$3$$Lambda$4539
instanceKlass scala/reflect/internal/transform/UnCurry$$anon$3$$Lambda$4538
instanceKlass scala/tools/nsc/transform/Fields$FieldsTransformer$$Lambda$4537
instanceKlass scala/tools/nsc/transform/UnCurry$UnCurryTransformer$$Lambda$4536
instanceKlass scala/tools/nsc/transform/UnCurry$UnCurryTransformer$dependentParamTypeErasure$
instanceKlass scala/tools/nsc/transform/UnCurry$UnCurryTransformer$$Lambda$4535
instanceKlass scala/tools/nsc/transform/UnCurry$UnCurryTransformer$$Lambda$4534
instanceKlass scala/tools/nsc/transform/UnCurry$UnCurryTransformer$$Lambda$4533
instanceKlass java/lang/invoke/LambdaForm$MH
instanceKlass scala/tools/nsc/transform/UnCurry$UnCurryTransformer$$Lambda$4532
instanceKlass scala/reflect/internal/transform/UnCurry$DesugaredParameterType$
instanceKlass scala/tools/nsc/typechecker/RefChecks$RefCheckTransformer$$Lambda$4531
instanceKlass scala/tools/nsc/typechecker/RefChecks$RefCheckTransformer$$Lambda$4530
instanceKlass scala/tools/nsc/typechecker/RefChecks$RefCheckTransformer$$Lambda$4529
instanceKlass scala/tools/nsc/typechecker/RefChecks$RefCheckTransformer$StringContextIntrinsic$
instanceKlass scala/tools/nsc/typechecker/RefChecks$RefCheckTransformer$$Lambda$4528
instanceKlass scala/tools/nsc/typechecker/RefChecks$RefCheckTransformer$$Lambda$4527
instanceKlass scala/tools/nsc/typechecker/RefChecks$RefCheckTransformer$$Lambda$4526
instanceKlass scala/tools/nsc/typechecker/RefChecks$RefCheckTransformer$$Lambda$4525
instanceKlass scala/tools/nsc/typechecker/RefChecks$RefCheckTransformer$$Lambda$4524
instanceKlass scala/tools/nsc/typechecker/RefChecks$RefCheckTransformer$$Lambda$4523
instanceKlass scala/tools/nsc/typechecker/RefChecks$RefCheckTransformer$$Lambda$4522
instanceKlass scala/tools/nsc/typechecker/RefChecks$RefCheckTransformer$$Lambda$4521
instanceKlass scala/tools/nsc/typechecker/RefChecks$RefCheckTransformer$$Lambda$4520
instanceKlass scala/tools/nsc/symtab/classfile/ClassfileParser$MemberTypeCompleter$$Lambda$4519
instanceKlass scala/reflect/internal/SymbolPairs$Cursor$$Lambda$4518
instanceKlass scala/reflect/internal/SymbolPairs$Cursor$$Lambda$4517
instanceKlass scala/reflect/internal/util/HashSet$
instanceKlass scala/reflect/internal/SymbolPairs$Cursor
instanceKlass scala/reflect/internal/Types$Type$$Lambda$4516
instanceKlass scala/tools/nsc/typechecker/RefChecks$RefCheckTransformer$$Lambda$4515
instanceKlass scala/reflect/internal/Types$AliasTypeRef$$Lambda$4514
instanceKlass scala/tools/nsc/typechecker/RefChecks$RefCheckTransformer$$Lambda$4513
instanceKlass scala/tools/nsc/typechecker/RefChecks$RefCheckTransformer$LevelInfo
instanceKlass java/lang/Deprecated
instanceKlass scala/tools/nsc/typechecker/Implicits$ImplicitAnnotationMsg
instanceKlass scala/reflect/internal/SymbolPairs
instanceKlass scala/reflect/internal/Types$CompoundType$
instanceKlass scala/reflect/internal/AnnotationInfos$Annotatable$$Lambda$4512
instanceKlass scala/reflect/internal/Types$StaticallyAnnotatedType$
instanceKlass scala/tools/nsc/symtab/classfile/Pickler$Pickle$$Lambda$4511
instanceKlass scala/tools/nsc/symtab/classfile/Pickler$$Lambda$4510
instanceKlass scala/collection/generic/BitSetFactory$$Lambda$4509
instanceKlass scala/tools/nsc/symtab/classfile/Pickler$PicklePhase$$Lambda$4508
instanceKlass scala/tools/nsc/symtab/classfile/Pickler$PicklePhase$$Lambda$4507
instanceKlass scala/tools/nsc/transform/ExtensionMethods$Extender$$Lambda$4506
instanceKlass scala/tools/nsc/typechecker/SuperAccessors$SuperAccTransformer$$Lambda$4505
instanceKlass scala/tools/nsc/typechecker/SuperAccessors$SuperAccTransformer$$Lambda$4504
instanceKlass scala/tools/nsc/typechecker/SuperAccessors$SuperAccTransformer$$Lambda$4503
instanceKlass scala/tools/nsc/typechecker/SuperAccessors$SuperAccTransformer$$Lambda$4502
instanceKlass scala/reflect/api/Trees$Transformer$$Lambda$4501
instanceKlass scala/reflect/internal/Trees$$Lambda$4500
instanceKlass scala/tools/nsc/transform/TypingTransformers$TypingTransformer$$Lambda$4499
instanceKlass scala/reflect/internal/Trees$$Lambda$4498
instanceKlass scala/reflect/internal/Trees$$Lambda$4497
instanceKlass scala/tools/nsc/transform/TypingTransformers$TypingTransformer$$Lambda$4496
instanceKlass scala/tools/nsc/transform/patmat/MatchTranslation$MatchTranslator
instanceKlass scala/tools/nsc/transform/patmat/MatchWarnings$TreeMakerWarnings
instanceKlass scala/tools/nsc/transform/patmat/MatchTreeMaking$TreeMakers
instanceKlass scala/tools/nsc/transform/patmat/MatchCodeGen$CodegenCore
instanceKlass scala/tools/nsc/transform/patmat/Interface$TypedSubstitution
instanceKlass scala/tools/nsc/transform/patmat/Interface$MatchMonadInterface
instanceKlass scala/tools/nsc/typechecker/Typers$$Lambda$4495
instanceKlass scala/util/Sorting$
instanceKlass scala/collection/mutable/AnyRefMap$$anon$1
instanceKlass scala/tools/nsc/typechecker/Analyzer$typerFactory$TyperPhase$$Lambda$4494
instanceKlass scala/tools/nsc/typechecker/SyntheticMethods$$Lambda$4493
instanceKlass scala/tools/nsc/typechecker/SyntheticMethods$$Lambda$4492
instanceKlass scala/tools/nsc/typechecker/SyntheticMethods$$Lambda$4491
instanceKlass java/lang/invoke/LambdaForm$MH
instanceKlass java/lang/invoke/LambdaForm$DMH
instanceKlass java/lang/invoke/LambdaForm$DMH
instanceKlass scala/tools/nsc/typechecker/SyntheticMethods$$Lambda$4490
instanceKlass java/lang/invoke/LambdaForm$DMH
instanceKlass scala/reflect/internal/Symbols$Symbol$$Lambda$4489
instanceKlass scala/reflect/internal/Symbols$Symbol$$Lambda$4488
instanceKlass scala/reflect/internal/Symbols$Symbol$$Lambda$4487
instanceKlass scala/reflect/internal/Symbols$Symbol$$Lambda$4486
instanceKlass scala/reflect/internal/Symbols$Symbol$$Lambda$4485
instanceKlass scala/reflect/internal/Symbols$Symbol$$Lambda$4484
instanceKlass scala/reflect/internal/Symbols$Symbol$$Lambda$4483
instanceKlass scala/tools/nsc/typechecker/MethodSynthesis$ClassMethodSynthesis
instanceKlass scala/tools/nsc/typechecker/SyntheticMethods$$Lambda$4482
instanceKlass scala/tools/nsc/typechecker/Typers$Typer$$Lambda$4481
instanceKlass scala/tools/nsc/typechecker/Typers$Typer$$Lambda$4480
instanceKlass scala/tools/nsc/CompilationUnits$CompilationUnit$synthetics$$$Lambda$4479
instanceKlass scala/tools/nsc/CompilationUnits$CompilationUnit$synthetics$
instanceKlass scala/tools/nsc/typechecker/Infer$Inferencer$$Lambda$4478
instanceKlass scala/tools/nsc/typechecker/Infer$Inferencer$$Lambda$4477
instanceKlass scala/reflect/internal/tpe/TypeConstraints$$Lambda$4476
instanceKlass scala/reflect/internal/Variance
instanceKlass scala/reflect/internal/Variances$$Lambda$4475
instanceKlass scala/collection/mutable/BitSet$
instanceKlass scala/tools/nsc/typechecker/Infer$$Lambda$4474
instanceKlass scala/tools/nsc/typechecker/Infer$Inferencer$$Lambda$4473
instanceKlass scala/reflect/internal/tpe/TypeConstraints$UndoPair
instanceKlass scala/reflect/internal/Types$TypeVar$$Lambda$4472
instanceKlass scala/reflect/internal/tpe/TypeConstraints$TypeConstraint$$Lambda$4471
instanceKlass scala/reflect/internal/tpe/TypeConstraints$TypeConstraint$$Lambda$4470
instanceKlass scala/reflect/internal/tpe/TypeConstraints$TypeConstraint$
instanceKlass scala/reflect/internal/tpe/TypeConstraints$TypeConstraint
instanceKlass scala/reflect/internal/Types$UntouchableTypeVar
instanceKlass scala/reflect/internal/Types$TypeVar$
instanceKlass scala/tools/nsc/typechecker/Infer$Inferencer$$Lambda$4469
instanceKlass scala/tools/nsc/typechecker/Infer$Inferencer$$Lambda$4468
instanceKlass scala/tools/nsc/typechecker/StdAttachments$OriginalTreeAttachment
instanceKlass scala/reflect/internal/pickling/UnPickler$Scan$$Lambda$4467
instanceKlass scala/reflect/internal/pickling/UnPickler$Scan$$Lambda$4466
instanceKlass scala/reflect/internal/Symbols$$Lambda$4465
instanceKlass scala/reflect/internal/tpe/TypeComparers$$Lambda$4464
instanceKlass scala/tools/nsc/typechecker/Implicits$HasMember$$$Lambda$4463
instanceKlass scala/tools/nsc/typechecker/Implicits$HasMember$
instanceKlass scala/tools/nsc/typechecker/Typers$Typer$$Lambda$4462
instanceKlass scala/tools/nsc/typechecker/NamesDefaults$$Lambda$4461
instanceKlass scala/tools/nsc/typechecker/NamesDefaults$$Lambda$4460
instanceKlass scala/tools/nsc/typechecker/NamesDefaults$$Lambda$4459
instanceKlass scala/tools/nsc/typechecker/Infer$Inferencer$$Lambda$4458
instanceKlass scala/tools/nsc/typechecker/Implicits$$Lambda$4457
instanceKlass scala/tools/nsc/typechecker/Implicits$ImplicitSearch$ImplicitComputation$$Lambda$4456
instanceKlass scala/tools/nsc/typechecker/Implicits$ImplicitSearch$ImplicitComputation$$Lambda$4455
instanceKlass scala/tools/nsc/typechecker/Implicits$ImplicitSearch$$Lambda$4454
instanceKlass scala/tools/nsc/typechecker/StdAttachments$SuppressMacroExpansionAttachment$
instanceKlass scala/tools/nsc/typechecker/Infer$AdjustedTypeArgs
instanceKlass scala/tools/nsc/typechecker/StdAttachments$MacroExpansionAttachment
instanceKlass scala/tools/nsc/typechecker/Infer$Inferencer$$Lambda$4453
instanceKlass scala/tools/nsc/typechecker/Implicits$ImplicitSearch$$Lambda$4452
instanceKlass scala/tools/nsc/typechecker/Implicits$ImplicitSearch$$Lambda$4451
instanceKlass scala/tools/nsc/typechecker/Infer$Inferencer$InferMethodAlternativeTwice$1$$Lambda$4450
instanceKlass scala/tools/nsc/typechecker/Infer$Inferencer$InferMethodAlternativeTwice$1$$Lambda$4449
instanceKlass scala/tools/nsc/typechecker/Infer$Inferencer$InferMethodAlternativeTwice$1$$Lambda$4448
instanceKlass scala/tools/nsc/typechecker/Contexts$Context$TryTwice
instanceKlass scala/reflect/internal/TreeInfo$WildcardStarArg$
instanceKlass java/lang/invoke/LambdaForm$MH
instanceKlass java/lang/invoke/LambdaForm$DMH
instanceKlass scala/tools/nsc/typechecker/Typers$Typer$$Lambda$4447
instanceKlass scala/tools/nsc/typechecker/Typers$Typer$$Lambda$4446
instanceKlass scala/tools/nsc/typechecker/Typers$Typer$$Lambda$4445
instanceKlass scala/tools/nsc/typechecker/Implicits$ImplicitSearch$$Lambda$4444
instanceKlass scala/tools/nsc/typechecker/Macros$$Lambda$4443
instanceKlass scala/tools/reflect/FastTrack$FastTrackEntry
instanceKlass scala/reflect/internal/SymbolTable$perRunCaches$$anon$3
instanceKlass scala/reflect/internal/SymbolTable$perRunCaches$$$Lambda$4442
instanceKlass scala/tools/reflect/FastTrack$$Lambda$4441
instanceKlass scala/reflect/reify/Taggers
instanceKlass scala/reflect/quasiquotes/Quasiquotes
instanceKlass scala/reflect/quasiquotes/Reifiers
instanceKlass scala/reflect/quasiquotes/Placeholders
instanceKlass scala/reflect/quasiquotes/Holes
instanceKlass scala/reflect/quasiquotes/Parsers
instanceKlass scala/tools/reflect/FormatInterpolator
instanceKlass scala/tools/reflect/FastTrack
instanceKlass scala/tools/nsc/typechecker/Implicits$OpenImplicit
instanceKlass scala/tools/nsc/typechecker/Implicits$OpenImplicit$
instanceKlass scala/tools/nsc/typechecker/Implicits$ImplicitSearch$ImplicitComputation$$Lambda$4440
instanceKlass scala/tools/nsc/typechecker/Implicits$ImplicitSearch$ImplicitComputation$$Lambda$4439
instanceKlass scala/tools/nsc/typechecker/Implicits$ImplicitSearch$ImplicitComputation$$Lambda$4438
instanceKlass scala/tools/nsc/typechecker/Implicits$ImplicitSearch$ImplicitComputation$Candidate$1
instanceKlass scala/reflect/internal/Types$$Lambda$4437
instanceKlass scala/tools/nsc/typechecker/Implicits$ImplicitSearch$$Lambda$4436
instanceKlass scala/reflect/internal/Types$$Lambda$4435
instanceKlass scala/collection/generic/GenericTraversableTemplate$$Lambda$4434
instanceKlass scala/collection/generic/GenericTraversableTemplate$$Lambda$4433
instanceKlass scala/collection/generic/GenericTraversableTemplate$$Lambda$4432
instanceKlass scala/reflect/internal/Types$$Lambda$4431
instanceKlass scala/reflect/internal/tpe/GlbLubs$$Lambda$4430
instanceKlass scala/reflect/internal/Types$$Lambda$4429
instanceKlass scala/reflect/internal/Depth
instanceKlass scala/reflect/internal/Types$$Lambda$4428
instanceKlass scala/reflect/internal/Types$$Lambda$4427
instanceKlass scala/reflect/internal/DepthFunction
instanceKlass scala/reflect/internal/BaseTypeSeqs$BaseTypeSeq$$Lambda$4426
instanceKlass scala/tools/nsc/typechecker/Implicits$HasMethodMatching$
instanceKlass java/lang/invoke/LambdaForm$MH
instanceKlass scala/reflect/internal/pickling/UnPickler$Scan$$Lambda$4425
instanceKlass scala/reflect/internal/pickling/UnPickler$Scan$$Lambda$4424
instanceKlass scala/tools/nsc/typechecker/Implicits$ImplicitSearch$$Lambda$4423
instanceKlass scala/tools/nsc/typechecker/Implicits$ImplicitSearch$ImplicitComputation$DivergentImplicitRecovery$
instanceKlass scala/reflect/internal/Symbols$Symbol$$Lambda$4422
instanceKlass scala/reflect/internal/Symbols$$Lambda$4421
instanceKlass scala/reflect/internal/Types$$Lambda$4420
instanceKlass scala/tools/nsc/symtab/classfile/ClassfileParser$$Lambda$4419
instanceKlass scala/reflect/internal/Types$Type$$Lambda$4418
instanceKlass scala/reflect/internal/Definitions$ValueClassDefinitions$$Lambda$4417
instanceKlass scala/reflect/internal/Definitions$ValueClassDefinitions$$Lambda$4416
instanceKlass scala/reflect/internal/Definitions$ValueClassDefinitions$$Lambda$4415
instanceKlass scala/tools/nsc/typechecker/Implicits$Shadower
instanceKlass scala/tools/nsc/typechecker/Contexts$Context$$Lambda$4414
instanceKlass scala/tools/nsc/typechecker/Contexts$Context$$Lambda$4413
instanceKlass scala/tools/nsc/typechecker/Contexts$Context$$Lambda$4412
instanceKlass scala/tools/nsc/typechecker/Contexts$Context$$Lambda$4411
instanceKlass java/lang/invoke/LambdaForm$MH
instanceKlass scala/tools/nsc/typechecker/Contexts$Context$$Lambda$4410
instanceKlass scala/tools/nsc/typechecker/Contexts$Context$$Lambda$4409
instanceKlass scala/tools/nsc/typechecker/Implicits$ImplicitSearch$$Lambda$4408
instanceKlass scala/tools/nsc/typechecker/Implicits$ImplicitSearch$ImplicitComputation
instanceKlass scala/tools/nsc/typechecker/ContextErrors$ImplicitsContextErrors
instanceKlass scala/tools/nsc/typechecker/Implicits$Function1$
instanceKlass scala/tools/nsc/typechecker/Typers$Typer$$anon$1$$Lambda$4407
instanceKlass scala/reflect/internal/Symbols$TypeSymbol$$Lambda$4406
instanceKlass scala/reflect/internal/Types$substTypeMapCache$
instanceKlass scala/reflect/internal/pickling/UnPickler$Scan$$Lambda$4405
instanceKlass scala/tools/nsc/typechecker/Typers$Typer$$Lambda$4404
instanceKlass scala/tools/nsc/typechecker/Typers$Typer$$Lambda$4403
instanceKlass scala/tools/nsc/typechecker/Typers$Typer$$Lambda$4402
instanceKlass java/lang/invoke/LambdaForm$DMH
instanceKlass scala/reflect/internal/Symbols$Symbol$$Lambda$4401
instanceKlass scala/reflect/internal/Symbols$Symbol$$Lambda$4400
instanceKlass scala/reflect/internal/Symbols$Symbol$$Lambda$4399
instanceKlass scala/tools/nsc/typechecker/Typers$Typer$$Lambda$4398
instanceKlass scala/tools/nsc/typechecker/Typers$Typer$$Lambda$4397
instanceKlass scala/tools/nsc/typechecker/Typers$Typer$$Lambda$4396
instanceKlass java/lang/invoke/LambdaForm$MH
instanceKlass java/lang/invoke/LambdaForm$DMH
instanceKlass java/lang/invoke/LambdaForm$DMH
instanceKlass scala/tools/nsc/typechecker/Typers$Typer$$Lambda$4395
instanceKlass java/lang/invoke/LambdaForm$DMH
instanceKlass scala/tools/nsc/ast/TreeInfo$ArrayInstantiation$
instanceKlass scala/tools/nsc/typechecker/ConstantFolder
instanceKlass scala/tools/nsc/typechecker/NamesDefaults$NamedApplyInfo
instanceKlass scala/tools/nsc/typechecker/NamesDefaults$NamedApplyBlock$
instanceKlass scala/reflect/internal/Mirrors$RootsBase$$Lambda$4394
instanceKlass scala/reflect/internal/Mirrors$RootsBase$$Lambda$4393
instanceKlass scala/reflect/internal/Mirrors$RootsBase$$Lambda$4392
instanceKlass scala/tools/nsc/typechecker/Typers$Typer$$Lambda$4391
instanceKlass scala/reflect/internal/Symbols$Symbol$$anon$1
instanceKlass scala/tools/nsc/typechecker/Typers$Typer$$Lambda$4390
instanceKlass scala/reflect/internal/StdAttachments$ChangeOwnerAttachment
instanceKlass scala/tools/nsc/typechecker/Typers$Typer$$Lambda$4389
instanceKlass scala/tools/nsc/typechecker/Typers$Typer$$Lambda$4388
instanceKlass scala/tools/nsc/typechecker/Namers$Namer$$Lambda$4387
instanceKlass scala/tools/nsc/typechecker/Namers$Namer$$Lambda$4386
instanceKlass scala/tools/nsc/typechecker/Namers$Namer$$Lambda$4385
instanceKlass scala/tools/nsc/typechecker/Namers$Namer$$Lambda$4384
instanceKlass scala/tools/nsc/typechecker/Namers$Namer$$Lambda$4383
instanceKlass scala/tools/nsc/typechecker/Typers$Typer$$Lambda$4382
instanceKlass scala/tools/nsc/ast/TreeInfo$$Lambda$4381
instanceKlass scala/annotation/ClassfileAnnotation
instanceKlass scala/tools/nsc/typechecker/Typers$Typer$$Lambda$4380
instanceKlass scala/Dynamic
instanceKlass scala/tools/nsc/typechecker/Typers$Typer$$Lambda$4379
instanceKlass scala/tools/nsc/typechecker/Typers$Typer$$Lambda$4378
instanceKlass scala/reflect/internal/Definitions$DefinitionsClass$VarArityClass$
instanceKlass scala/tools/nsc/typechecker/NamesDefaults$ConstructorDefaultsAttachment
instanceKlass scala/tools/nsc/typechecker/Unapplies$ClassForCaseCompanionAttachment
instanceKlass scala/tools/nsc/typechecker/Namers$Namer$$Lambda$4377
instanceKlass scala/tools/nsc/typechecker/Namers$Namer$$Lambda$4376
instanceKlass scala/reflect/internal/Definitions$ValueClassDefinitions$SymbolSet$$Lambda$4375
instanceKlass scala/reflect/internal/Definitions$ValueClassDefinitions$SymbolSet
instanceKlass scala/reflect/internal/Definitions$DefinitionsClass$VarArityClass$$Lambda$4374
instanceKlass scala/tools/nsc/typechecker/Typers$Typer$$Lambda$4373
instanceKlass scala/reflect/internal/TreeInfo$Applied$
instanceKlass scala/reflect/internal/TreeInfo$Applied
instanceKlass scala/tools/nsc/typechecker/Namers$Namer$$Lambda$4372
instanceKlass scala/tools/nsc/typechecker/Namers$Namer$$Lambda$4371
instanceKlass scala/tools/nsc/typechecker/Namers$Namer$MonoTypeCompleter$$Lambda$4370
instanceKlass java/lang/invoke/LambdaForm$MH
instanceKlass scala/tools/nsc/typechecker/Namers$Namer$$Lambda$4369
instanceKlass scala/reflect/internal/tpe/TypeMaps$KeepOnlyTypeConstraints
instanceKlass scala/reflect/internal/tpe/TypeMaps$AnnotationFilter
instanceKlass scala/reflect/internal/Types$TypeRef$$Lambda$4368
instanceKlass scala/reflect/internal/Types$TypeRef$$Lambda$4367
instanceKlass scala/reflect/internal/BaseTypeSeqs$BaseTypeSeq
instanceKlass scala/reflect/internal/pickling/UnPickler$Scan$$Lambda$4366
instanceKlass scala/reflect/internal/pickling/UnPickler$Scan$$Lambda$4365
instanceKlass scala/reflect/internal/pickling/UnPickler$Scan$$Lambda$4364
instanceKlass scala/reflect/internal/pickling/UnPickler$Scan$$Lambda$4363
instanceKlass scala/reflect/internal/pickling/UnPickler$Scan$$Lambda$4362
instanceKlass scala/reflect/internal/pickling/UnPickler$Scan$$Lambda$4361
instanceKlass scala/tools/nsc/typechecker/Contexts$Context$$Lambda$4360
instanceKlass scala/reflect/internal/StdAttachments$PostfixAttachment$
instanceKlass scala/tools/nsc/typechecker/Contexts$BufferingReporter$
instanceKlass scala/tools/nsc/typechecker/Typers$Typer$$Lambda$4359
instanceKlass scala/tools/nsc/typechecker/Contexts$SymbolLookup$$Lambda$4358
instanceKlass scala/tools/nsc/typechecker/TypeDiagnostics$checkDead$
instanceKlass scala/tools/nsc/typechecker/StdAttachments$MacroImplRefAttachment$
instanceKlass scala/tools/nsc/typechecker/TypersTracking$typingStack$
instanceKlass scala/reflect/internal/Types$TypeUnwrapper
instanceKlass scala/tools/nsc/typechecker/Infer$Inferencer$$Lambda$4357
instanceKlass scala/reflect/internal/StdAttachments$LookupAmbiguityWarning
instanceKlass scala/reflect/internal/Scopes$LookupNotFound$
instanceKlass scala/reflect/internal/Scopes$LookupInaccessible
instanceKlass scala/reflect/internal/Scopes$LookupAmbiguous
instanceKlass scala/reflect/internal/Scopes$LookupSucceeded
instanceKlass scala/tools/nsc/typechecker/Contexts$ImportCursor
instanceKlass scala/tools/nsc/typechecker/Typers$Typer$$Lambda$4356
instanceKlass scala/reflect/internal/Scopes$Scope$$Lambda$4355
instanceKlass scala/reflect/internal/Scopes$Scope$$Lambda$4354
instanceKlass scala/reflect/internal/Scopes$Scope$$anon$1
instanceKlass scala/tools/nsc/typechecker/Namers$Namer$$Lambda$4353
instanceKlass scala/tools/nsc/typechecker/Namers$Namer$$Lambda$4352
instanceKlass scala/tools/nsc/typechecker/Namers$Namer$LogTransitions
instanceKlass scala/tools/nsc/typechecker/Typers$SilentResult
instanceKlass scala/reflect/internal/StdAttachments$InlineAnnotatedAttachment
instanceKlass scala/tools/nsc/typechecker/Infer$Inferencer
instanceKlass scala/tools/nsc/typechecker/Checkable$InferCheckable
instanceKlass scala/tools/nsc/typechecker/ContextErrors$InferencerContextErrors
instanceKlass scala/tools/nsc/typechecker/Contexts$ImmediateReporter$
instanceKlass scala/reflect/internal/StdAttachments$KnownDirectSubclassesCalled$
instanceKlass scala/tools/nsc/typechecker/Contexts$ImportInfo
instanceKlass scala/tools/nsc/typechecker/Contexts$$Lambda$4351
instanceKlass scala/reflect/internal/Mirrors$RootsBase$$Lambda$4350
instanceKlass scala/reflect/internal/Mirrors$RootsBase$$Lambda$4349
instanceKlass scala/tools/nsc/typechecker/Contexts$RootImports$
instanceKlass sbt/compiler/Eval$$Lambda$4348
instanceKlass scala/reflect/internal/Trees$$Lambda$4347
instanceKlass scala/reflect/api/Trees$Traverser$$Lambda$4346
instanceKlass scala/tools/nsc/ast/parser/Parsers$Parser$$Lambda$4345
instanceKlass scala/tools/nsc/ast/parser/Parsers$Parser$$Lambda$4344
instanceKlass scala/tools/nsc/ast/parser/Parsers$Parser$PatternContextSensitive$$Lambda$4343
instanceKlass scala/tools/nsc/ast/parser/Parsers$Parser$PatternContextSensitive$$Lambda$4342
instanceKlass scala/tools/nsc/ast/parser/Parsers$Parser$PatternContextSensitive$$Lambda$4341
instanceKlass scala/tools/nsc/ast/parser/Parsers$Parser$outPattern$
instanceKlass scala/tools/nsc/ast/parser/Parsers$Parser$PatternContextSensitive
instanceKlass sbt/compiler/Eval$$anon$1$$Lambda$4340
instanceKlass sbt/compiler/Eval$ParseErrorStrings
instanceKlass scala/tools/nsc/ast/parser/Scanners$Scanner$$anon$3
instanceKlass scala/collection/TraversableLike$$Lambda$4339
instanceKlass sbt/compiler/Eval$$Lambda$4338
instanceKlass scala/tools/nsc/classpath/FileUtils$FileOps$
instanceKlass scala/tools/nsc/classpath/DirectoryLookup$$Lambda$4337
instanceKlass scala/tools/nsc/classpath/JFileDirectoryLookup$$Lambda$4336
instanceKlass scala/tools/nsc/classpath/DirectoryClassPath
instanceKlass scala/tools/nsc/classpath/JFileDirectoryLookup
instanceKlass scala/tools/nsc/classpath/DirectoryLookup
instanceKlass sbt/compiler/EvalReporter$
instanceKlass sbt/compiler/Eval$$Lambda$4335
instanceKlass sbt/compiler/Eval$$Lambda$4334
instanceKlass sbt/compiler/Eval$$Lambda$4333
instanceKlass sbt/compiler/Eval$$Lambda$4332
instanceKlass sbt/io/JavaMilli$$$Lambda$4331
instanceKlass sbt/compiler/Eval$$Lambda$4330
instanceKlass sbt/compiler/Eval$$Lambda$4329
instanceKlass sbt/compiler/Eval$$Lambda$4328
instanceKlass sbt/io/OrFilter
instanceKlass sbt/io/AbstractOrFilter
instanceKlass sbt/compiler/Eval$
instanceKlass sbt/compiler/Eval$$Lambda$4327
instanceKlass sbt/compiler/Eval$$anon$1
instanceKlass sbt/compiler/EvalImports
instanceKlass sbt/internal/EvaluateConfigurations$$$Lambda$4326
instanceKlass sbt/internal/EvaluateConfigurations$TrackedEvalResult
instanceKlass sbt/internal/EvaluateConfigurations$$$Lambda$4325
instanceKlass sbt/internal/EvaluateConfigurations$ParsedFile
instanceKlass sbt/internal/EvaluateConfigurations$$$Lambda$4324
instanceKlass sbt/internal/EvaluateConfigurations$$$Lambda$4323
instanceKlass sbt/internal/EvaluateConfigurations$$$Lambda$4322
instanceKlass sbt/internal/EvaluateConfigurations$$$Lambda$4321
instanceKlass sbt/internal/EvaluateConfigurations$$$Lambda$4320
instanceKlass sbt/internal/parser/SbtParser$$Lambda$4319
instanceKlass sbt/internal/parser/SbtParser$$Lambda$4318
instanceKlass sbt/internal/parser/SbtParser$$Lambda$4317
instanceKlass sbt/internal/parser/SbtParser$$Lambda$4316
instanceKlass sbt/internal/parser/SbtParser$$Lambda$4315
instanceKlass sbt/internal/parser/SbtParser$$Lambda$4314
instanceKlass sbt/internal/parser/SbtParser$$Lambda$4313
instanceKlass sbt/internal/parser/SbtParser$$Lambda$4312
instanceKlass sbt/internal/parser/SbtParser$$Lambda$4311
instanceKlass sbt/internal/parser/SbtParser$$Lambda$4310
instanceKlass sbt/internal/parser/SbtParser$$Lambda$4309
instanceKlass sbt/internal/parser/SbtParser$$Lambda$4308
instanceKlass sbt/internal/parser/SbtParser$$Lambda$4307
instanceKlass scala/tools/nsc/ast/parser/Scanners$Scanner$$Lambda$4306
instanceKlass scala/reflect/internal/StdAttachments$InfixAttachment$
instanceKlass scala/reflect/internal/StdAttachments$PlainAttachment
instanceKlass scala/reflect/internal/StdAttachments$ImportableAttachment
instanceKlass scala/reflect/internal/Precedence
instanceKlass scala/tools/nsc/ast/parser/Parsers$Parser$$Lambda$4305
instanceKlass scala/tools/nsc/ast/parser/Parsers$OpInfo
instanceKlass scala/reflect/internal/Precedence$
instanceKlass scala/reflect/internal/util/Position$
instanceKlass scala/tools/nsc/ast/parser/Parsers$Parser$$Lambda$4304
instanceKlass scala/tools/nsc/ast/parser/Cbuf$
instanceKlass scala/tools/nsc/ast/parser/Cbuf$StringBuilderOps$
instanceKlass scala/reflect/internal/Chars$
instanceKlass scala/reflect/internal/Chars
instanceKlass scala/tools/nsc/ast/parser/Scanners$ScannerData$$anon$2
instanceKlass scala/tools/nsc/ast/parser/Scanners$ScannerData$$anon$1
instanceKlass scala/tools/nsc/util/CharArrayReader
instanceKlass scala/tools/nsc/ast/parser/ScannersCommon$DocScanner
instanceKlass scala/tools/nsc/ast/parser/ScannersCommon$ScannerCommon
instanceKlass scala/tools/nsc/ast/parser/Scanners$ScannerData
instanceKlass scala/tools/nsc/util/CharArrayReaderData
instanceKlass scala/tools/nsc/ast/parser/Scanners$TokenData
instanceKlass scala/tools/nsc/ast/parser/ScannersCommon$CommonTokenData
instanceKlass scala/tools/nsc/ast/parser/ParsersCommon$ParserCommon
instanceKlass scala/collection/mutable/ArrayOps$ofChar$
instanceKlass scala/util/Random
instanceKlass sbt/internal/parser/SbtParser$$$Lambda$4303
instanceKlass sbt/internal/parser/SbtParser
instanceKlass sbt/internal/parser/ParsedSbtFileExpressions
instanceKlass sbt/internal/BuildUtil$$$Lambda$4302
instanceKlass sbt/internal/DetectedPlugins$$Lambda$4301
instanceKlass sbt/internal/DetectedPlugins$$Lambda$4300
instanceKlass sbt/internal/DetectedPlugins$$Lambda$4299
instanceKlass sbt/internal/DetectedPlugins$$Lambda$4298
instanceKlass sbt/internal/DetectedPlugins$$Lambda$4297
instanceKlass sbt/internal/BuildUtil$$$Lambda$4296
instanceKlass sbt/internal/BuildUtil$$$Lambda$4295
instanceKlass sbt/compiler/Eval$$Lambda$4294
instanceKlass sbt/compiler/Eval$EvalType
instanceKlass sbt/internal/Load$$$Lambda$4293
instanceKlass sbt/internal/Load$$$Lambda$4292
instanceKlass sbt/internal/DslEntry
instanceKlass sbt/internal/EvaluateConfigurations$
instanceKlass sbt/internal/Load$$$Lambda$4291
instanceKlass sbt/internal/PluginManagement$$Lambda$4290
instanceKlass sbt/internal/Load$$$Lambda$4289
instanceKlass sbt/internal/GlobalPlugin$$$Lambda$4288
instanceKlass sbt/internal/GlobalPlugin$$$Lambda$4287
instanceKlass sbt/internal/GlobalPlugin$$$Lambda$4286
instanceKlass sbt/internal/GlobalPlugin$$$Lambda$4285
instanceKlass sbt/Scoped$DefinableTask$$Lambda$4284
instanceKlass sbt/internal/GlobalPlugin$$$Lambda$4283
instanceKlass sbt/internal/GlobalPlugin
instanceKlass sbt/std/Streams$$anon$1$$Lambda$4282
instanceKlass sbt/EvaluateTask$$$Lambda$4281
instanceKlass sbt/EvaluateTask$$$Lambda$4280
instanceKlass sbt/SessionVar$Key
instanceKlass sbt/SessionVar$$$Lambda$4279
instanceKlass sbt/SessionVar$$$Lambda$4278
instanceKlass sbt/std/Streams$$anon$2$$anon$3$$Lambda$4277
instanceKlass sbt/SessionVar$$$Lambda$4276
instanceKlass sbt/SessionVar$$$Lambda$4275
instanceKlass sbt/internal/util/Settings0$$Lambda$4274
instanceKlass sbt/SessionVar$$$Lambda$4273
instanceKlass sbt/internal/Aggregation$KeyValue
instanceKlass sbt/EvaluateTask$$$Lambda$4272
instanceKlass sbt/nio/FileStamp$Formats$$anon$1$$Lambda$4271
instanceKlass sbt/util/StampedFormat$$anon$1
instanceKlass sbt/util/StampedFormat$
instanceKlass sbt/Previous$$$Lambda$4270
instanceKlass sbt/Previous$$$Lambda$4269
instanceKlass sbt/Previous$$$Lambda$4268
instanceKlass sbt/Previous$$$Lambda$4267
instanceKlass sbt/Previous$$$Lambda$4266
instanceKlass sbt/Previous$$$Lambda$4265
instanceKlass sbt/Previous$$$Lambda$4264
instanceKlass sbt/Previous$$$Lambda$4263
instanceKlass sbt/Previous$$$Lambda$4262
instanceKlass java/util/IdentityHashMap$EntryIterator$Entry
instanceKlass sbt/Previous$$$Lambda$4261
instanceKlass sbt/EvaluateTask$$$Lambda$4260
instanceKlass sbt/internal/Clean$$$Lambda$4259
instanceKlass sbt/internal/Clean$$$Lambda$4258
instanceKlass sbt/internal/Clean$$$Lambda$4257
instanceKlass sbt/internal/Clean$$$Lambda$4256
instanceKlass sbt/internal/Clean$$$Lambda$4255
instanceKlass sbt/Defaults$$$Lambda$4254
instanceKlass sbt/Execute$$Lambda$4253
instanceKlass sbt/Execute$$Lambda$4252
instanceKlass sbt/internal/librarymanagement/IvyScalaUtil$OverrideScalaMediator
instanceKlass sbt/internal/librarymanagement/IvyScalaUtil$$$Lambda$4251
instanceKlass sbt/internal/librarymanagement/IvyScalaUtil$$$Lambda$4250
instanceKlass org/apache/ivy/core/module/descriptor/IncludeRule
instanceKlass sbt/internal/librarymanagement/IvyScalaUtil$
instanceKlass sbt/internal/librarymanagement/IvySbt$Module$$Lambda$4249
instanceKlass sbt/librarymanagement/Configurations$$$Lambda$4248
instanceKlass sbt/internal/librarymanagement/IvySbt$Module$$Lambda$4247
instanceKlass sbt/internal/librarymanagement/IvySbt$Module$$Lambda$4246
instanceKlass sbt/internal/librarymanagement/CustomXmlParser$CustomParser$$Lambda$4245
instanceKlass sbt/internal/librarymanagement/ivyint/MergedDescriptors
instanceKlass sbt/internal/librarymanagement/ivyint/MergeDescriptors$
instanceKlass sbt/internal/librarymanagement/IvySbt$$$Lambda$4244
instanceKlass sbt/internal/librarymanagement/IvySbt$$$Lambda$4243
instanceKlass scala/runtime/Tuple2Zipped$$$Lambda$4242
instanceKlass scala/runtime/Tuple2Zipped$$$Lambda$4241
instanceKlass sbt/internal/librarymanagement/IvySbt$$$Lambda$4240
instanceKlass scala/runtime/Tuple2Zipped$Ops$
instanceKlass scala/runtime/Tuple2Zipped$
instanceKlass sbt/internal/librarymanagement/IvySbt$$$Lambda$4239
instanceKlass sbt/internal/librarymanagement/IvySbt$$$Lambda$4238
instanceKlass sbt/internal/librarymanagement/IvySbt$$$Lambda$4237
instanceKlass sbt/internal/librarymanagement/IvySbt$$$Lambda$4236
instanceKlass sbt/internal/librarymanagement/IvySbt$$$Lambda$4235
instanceKlass sbt/internal/librarymanagement/IvySbt$$$Lambda$4234
instanceKlass sbt/internal/librarymanagement/IvySbt$$$Lambda$4233
instanceKlass sbt/internal/librarymanagement/IvySbt$$$Lambda$4232
instanceKlass sbt/internal/librarymanagement/IvySbt$$$Lambda$4231
instanceKlass sbt/internal/librarymanagement/IvySbt$$$Lambda$4230
instanceKlass org/apache/ivy/plugins/matcher/ExactPatternMatcher$ExactMatcher
instanceKlass org/apache/ivy/core/module/descriptor/OverrideDependencyDescriptorMediator
instanceKlass sbt/internal/librarymanagement/IvySbt$$$Lambda$4229
instanceKlass org/apache/ivy/util/extendable/ExtendableItemHelper
instanceKlass com/sun/org/apache/xerces/internal/util/ErrorHandlerWrapper
instanceKlass com/sun/org/apache/xerces/internal/xni/parser/XMLErrorHandler
instanceKlass com/sun/org/apache/xerces/internal/impl/ExternalSubsetResolver
instanceKlass com/sun/org/apache/xerces/internal/util/EntityResolverWrapper
instanceKlass org/xml/sax/ext/EntityResolver2
instanceKlass javax/xml/transform/TransformerFactory
instanceKlass org/apache/ivy/util/XMLHelper
instanceKlass org/apache/ivy/core/module/descriptor/ConfigurationAware
instanceKlass scala/xml/Utility$Escapes$$$Lambda$4228
instanceKlass scala/xml/Utility$Escapes$
instanceKlass scala/xml/Utility$$$Lambda$4227
instanceKlass java/lang/invoke/LambdaForm$MH
instanceKlass java/lang/invoke/LambdaForm$DMH
instanceKlass java/lang/invoke/LambdaForm$DMH
instanceKlass scala/xml/Utility$$$Lambda$4226
instanceKlass java/lang/invoke/LambdaForm$DMH
instanceKlass scala/xml/Utility$$$Lambda$4225
instanceKlass scala/xml/NodeSeq$$Lambda$4224
instanceKlass scala/xml/NodeSeq$$Lambda$4223
instanceKlass scala/xml/Elem$
instanceKlass sbt/internal/librarymanagement/IvySbt$$$Lambda$4222
instanceKlass sbt/internal/librarymanagement/IvySbt$$$Lambda$4221
instanceKlass sbt/internal/librarymanagement/IvySbt$$$Lambda$4220
instanceKlass scala/collection/mutable/Builder$$anon$1
instanceKlass scala/xml/NodeSeq$$$Lambda$4219
instanceKlass scala/xml/ScalaVersionSpecific$NodeSeqCBF$
instanceKlass scala/xml/NodeSeq$$Lambda$4218
instanceKlass scala/xml/NodeSeq$$Lambda$4217
instanceKlass sbt/internal/librarymanagement/IvySbt$Module$$Lambda$4216
instanceKlass sbt/internal/librarymanagement/IvySbt$Module$$Lambda$4215
instanceKlass org/apache/ivy/plugins/matcher/AnyMatcher
instanceKlass org/apache/ivy/plugins/matcher/MapMatcher
instanceKlass org/apache/ivy/core/module/id/ArtifactId
instanceKlass sbt/internal/librarymanagement/IvySbt$$$Lambda$4214
instanceKlass sbt/internal/librarymanagement/IvySbt$$$Lambda$4213
instanceKlass sbt/internal/librarymanagement/IvySbt$$$Lambda$4212
instanceKlass sbt/internal/librarymanagement/IvySbt$$$Lambda$4211
instanceKlass sbt/internal/librarymanagement/IvySbt$$$Lambda$4210
instanceKlass org/apache/ivy/core/module/descriptor/AbstractArtifact
instanceKlass sbt/internal/librarymanagement/IvySbt$$$Lambda$4209
instanceKlass sbt/internal/librarymanagement/IvySbt$$$Lambda$4208
instanceKlass sbt/internal/librarymanagement/IvySbt$Module$$Lambda$4207
instanceKlass sbt/internal/librarymanagement/IvySbt$Module$$Lambda$4206
instanceKlass org/apache/ivy/core/module/status/Status
instanceKlass org/apache/ivy/core/module/status/StatusManager
instanceKlass org/apache/ivy/core/settings/IvySettings$2
instanceKlass scala/collection/convert/Wrappers$MapWrapper$$anon$2$$anon$3$$anon$4
instanceKlass org/apache/ivy/core/module/id/ModuleId
instanceKlass org/apache/ivy/Ivy$1
instanceKlass org/apache/ivy/core/repository/RepositoryManagementEngine
instanceKlass org/apache/ivy/core/install/InstallEngine
instanceKlass org/apache/ivy/core/publish/PublishEngine
instanceKlass org/apache/ivy/core/deliver/DeliverEngine
instanceKlass org/apache/ivy/core/retrieve/RetrieveEngine
instanceKlass org/apache/ivy/core/search/SearchEngine
instanceKlass org/apache/ivy/core/sort/SortEngine
instanceKlass org/apache/ivy/core/event/IvyEvent
instanceKlass org/apache/ivy/core/event/EventManager
instanceKlass org/apache/ivy/util/MessageLoggerEngine
instanceKlass sbt/internal/librarymanagement/ivyint/CachedResolutionResolveEngine
instanceKlass org/apache/ivy/core/resolve/ResolveEngine
instanceKlass sbt/internal/librarymanagement/ivyint/ErrorMessageAuthenticator$$$Lambda$4205
instanceKlass sbt/internal/librarymanagement/LMSysProp$$$Lambda$4204
instanceKlass sbt/internal/librarymanagement/ivyint/ErrorMessageAuthenticator$
instanceKlass sbt/internal/librarymanagement/IvySbt$$anon$1
instanceKlass sbt/internal/librarymanagement/IvySbt$$$Lambda$4203
instanceKlass sbt/internal/librarymanagement/ConvertResolver$$anonfun$defaultConvert$lzycompute$1$$Lambda$4202
instanceKlass org/apache/ivy/util/FileUtil
instanceKlass org/apache/ivy/util/Checks
instanceKlass sbt/internal/librarymanagement/ConvertResolver$$$Lambda$4201
instanceKlass sbt/internal/librarymanagement/ConvertResolver$$$Lambda$4200
instanceKlass sbt/internal/librarymanagement/ivyint/SbtChainResolver$$Lambda$4199
instanceKlass sbt/internal/librarymanagement/IvySbt$$$Lambda$4198
instanceKlass java/net/InetAddress$CacheEntry
instanceKlass sun/net/InetAddressCachePolicy$2
instanceKlass sun/net/InetAddressCachePolicy$1
instanceKlass sun/net/InetAddressCachePolicy
instanceKlass java/net/Inet4AddressImpl
instanceKlass org/apache/ivy/util/HostUtil
instanceKlass org/apache/ivy/plugins/resolver/BasicResolver$6
instanceKlass org/apache/ivy/plugins/resolver/BasicResolver$5
instanceKlass org/apache/ivy/util/url/ApacheURLLister
instanceKlass org/apache/ivy/plugins/repository/RepositoryCopyProgressListener
instanceKlass javax/swing/event/EventListenerList
instanceKlass org/apache/ivy/util/CopyProgressListener
instanceKlass org/apache/ivy/plugins/repository/AbstractRepository
instanceKlass org/apache/ivy/plugins/repository/TransferListener
instanceKlass org/apache/ivy/plugins/resolver/util/ResourceMDParser
instanceKlass org/apache/ivy/core/cache/ModuleDescriptorWriter
instanceKlass org/apache/ivy/plugins/resolver/util/ResolvedResource
instanceKlass org/apache/ivy/core/cache/DownloadListener
instanceKlass sbt/internal/librarymanagement/ConvertResolver$ThreadSafeSshBasedResolver
instanceKlass sbt/internal/librarymanagement/ConvertResolver$DescriptorRequired
instanceKlass sbt/internal/librarymanagement/ConvertResolver$ChecksumFriendlyURLResolver
instanceKlass org/apache/ivy/plugins/repository/Repository
instanceKlass sbt/internal/librarymanagement/IvySbt$$$Lambda$4197
instanceKlass sbt/internal/librarymanagement/IvySbt$$$Lambda$4196
instanceKlass org/apache/ivy/core/cache/CacheUtil
instanceKlass org/apache/ivy/core/cache/ModuleDescriptorProvider
instanceKlass org/apache/ivy/plugins/repository/ArtifactResourceResolver
instanceKlass org/apache/ivy/plugins/repository/ResourceDownloader
instanceKlass sbt/internal/librarymanagement/ResolutionCache$
instanceKlass sbt/internal/librarymanagement/ResolutionCache
instanceKlass sbt/internal/librarymanagement/IvySbt$$$Lambda$4195
instanceKlass sbt/internal/librarymanagement/IvySbt$$Lambda$4194
instanceKlass sbt/internal/librarymanagement/ConvertResolver$
instanceKlass sbt/internal/librarymanagement/IvyInternalDefaults$$$Lambda$4193
instanceKlass sbt/internal/librarymanagement/IvyInternalDefaults$$$Lambda$4192
instanceKlass sbt/internal/librarymanagement/IvyInternalDefaults$
instanceKlass org/apache/ivy/plugins/parser/AbstractModuleDescriptorParser
instanceKlass org/apache/ivy/plugins/circular/AbstractCircularDependencyStrategy
instanceKlass org/apache/ivy/plugins/circular/CircularDependencyStrategy
instanceKlass org/apache/ivy/plugins/report/XmlReportWriter
instanceKlass org/apache/ivy/plugins/report/XmlReportOutputter
instanceKlass org/apache/ivy/plugins/report/LogReportOutputter
instanceKlass org/apache/ivy/plugins/matcher/Matcher
instanceKlass org/apache/ivy/plugins/matcher/AbstractPatternMatcher
instanceKlass org/apache/ivy/plugins/lock/FileBasedLockStrategy$CreateFileLocker
instanceKlass org/apache/ivy/plugins/lock/FileBasedLockStrategy$FileLocker
instanceKlass org/apache/ivy/plugins/lock/AbstractLockStrategy
instanceKlass org/apache/ivy/osgi/core/OsgiLatestStrategy$ArtifactInfoComparator
instanceKlass org/apache/ivy/osgi/core/OsgiLatestStrategy$MridComparator
instanceKlass org/apache/ivy/plugins/latest/LatestTimeStrategy$1
instanceKlass org/apache/ivy/plugins/latest/LatestRevisionStrategy$ArtifactInfoComparator
instanceKlass org/apache/ivy/plugins/latest/LatestRevisionStrategy$MridComparator
instanceKlass org/apache/ivy/plugins/latest/LatestLexicographicStrategy$1
instanceKlass org/apache/ivy/plugins/namespace/Namespace
instanceKlass org/apache/ivy/osgi/core/OSGiManifestParser
instanceKlass org/apache/ivy/plugins/conflict/AbstractConflictManager
instanceKlass org/apache/ivy/plugins/signer/bouncycastle/OpenPGPSignatureGenerator
instanceKlass org/apache/ivy/plugins/signer/SignatureGenerator
instanceKlass org/apache/ivy/plugins/trigger/AbstractTrigger
instanceKlass org/apache/ivy/plugins/trigger/Trigger
instanceKlass org/apache/ivy/core/event/IvyListener
instanceKlass org/apache/ivy/plugins/version/AbstractVersionMatcher
instanceKlass org/apache/ivy/plugins/resolver/AbstractResolver
instanceKlass org/apache/ivy/core/settings/Validatable
instanceKlass org/apache/ivy/plugins/resolver/util/HasLatestStrategy
instanceKlass org/apache/ivy/plugins/latest/AbstractLatestStrategy
instanceKlass org/apache/ivy/core/IvyPatternHelper
instanceKlass org/apache/ivy/core/IvyContext
instanceKlass org/apache/ivy/util/AbstractMessageLogger
instanceKlass org/apache/ivy/util/Message
instanceKlass org/apache/ivy/core/module/id/ModuleRules
instanceKlass org/apache/ivy/core/settings/IvyVariableContainerImpl
instanceKlass org/apache/ivy/util/filter/Filter
instanceKlass org/apache/ivy/plugins/version/VersionMatcher
instanceKlass org/apache/ivy/core/RelativeUrlResolver
instanceKlass org/apache/ivy/plugins/report/ReportOutputter
instanceKlass org/apache/ivy/plugins/conflict/ConflictManager
instanceKlass org/apache/ivy/plugins/lock/LockStrategy
instanceKlass org/apache/ivy/plugins/latest/LatestStrategy
instanceKlass org/apache/ivy/core/settings/IvyVariableContainer
instanceKlass org/apache/ivy/core/settings/IvySettings
instanceKlass org/apache/ivy/core/repository/RepositoryManagementEngineSettings
instanceKlass org/apache/ivy/core/retrieve/RetrieveEngineSettings
instanceKlass org/apache/ivy/core/resolve/ResolveEngineSettings
instanceKlass org/apache/ivy/plugins/resolver/ResolverSettings
instanceKlass org/apache/ivy/core/install/InstallEngineSettings
instanceKlass org/apache/ivy/core/check/CheckEngineSettings
instanceKlass org/apache/ivy/core/deliver/DeliverEngineSettings
instanceKlass org/apache/ivy/core/publish/PublishEngineSettings
instanceKlass org/apache/ivy/core/sort/SortEngineSettings
instanceKlass org/apache/ivy/util/url/URLHandlerDispatcher
instanceKlass org/apache/ivy/util/url/AbstractURLHandler
instanceKlass org/apache/ivy/util/url/URLHandlerRegistry
instanceKlass sbt/internal/librarymanagement/IvySbt$$Lambda$4191
instanceKlass sbt/internal/librarymanagement/IvyLoggerInterface
instanceKlass sbt/internal/librarymanagement/IvySbt$Module$$Lambda$4190
instanceKlass sbt/internal/librarymanagement/IvySbt$Module$$Lambda$4189
instanceKlass org/apache/ivy/core/module/descriptor/DefaultModuleDescriptor
instanceKlass sbt/internal/APIMappings$
instanceKlass sbt/internal/ClasspathImpl$$$Lambda$4187
instanceKlass sbt/internal/ClasspathImpl$$$Lambda$4186
instanceKlass sbt/internal/ClasspathImpl$$$Lambda$4184
instanceKlass sbt/Sync$$$Lambda$4182
instanceKlass sbt/Sync$$$Lambda$4181
instanceKlass sbt/Sync$$$Lambda$4180
instanceKlass sbt/Sync$$$Lambda$4179
instanceKlass sbt/Sync$$$Lambda$4178
instanceKlass sbt/io/IO$$$Lambda$4177
instanceKlass sbt/io/IO$$$Lambda$4176
instanceKlass sbt/io/IO$$$Lambda$4175
instanceKlass sbt/Sync$$$Lambda$4174
instanceKlass sbt/internal/util/MRelation$$Lambda$4173
instanceKlass sbt/Sync$$$Lambda$4172
instanceKlass sbt/Sync$$$Lambda$4171
instanceKlass sbt/internal/util/Relation$$$Lambda$4170
instanceKlass sbt/internal/util/Relation$$$Lambda$4169
instanceKlass sbt/Sync$$$Lambda$4168
instanceKlass sbt/Sync$$anon$1
instanceKlass sbt/Sync$$$Lambda$4167
instanceKlass sbt/Sync$$$Lambda$4166
instanceKlass sbt/Sync$$$Lambda$4165
instanceKlass sbt/Sync$$$Lambda$4164
instanceKlass sbt/Sync$$$Lambda$4163
instanceKlass sbt/Sync$$$Lambda$4162
instanceKlass sbt/Sync$$$Lambda$4161
instanceKlass sbt/util/FileInfo$lastModified$$anon$4
instanceKlass sbt/util/ModifiedFileInfo
instanceKlass sbt/util/FileInfo$lastModified$
instanceKlass sbt/Sync$
instanceKlass sbt/Defaults$$$Lambda$4160
instanceKlass sbt/Defaults$$$Lambda$4159
instanceKlass sbt/Defaults$$$Lambda$4158
instanceKlass sbt/io/Mapper$$Lambda$4157
instanceKlass sbt/util/CacheStoreFactory$
instanceKlass sbt/internal/PluginDiscovery$$$Lambda$4156
instanceKlass sbt/internal/PluginDiscovery$$$Lambda$4155
instanceKlass xsbt/api/Discovery$$Lambda$4154
instanceKlass xsbt/api/Discovery
instanceKlass xsbt/api/Discovery$
instanceKlass sbt/Tests$$$Lambda$4153
instanceKlass sbt/Tests$
instanceKlass sbt/Defaults$$$Lambda$4152
instanceKlass sbt/Defaults$$$Lambda$4151
instanceKlass sbt/Defaults$$$Lambda$4150
instanceKlass java/util/AbstractMap$1$1
instanceKlass sbt/Defaults$$$Lambda$4149
instanceKlass sbt/internal/bsp/codec/TaskFinishParamsFormats$$anon$1
instanceKlass sbt/internal/bsp/TaskFinishParams
instanceKlass sbt/internal/bsp/codec/CompileReportFormats$$anon$1
instanceKlass sbt/internal/bsp/StatusCode$
instanceKlass sbt/internal/bsp/TaskFinishParams$
instanceKlass sbt/internal/bsp/CompileReport
instanceKlass sbt/internal/bsp/CompileReport$
instanceKlass sbt/internal/server/BspCompileTask$$$Lambda$4148
instanceKlass sbt/internal/server/BspCompileTask$$$Lambda$4147
instanceKlass sbt/internal/server/BspCompileTask$$$Lambda$4146
instanceKlass sbt/internal/server/BspCompileTask$$$Lambda$4145
instanceKlass sbt/internal/server/BspCompileTask$$Lambda$4144
instanceKlass scala/collection/convert/Wrappers$MapWrapper$$anon$2$$anon$3
instanceKlass sbt/internal/server/BuildServerReporterImpl$$Lambda$4143
instanceKlass sbt/internal/server/BuildServerReporterImpl$$Lambda$4142
instanceKlass sbt/internal/DefaultRunProfiler$$Lambda$4141
instanceKlass sbt/internal/inc/ClassFileManager$TransactionalClassFileManager$$Lambda$4140
instanceKlass sbt/io/IO$$$Lambda$4139
instanceKlass java/lang/invoke/LambdaForm$MH
instanceKlass java/lang/invoke/LambdaForm$DMH
instanceKlass java/lang/invoke/LambdaForm$DMH
instanceKlass sbt/internal/inc/Incremental$$$Lambda$4138
instanceKlass java/lang/invoke/LambdaForm$DMH
instanceKlass sbt/internal/inc/IncrementalCommon$$Lambda$4137
instanceKlass sbt/internal/inc/IncrementalCommon$$Lambda$4136
instanceKlass sbt/internal/inc/IncrementalCommon$$Lambda$4135
instanceKlass sbt/internal/inc/IncrementalCommon$$Lambda$4134
instanceKlass sbt/internal/inc/IncrementalCommon$$Lambda$4133
instanceKlass sbt/internal/inc/IncrementalCommon$$Lambda$4132
instanceKlass sbt/internal/inc/MRelationsNameHashing$$Lambda$4131
instanceKlass sbt/internal/inc/MRelationsNameHashing$$Lambda$4130
instanceKlass sbt/internal/inc/Relations$ClassDependencies
instanceKlass sbt/internal/inc/IncrementalCommon$$Lambda$4129
instanceKlass scala/collection/convert/DecorateAsScala$$Lambda$4128
instanceKlass scala/collection/convert/Wrappers$SetWrapper$$anon$1
instanceKlass scala/collection/convert/DecorateAsJava$$Lambda$4127
instanceKlass sbt/internal/inc/Incremental$$anon$1
instanceKlass sbt/internal/inc/Incremental$$$Lambda$4126
instanceKlass sbt/internal/DefaultRunProfiler$$Lambda$4125
instanceKlass sbt/internal/inc/InitialChanges
instanceKlass sbt/internal/inc/LookupImpl$$Lambda$4124
instanceKlass sbt/internal/inc/APIChanges$$Lambda$4123
instanceKlass sbt/internal/inc/APIChange
instanceKlass xsbti/compile/APIChange
instanceKlass sbt/internal/inc/APIChanges
instanceKlass sbt/internal/inc/IncrementalCommon$$Lambda$4122
instanceKlass sbt/internal/inc/IncrementalCommon$$Lambda$4121
instanceKlass sbt/internal/inc/IncrementalCommon$$Lambda$4120
instanceKlass java/lang/invoke/LambdaForm$MH
instanceKlass java/lang/invoke/LambdaForm$DMH
instanceKlass java/lang/invoke/LambdaForm$DMH
instanceKlass sbt/internal/inc/IncrementalCommon$$$Lambda$4119
instanceKlass java/lang/invoke/LambdaForm$DMH
instanceKlass sbt/internal/inc/IncrementalCommon$$Lambda$4118
instanceKlass sbt/internal/inc/LookupImpl$$Lambda$4117
instanceKlass scala/collection/parallel/ParIterableLike$$Lambda$4116
instanceKlass scala/collection/parallel/ParIterableLike$$anon$14
instanceKlass scala/collection/parallel/ParIterableLike$Filter
instanceKlass sbt/internal/inc/IncrementalCommon$$Lambda$4115
instanceKlass scala/collection/MapLike$FilteredKeys$$Lambda$4114
instanceKlass scala/collection/immutable/NewRedBlackTree$TreeIterator
instanceKlass sbt/internal/inc/IncrementalCommon$$Lambda$4113
instanceKlass sbt/internal/inc/LookupImpl$$Lambda$4112
instanceKlass sbt/internal/inc/WrappedSet
instanceKlass sbt/internal/inc/IncrementalCommon$$anon$2$$Lambda$4111
instanceKlass sbt/internal/inc/IncrementalCommon$$anon$2$$Lambda$4110
instanceKlass sbt/internal/inc/IncrementalCommon$$anon$2$$Lambda$4109
instanceKlass sbt/internal/inc/IncrementalCommon$$anon$2$$Lambda$4108
instanceKlass sbt/internal/inc/IncrementalCommon$$Lambda$4107
instanceKlass sbt/internal/inc/IncrementalCommon$$Lambda$4106
instanceKlass sbt/internal/inc/IncrementalCommon$$Lambda$4105
instanceKlass sbt/internal/inc/UnderlyingChanges
instanceKlass xsbti/compile/Changes
instanceKlass sbt/internal/inc/LookupImpl$$Lambda$4104
instanceKlass sbt/internal/inc/LookupImpl$$Lambda$4103
instanceKlass sbt/internal/inc/Incremental$$$Lambda$4102
instanceKlass sbt/internal/inc/Incremental$$$Lambda$4101
instanceKlass sbt/internal/inc/AnalysisCallback$Builder
instanceKlass sbt/internal/inc/Incremental$$$Lambda$4100
instanceKlass sbt/internal/inc/MemberRefInvalidator$$Lambda$4099
instanceKlass sbt/internal/inc/MemberRefInvalidator
instanceKlass sbt/internal/DefaultRunProfiler
instanceKlass xsbti/compile/InitialChanges
instanceKlass sbt/internal/inc/Incremental$$$Lambda$4098
instanceKlass sbt/internal/inc/Incremental$$$Lambda$4097
instanceKlass sbt/internal/inc/Incremental$$$Lambda$4096
instanceKlass sbt/internal/inc/Incremental$$$Lambda$4095
instanceKlass sbt/internal/inc/InitialStamps
instanceKlass sbt/internal/inc/Incremental$$$Lambda$4094
instanceKlass sbt/internal/inc/IncrementalCompilerImpl$$Lambda$4093
instanceKlass xsbti/AnalysisCallback
instanceKlass sbt/internal/inc/MStamps$$Lambda$4092
instanceKlass scala/collection/immutable/NewRedBlackTree$
instanceKlass scala/collection/immutable/SortedMap$Default
instanceKlass scala/collection/SortedMap$Default
instanceKlass sbt/internal/inc/MAnalysis$$Lambda$4091
instanceKlass sbt/internal/inc/MAnalysis$$Lambda$4090
instanceKlass sbt/internal/inc/MAnalysis$$Lambda$4089
instanceKlass sbt/internal/inc/MAnalysis$$Lambda$4088
instanceKlass sbt/internal/inc/MAnalysis$$Lambda$4087
instanceKlass sbt/internal/inc/ExternalDependencies$$Lambda$4086
instanceKlass sbt/internal/inc/ExternalDependencies$$Lambda$4085
instanceKlass sbt/internal/inc/InternalDependencies$$Lambda$4084
instanceKlass sbt/internal/inc/InternalDependencies$$Lambda$4083
instanceKlass sbt/internal/util/MRelation$$Lambda$4082
instanceKlass sbt/internal/inc/MRelationsNameHashing$$Lambda$4081
instanceKlass sbt/io/IO$$$Lambda$4080
instanceKlass sbt/io/IO$$$Lambda$4079
instanceKlass sbt/io/IO$$$Lambda$4078
instanceKlass sbt/internal/inc/ClassFileManager$TransactionalClassFileManager$$Lambda$4077
instanceKlass sbt/internal/inc/ClassFileManager$TransactionalClassFileManager$$Lambda$4076
instanceKlass sbt/internal/inc/ClassFileManager$TransactionalClassFileManager$$Lambda$4075
instanceKlass sbt/internal/inc/ClassFileManager$TransactionalClassFileManager$$Lambda$4074
instanceKlass sbt/internal/inc/ClassFileManager$TransactionalClassFileManager$$Lambda$4073
instanceKlass sbt/internal/inc/AbstractClassFileManager$$Lambda$4072
instanceKlass sbt/internal/inc/AbstractClassFileManager$$Lambda$4071
instanceKlass sbt/internal/inc/AbstractClassFileManager$$Lambda$4070
instanceKlass sbt/internal/inc/ClassFileManager$TransactionalClassFileManager$$Lambda$4069
instanceKlass sbt/internal/inc/IncrementalCommon$$$Lambda$4068
instanceKlass sbt/internal/inc/IncrementalCommon$$$Lambda$4067
instanceKlass xsbti/compile/WrappedClassFileManager
instanceKlass sbt/internal/inc/ClassFileManager$$$Lambda$4066
instanceKlass sbt/internal/inc/ClassFileManager$TransactionalClassFileManager$$Lambda$4065
instanceKlass sbt/io/IO$$$Lambda$4064
instanceKlass sbt/internal/inc/AbstractClassFileManager
instanceKlass sbt/internal/inc/ClassFileManager$$$Lambda$4063
instanceKlass sbt/internal/inc/ClassFileManager$$$Lambda$4062
instanceKlass xsbti/compile/ClassFileManager
instanceKlass sbt/internal/inc/ClassFileManager$
instanceKlass sbt/internal/inc/IncrementalCommon$
instanceKlass sbt/internal/inc/MiniSetupUtil$$anon$1
instanceKlass sbt/internal/inc/MiniSetupUtil$$anon$8
instanceKlass sbt/internal/inc/MiniSetupUtil$$anon$7
instanceKlass sbt/internal/inc/MiniSetupUtil$$anon$6
instanceKlass sbt/internal/inc/MiniSetupUtil$$anon$5
instanceKlass scala/math/Equiv$$anon$4
instanceKlass sbt/internal/inc/MiniSetupUtil$$$Lambda$4061
instanceKlass sbt/internal/inc/MiniSetupUtil$$anon$4$$Lambda$4060
instanceKlass sbt/internal/inc/MiniSetupUtil$$anon$4
instanceKlass sbt/internal/inc/MiniSetupUtil$$anon$3
instanceKlass sbt/internal/inc/MiniSetupUtil$$anon$2
instanceKlass sbt/internal/inc/MiniSetupUtil$
instanceKlass sbt/internal/inc/Incremental$CompileCycle
instanceKlass xsbti/compile/DependencyChanges
instanceKlass sbt/internal/inc/IncrementalCommon
instanceKlass sbt/internal/inc/InvalidationProfilerUtils
instanceKlass xsbti/compile/RunProfiler$DelegatingRunProfiler
instanceKlass sbt/internal/inc/RunProfiler
instanceKlass sbt/internal/inc/Incremental$
instanceKlass sbt/internal/inc/LookupImpl
instanceKlass sbt/internal/inc/MixedAnalyzingCompiler$$Lambda$4059
instanceKlass sbt/internal/inc/javac/ClassFinder
instanceKlass sbt/internal/inc/javac/AnalyzingJavaCompiler
instanceKlass sbt/internal/inc/MixedAnalyzingCompiler
instanceKlass sbt/internal/inc/Locate$$$Lambda$4058
instanceKlass sbt/internal/inc/Locate$
instanceKlass sbt/internal/inc/MixedAnalyzingCompiler$$$Lambda$4057
instanceKlass sbt/internal/inc/CompilerArguments$$Lambda$4056
instanceKlass sbt/internal/inc/ScalaInstance$$Lambda$4055
instanceKlass sbt/internal/inc/CompilerArguments$$Lambda$4054
instanceKlass sbt/internal/inc/PlainVirtualFile$
instanceKlass sbt/internal/inc/MixedAnalyzingCompiler$$$Lambda$4053
instanceKlass sbt/internal/inc/CompilerArguments$$Lambda$4052
instanceKlass sbt/io/PathFinder$$$Lambda$4051
instanceKlass sbt/internal/inc/CompilerArguments$$Lambda$4050
instanceKlass sbt/internal/inc/MixedAnalyzingCompiler$$$Lambda$4049
instanceKlass sbt/internal/inc/CompilerArguments$$Lambda$4048
instanceKlass sbt/io/IO$$$Lambda$4047
instanceKlass sbt/internal/inc/CompilerArguments$$$Lambda$4046
instanceKlass sbt/internal/inc/CompilerArguments$$Lambda$4045
instanceKlass sbt/internal/inc/CompilerArguments$$Lambda$4044
instanceKlass sbt/internal/inc/CompilerArguments$$Lambda$4043
instanceKlass sbt/internal/inc/MixedAnalyzingCompiler$$$Lambda$4042
instanceKlass sbt/internal/inc/MixedAnalyzingCompiler$$$Lambda$4041
instanceKlass sbt/internal/inc/MixedAnalyzingCompiler$$$Lambda$4040
instanceKlass sbt/internal/inc/MixedAnalyzingCompiler$$$Lambda$4039
instanceKlass sbt/internal/inc/CompilerArguments$
instanceKlass sbt/internal/inc/MixedAnalyzingCompiler$$$Lambda$4038
instanceKlass sbt/internal/inc/MixedAnalyzingCompiler$$$Lambda$4037
instanceKlass sbt/internal/inc/CompileConfiguration
instanceKlass xsbti/compile/MiniSetup
instanceKlass sbt/internal/inc/MixedAnalyzingCompiler$$$Lambda$4036
instanceKlass sbt/internal/inc/ScalaInstance$$Lambda$4035
instanceKlass xsbti/compile/MiniOptions
instanceKlass scala/collection/parallel/ParIterableLike$CopyToArray$$Lambda$4034
instanceKlass scala/collection/parallel/ParIterableLike$CopyToArray$$Lambda$4033
instanceKlass scala/collection/parallel/ParIterableLike$CopyToArray$$Lambda$4032
instanceKlass scala/collection/TraversableLike$$Lambda$4031
instanceKlass scala/collection/parallel/ParIterableLike$CopyToArray$$Lambda$4030
instanceKlass scala/collection/parallel/mutable/ParArray$ParArrayIterator$
instanceKlass scala/collection/parallel/mutable/ParArray$ParArrayIterator
instanceKlass scala/collection/parallel/ParIterableLike$CopyToArray
instanceKlass sbt/internal/inc/FarmHash$
instanceKlass sbt/internal/inc/Stamper$$$Lambda$4022
instanceKlass scala/collection/parallel/mutable/ParArray$Map
instanceKlass sbt/internal/inc/caching/ClasspathCache$$$Lambda$4021
instanceKlass xsbti/compile/FileHash
instanceKlass scala/collection/parallel/mutable/LazyCombiner$$Lambda$4020
instanceKlass scala/collection/parallel/mutable/ResizableParArrayCombiner$$anon$1
instanceKlass scala/collection/parallel/mutable/ResizableParArrayCombiner
instanceKlass scala/collection/parallel/mutable/LazyCombiner
instanceKlass scala/collection/parallel/mutable/ResizableParArrayCombiner$
instanceKlass scala/collection/parallel/mutable/package$
instanceKlass scala/collection/parallel/mutable/ParArray
instanceKlass scala/collection/parallel/mutable/ParSeq
instanceKlass scala/collection/parallel/mutable/ParIterable
instanceKlass scala/collection/parallel/package$CollectionsHaveToParArray
instanceKlass sbt/internal/inc/MixedAnalyzingCompiler$$$Lambda$4019
instanceKlass sbt/internal/inc/StampBase
instanceKlass sbt/internal/inc/caching/ClasspathCache$
instanceKlass sbt/internal/inc/IncrementalCompilerImpl$$Lambda$4018
instanceKlass sbt/internal/inc/IncrementalCompilerImpl$$Lambda$4017
instanceKlass sbt/internal/inc/JarUtils$$$Lambda$4016
instanceKlass sbt/internal/inc/JarUtils$OutputJarContent
instanceKlass sbt/internal/inc/IndexBasedZipOps
instanceKlass sbt/internal/inc/CreateZip
instanceKlass sbt/internal/inc/JarUtils$
instanceKlass sbt/internal/inc/IncrementalCompilerImpl$$Lambda$4015
instanceKlass sbt/internal/inc/IncrementalCompilerImpl$$Lambda$4014
instanceKlass sbt/internal/inc/MCompilations
instanceKlass sbt/internal/inc/Compilations
instanceKlass sbt/internal/inc/Compilations$
instanceKlass sbt/internal/inc/MSourceInfos
instanceKlass sbt/internal/inc/UnderlyingSourceInfo
instanceKlass xsbti/compile/analysis/SourceInfo
instanceKlass sbt/internal/inc/SourceInfos
instanceKlass sbt/internal/inc/SourceInfos$
instanceKlass sbt/internal/inc/UsedNames$
instanceKlass sbt/internal/inc/ExternalDependencies
instanceKlass sbt/internal/inc/ExternalDependencies$
instanceKlass sbt/internal/inc/InternalDependencies
instanceKlass sbt/internal/inc/InternalDependencies$
instanceKlass sbt/internal/inc/MRelationsNameHashing
instanceKlass sbt/internal/inc/Relations
instanceKlass sbt/internal/inc/Relations$
instanceKlass sbt/internal/inc/MAPIs
instanceKlass xsbti/api/AnalyzedClass
instanceKlass xsbti/api/NameHash
instanceKlass xsbti/api/SafeLazyProxy$$anon$1
instanceKlass sbt/internal/inc/APIs$$$Lambda$4013
instanceKlass xsbti/api/Companions
instanceKlass xsbti/api/TypeParameter
instanceKlass xsbti/api/Annotation
instanceKlass xsbti/api/SafeLazy$Thunky
instanceKlass xsbti/api/AbstractLazy
instanceKlass xsbti/api/SafeLazy
instanceKlass xsbti/api/SafeLazyProxy$$anon$2
instanceKlass xsbti/api/SafeLazyProxy$
instanceKlass xsbt/api/APIUtil$$$Lambda$4012
instanceKlass xsbt/api/APIUtil$$$Lambda$4011
instanceKlass xsbt/api/APIUtil$
instanceKlass xsbti/api/Modifiers
instanceKlass sbt/internal/inc/APIs
instanceKlass sbt/internal/inc/APIs$
instanceKlass sbt/internal/inc/MStamps
instanceKlass xsbti/compile/analysis/ReadSourceInfos
instanceKlass xsbti/compile/analysis/ReadCompilations
instanceKlass sbt/internal/inc/MAnalysis
instanceKlass sbt/internal/inc/Analysis
instanceKlass sbt/internal/inc/Analysis$
instanceKlass java/lang/invoke/LambdaForm$MH
instanceKlass java/lang/invoke/LambdaForm$DMH
instanceKlass sbt/internal/inc/IncrementalCompilerImpl$$Lambda$4010
instanceKlass java/lang/invoke/LambdaForm$DMH
instanceKlass sbt/internal/inc/IncrementalCompilerImpl$$Lambda$4009
instanceKlass sbt/internal/inc/IncrementalCompilerImpl$$Lambda$4008
instanceKlass sbt/internal/inc/JavaInterfaceUtil$EnrichSbtTuple
instanceKlass sbt/internal/inc/IncrementalCompilerImpl$$Lambda$4007
instanceKlass sbt/OptionSyntax$
instanceKlass sbt/OptionSyntax
instanceKlass sbt/OptionSyntax$RichOptional$
instanceKlass sbt/internal/server/BspCompileProgress
instanceKlass sbt/Defaults$$$Lambda$4006
instanceKlass sbt/internal/server/BspCompileTask$$$Lambda$4005
instanceKlass sbt/internal/CommandExchange$$Lambda$4004
instanceKlass sbt/internal/bsp/codec/TaskStartParamsFormats$$anon$1
instanceKlass sbt/internal/bsp/TaskStartParams
instanceKlass sbt/internal/bsp/TaskStartParams$
instanceKlass sbt/internal/bsp/codec/BuildTargetIdentifierFormats$$anon$1
instanceKlass sbt/internal/bsp/codec/CompileTaskFormats$$anon$1
instanceKlass sbt/internal/bsp/codec/JsonProtocol$
instanceKlass sbt/internal/bsp/codec/JsonProtocol
instanceKlass sbt/internal/bsp/codec/JvmRunEnvironmentResultFormats
instanceKlass sbt/internal/bsp/codec/JvmRunEnvironmentParamsFormats
instanceKlass sbt/internal/bsp/codec/JvmTestEnvironmentResultFormats
instanceKlass sbt/internal/bsp/codec/JvmTestEnvironmentParamsFormats
instanceKlass sbt/internal/bsp/codec/JvmEnvironmentItemFormats
instanceKlass sbt/internal/bsp/codec/ResourcesResultFormats
instanceKlass sbt/internal/bsp/codec/ResourcesItemFormats
instanceKlass sbt/internal/bsp/codec/ResourcesParamsFormats
instanceKlass sbt/internal/bsp/codec/ScalaMainClassesResultFormats
instanceKlass sbt/internal/bsp/codec/ScalaMainClassesItemFormats
instanceKlass sbt/internal/bsp/codec/ScalaMainClassFormats
instanceKlass sbt/internal/bsp/codec/ScalaMainClassesParamsFormats
instanceKlass sbt/internal/bsp/codec/ScalaTestClassesResultFormats
instanceKlass sbt/internal/bsp/codec/ScalaTestClassesParamsFormats
instanceKlass sbt/internal/bsp/codec/ScalaTestParamsFormats
instanceKlass sbt/internal/bsp/codec/ScalaTestClassesItemFormats
instanceKlass sbt/internal/bsp/codec/MetalsMetadataFormats
instanceKlass sbt/internal/bsp/codec/BspConnectionDetailsFormats
instanceKlass sbt/internal/bsp/codec/ScalacOptionsResultFormats
instanceKlass sbt/internal/bsp/codec/ScalacOptionsItemFormats
instanceKlass sbt/internal/bsp/codec/ScalacOptionsParamsFormats
instanceKlass sbt/internal/bsp/codec/SbtBuildTargetFormats
instanceKlass sbt/internal/bsp/codec/ScalaBuildTargetFormats
instanceKlass sbt/internal/bsp/codec/RunResultFormats
instanceKlass sbt/internal/bsp/codec/RunParamsFormats
instanceKlass sbt/internal/bsp/codec/TestResultFormats
instanceKlass sbt/internal/bsp/codec/TestParamsFormats
instanceKlass sbt/internal/bsp/codec/CompileReportFormats
instanceKlass sbt/internal/bsp/codec/CompileTaskFormats
instanceKlass sbt/internal/bsp/codec/CleanCacheResultFormats
instanceKlass sbt/internal/bsp/codec/CleanCacheParamsFormats
instanceKlass sbt/internal/bsp/codec/BspCompileResultFormats
instanceKlass sbt/internal/bsp/codec/CompileParamsFormats
instanceKlass sbt/internal/bsp/codec/TaskFinishParamsFormats
instanceKlass sbt/internal/bsp/codec/TaskProgressParamsFormats
instanceKlass sbt/internal/bsp/codec/TaskStartParamsFormats
instanceKlass sbt/internal/bsp/codec/DependencySourcesResultFormats
instanceKlass sbt/internal/bsp/codec/DependencySourcesItemFormats
instanceKlass sbt/internal/bsp/codec/DependencySourcesParamsFormats
instanceKlass sbt/internal/bsp/codec/OutputPathsResultFormats
instanceKlass sbt/internal/bsp/codec/OutputPathsItemFormats
instanceKlass sbt/internal/bsp/codec/OutputPathItemFormats
instanceKlass sbt/internal/bsp/codec/OutputPathsParamsFormats
instanceKlass sbt/internal/bsp/codec/SourcesResultFormats
instanceKlass sbt/internal/bsp/codec/SourcesItemFormats
instanceKlass sbt/internal/bsp/codec/SourceItemFormats
instanceKlass sbt/internal/bsp/codec/SourcesParamsFormats
instanceKlass sbt/internal/bsp/codec/WorkspaceBuildTargetsResultFormats
instanceKlass sbt/internal/bsp/codec/PublishDiagnosticsParamsFormats
instanceKlass sbt/internal/bsp/codec/InitializeBuildResultFormats
instanceKlass sbt/internal/bsp/codec/BuildServerCapabilitiesFormats
instanceKlass sbt/internal/bsp/codec/RunProviderFormats
instanceKlass sbt/internal/bsp/codec/TestProviderFormats
instanceKlass sbt/internal/bsp/codec/CompileProviderFormats
instanceKlass sbt/internal/bsp/codec/InitializeBuildParamsFormats
instanceKlass sbt/internal/bsp/codec/BuildClientCapabilitiesFormats
instanceKlass sbt/internal/bsp/codec/DiagnosticFormats
instanceKlass sbt/internal/bsp/codec/ScalaDiagnosticFormats
instanceKlass sbt/internal/bsp/codec/ScalaActionFormats
instanceKlass sbt/internal/bsp/codec/ScalaWorkspaceEditFormats
instanceKlass sbt/internal/bsp/codec/ScalaTextEditFormats
instanceKlass sbt/internal/bsp/codec/DiagnosticRelatedInformationFormats
instanceKlass sbt/internal/bsp/codec/LocationFormats
instanceKlass sbt/internal/bsp/codec/RangeFormats
instanceKlass sbt/internal/bsp/codec/PositionFormats
instanceKlass sbt/internal/bsp/codec/TextDocumentIdentifierFormats
instanceKlass sbt/internal/bsp/codec/TaskIdFormats
instanceKlass sbt/internal/bsp/codec/DebugSessionParamsFormats
instanceKlass sbt/internal/bsp/codec/DebugSessionAddressFormats
instanceKlass sbt/internal/bsp/codec/BuildTargetFormats
instanceKlass sbt/internal/bsp/codec/BuildTargetCapabilitiesFormats
instanceKlass sbt/internal/bsp/codec/BuildTargetIdentifierFormats
instanceKlass sbt/internal/bsp/CompileTask
instanceKlass sbt/internal/bsp/CompileTask$
instanceKlass sbt/internal/bsp/BuildTargetName$
instanceKlass sbt/internal/bsp/TaskId
instanceKlass sbt/internal/bsp/BuildServerTasks$
instanceKlass sbt/internal/bsp/TaskId$
instanceKlass sbt/Defaults$$$Lambda$4003
instanceKlass sbt/internal/server/BspCompileTask
instanceKlass sbt/internal/server/BspCompileTask$
instanceKlass sbt/internal/inc/JavaInterfaceUtil$EnrichOptional
instanceKlass sbt/internal/inc/FileAnalysisStore$BinaryFileStore$$Lambda$4002
instanceKlass scala/util/control/Exception$$$Lambda$4001
instanceKlass scala/util/control/Exception$$$Lambda$4000
instanceKlass xsbti/compile/AnalysisStore$SyncedAnalysisStore
instanceKlass sbt/internal/inc/MixedAnalyzingCompiler$$$Lambda$3999
instanceKlass sbt/internal/inc/MixedAnalyzingCompiler$$$Lambda$3998
instanceKlass sbt/internal/inc/MixedAnalyzingCompiler$$$Lambda$3997
instanceKlass xsbti/compile/AnalysisStore$CachedAnalysisStore
instanceKlass sbt/internal/inc/binary/converters/ProtobufReaders$$Lambda$3996
instanceKlass sbt/internal/inc/binary/converters/ProtobufReaders$$Lambda$3995
instanceKlass sbt/internal/inc/binary/converters/ProtobufReaders$$Lambda$3994
instanceKlass sbt/internal/inc/binary/converters/ProtobufReaders$$Lambda$3993
instanceKlass sbt/internal/inc/Schema$Version$1
instanceKlass sbt/internal/shaded/com/google/protobuf/Internal$EnumLiteMap
instanceKlass sbt/internal/shaded/com/google/protobuf/ProtocolMessageEnum
instanceKlass sbt/internal/shaded/com/google/protobuf/Internal$EnumLite
instanceKlass xsbti/api/Type
instanceKlass xsbti/compile/analysis/Compilation
instanceKlass sbt/internal/inc/UsedNames
instanceKlass xsbti/api/Access
instanceKlass xsbti/api/Qualifier
instanceKlass xsbti/api/PathComponent
instanceKlass xsbti/api/Lazy
instanceKlass xsbti/api/Definition
instanceKlass sbt/internal/inc/binary/converters/ProtobufReaders
instanceKlass sbt/internal/inc/binary/converters/ProtobufWriters$$Lambda$3992
instanceKlass sbt/internal/inc/binary/converters/ProtobufWriters$$Lambda$3991
instanceKlass sbt/internal/inc/binary/converters/ProtobufWriters$$Lambda$3990
instanceKlass sbt/internal/inc/binary/converters/ProtobufWriters$$Lambda$3989
instanceKlass sbt/internal/inc/binary/converters/ProtobufWriters
instanceKlass sbt/internal/inc/binary/BinaryAnalysisFormat
instanceKlass sbt/internal/inc/FileAnalysisStore$BinaryFileStore
instanceKlass xsbti/compile/analysis/WriteMapper$1
instanceKlass xsbti/compile/analysis/WriteMapper
instanceKlass xsbti/compile/analysis/ReadMapper$1
instanceKlass xsbti/compile/analysis/ReadMapper
instanceKlass xsbti/compile/analysis/GenericMapper
instanceKlass xsbti/compile/analysis/ReadWriteMappers
instanceKlass sbt/internal/inc/text/TextAnalysisFormat
instanceKlass sbt/internal/inc/text/RelationsTextFormat
instanceKlass sbt/internal/inc/text/FormatCommons
instanceKlass xsbti/compile/AnalysisStore
instanceKlass sbt/internal/inc/FileAnalysisStore$
instanceKlass sbt/internal/inc/MixedAnalyzingCompiler$
instanceKlass sbt/util/InterfaceUtil$$anon$2
instanceKlass sbt/util/InterfaceUtil$ConcreteT2
instanceKlass sbt/internal/inc/CompileOutput$ConcreteSingleOutput
instanceKlass xsbti/compile/SingleOutput
instanceKlass sbt/Defaults$$$Lambda$3988
instanceKlass sbt/internal/inc/MappedVirtualFile$$$Lambda$3987
instanceKlass sbt/Defaults$$$Lambda$3986
instanceKlass xsbti/compile/OutputGroup
instanceKlass xsbti/compile/Output
instanceKlass sbt/Defaults$$$Lambda$3985
instanceKlass sbt/internal/inc/CompileOutput$
instanceKlass sbt/Defaults$$$Lambda$3984
instanceKlass sbt/Defaults$$anon$6
instanceKlass sbt/Defaults$$$Lambda$3983
instanceKlass sbt/Classpaths$$$Lambda$3982
instanceKlass sbt/internal/inc/classpath/ClasspathUtil$$$Lambda$3981
instanceKlass sbt/Classpaths$$$Lambda$3980
instanceKlass sbt/internal/inc/classpath/ClasspathUtil$$$Lambda$3979
instanceKlass sbt/Classpaths$$$Lambda$3978
instanceKlass sbt/Classpaths$$$Lambda$3977
instanceKlass sbt/internal/inc/classpath/NativeCopyLoader
instanceKlass sbt/internal/inc/classpath/RawResources
instanceKlass sbt/internal/inc/classpath/FixedResources
instanceKlass sbt/internal/inc/classpath/ClasspathUtil$
instanceKlass sbt/Classpaths$$$Lambda$3976
instanceKlass sbt/librarymanagement/RichUpdateReport$$Lambda$3975
instanceKlass sbt/librarymanagement/RichUpdateReport$$Lambda$3972
instanceKlass sbt/librarymanagement/RichUpdateReport$$Lambda$3970
instanceKlass sbt/librarymanagement/RichUpdateReport$$Lambda$3968
instanceKlass sbt/librarymanagement/RichUpdateReport$$Lambda$3967
instanceKlass sbt/librarymanagement/DependencyFilterExtra$$anon$2$$Lambda$3965
instanceKlass sbt/librarymanagement/RichUpdateReport$$Lambda$3963
instanceKlass sbt/librarymanagement/RichUpdateReport$$Lambda$3961
instanceKlass sbt/librarymanagement/DependencyFilter$$anon$5
instanceKlass sbt/librarymanagement/DependencyFilter$$Lambda$3960
instanceKlass sbt/librarymanagement/DependencyFilterExtra$$anon$2
instanceKlass sbt/librarymanagement/RichUpdateReport$$Lambda$3958
instanceKlass sbt/librarymanagement/RichUpdateReport$$Lambda$3957
instanceKlass sbt/io/NameFilter$FunctionFilter
instanceKlass sbt/librarymanagement/RichUpdateReport$$Lambda$3956
instanceKlass sbt/io/NameFilter$
instanceKlass sbt/librarymanagement/RichUpdateReport$$Lambda$3955
instanceKlass sbt/librarymanagement/RichUpdateReport$$Lambda$3953
instanceKlass sbt/Classpaths$$$Lambda$3952
instanceKlass sbt/Classpaths$$$Lambda$3951
instanceKlass sbt/librarymanagement/DependencyFilterExtra$$anon$3
instanceKlass sbt/Classpaths$$$Lambda$3950
instanceKlass sbt/librarymanagement/DependencyFilter$
instanceKlass sbt/Classpaths$$$Lambda$3949
instanceKlass sbt/BuildCommon$RichAttributed
instanceKlass sbt/librarymanagement/UpdateReportExtra$$Lambda$3948
instanceKlass sbt/librarymanagement/ConflictWarning$$$Lambda$3947
instanceKlass sbt/librarymanagement/ConflictWarning$$$Lambda$3946
instanceKlass sbt/librarymanagement/ConflictWarning$$$Lambda$3945
instanceKlass sbt/librarymanagement/ConflictWarning$$$Lambda$3944
instanceKlass sbt/librarymanagement/ConfigurationReportExtra$$Lambda$3943
instanceKlass sbt/librarymanagement/ConflictWarning$$$Lambda$3942
instanceKlass sbt/internal/LibraryManagement$$$Lambda$3941
instanceKlass sbt/internal/LibraryManagement$$$Lambda$3940
instanceKlass sbt/internal/LibraryManagement$$$Lambda$3939
instanceKlass sbt/internal/librarymanagement/CompatibilityWarning$$$Lambda$3938
instanceKlass sbt/internal/librarymanagement/CompatibilityWarning$$$Lambda$3937
instanceKlass sbt/internal/librarymanagement/CompatibilityWarning$
instanceKlass sbt/librarymanagement/EvictionError$$$Lambda$3936
instanceKlass sbt/librarymanagement/EvictionError$$$Lambda$3935
instanceKlass sbt/librarymanagement/EvictionError$$$Lambda$3934
instanceKlass sbt/librarymanagement/EvictionError$$$Lambda$3933
instanceKlass sbt/librarymanagement/EvictionPair
instanceKlass sbt/librarymanagement/EvictionWarning$$$Lambda$3932
instanceKlass sbt/librarymanagement/EvictionWarning$$$Lambda$3931
instanceKlass sbt/librarymanagement/EvictionWarning$$$Lambda$3930
instanceKlass sbt/librarymanagement/EvictionWarning$$$Lambda$3929
instanceKlass sbt/librarymanagement/EvictionWarning$
instanceKlass sbt/librarymanagement/EvictionError$$$Lambda$3928
instanceKlass sbt/librarymanagement/EvictionError
instanceKlass sbt/librarymanagement/EvictionError$
instanceKlass sbt/Classpaths$$$Lambda$3927
instanceKlass sbt/Classpaths$$$Lambda$3926
instanceKlass sbt/librarymanagement/RichUpdateReport$$Lambda$3925
instanceKlass sbt/librarymanagement/RichUpdateReport$$Lambda$3924
instanceKlass sbt/librarymanagement/RichUpdateReport$$Lambda$3923
instanceKlass sbt/Classpaths$$$Lambda$3922
instanceKlass sbt/librarymanagement/RichUpdateReport
instanceKlass sbt/internal/LibraryManagement$$$Lambda$3921
instanceKlass lmcoursier/internal/SbtUpdateReport$$$Lambda$3920
instanceKlass lmcoursier/internal/SbtUpdateReport$$$Lambda$3919
instanceKlass lmcoursier/internal/SbtUpdateReport$$$Lambda$3918
instanceKlass lmcoursier/internal/SbtUpdateReport$$$Lambda$3917
instanceKlass lmcoursier/internal/SbtUpdateReport$$$Lambda$3916
instanceKlass lmcoursier/internal/shaded/coursier/graph/Conflict$$$Lambda$3915
instanceKlass lmcoursier/internal/shaded/coursier/graph/Conflict$Conflicted$
instanceKlass java/lang/invoke/LambdaForm$MH
instanceKlass java/lang/invoke/LambdaForm$DMH
instanceKlass java/lang/invoke/LambdaForm$DMH
instanceKlass lmcoursier/internal/shaded/coursier/graph/ReverseModuleTree$Node$$Lambda$3914
instanceKlass lmcoursier/internal/shaded/coursier/graph/ReverseModuleTree$Node$$Lambda$3913
instanceKlass lmcoursier/internal/shaded/coursier/graph/ReverseModuleTree$Node$$Lambda$3912
instanceKlass lmcoursier/internal/shaded/coursier/graph/ReverseModuleTree$Node$$Lambda$3911
instanceKlass lmcoursier/internal/shaded/coursier/graph/ReverseModuleTree$Node$$Lambda$3910
instanceKlass lmcoursier/internal/shaded/coursier/graph/ReverseModuleTree$$$Lambda$3909
instanceKlass lmcoursier/internal/shaded/coursier/graph/ReverseModuleTree$$$Lambda$3908
instanceKlass lmcoursier/internal/shaded/coursier/graph/ReverseModuleTree$$$Lambda$3907
instanceKlass lmcoursier/internal/shaded/coursier/graph/ReverseModuleTree$$$Lambda$3906
instanceKlass lmcoursier/internal/shaded/coursier/graph/ReverseModuleTree$$$Lambda$3905
instanceKlass lmcoursier/internal/shaded/coursier/graph/DependencyTree$Node$$Lambda$3904
instanceKlass lmcoursier/internal/shaded/coursier/graph/DependencyTree$Node$$Lambda$3903
instanceKlass lmcoursier/internal/shaded/coursier/graph/DependencyTree$Node$$Lambda$3902
instanceKlass lmcoursier/internal/shaded/coursier/graph/DependencyTree$Node$$Lambda$3901
instanceKlass lmcoursier/internal/shaded/coursier/graph/DependencyTree$Node$$Lambda$3900
instanceKlass lmcoursier/internal/shaded/coursier/core/Resolution$$Lambda$3899
instanceKlass lmcoursier/internal/shaded/coursier/core/Resolution$$Lambda$3898
instanceKlass lmcoursier/internal/shaded/coursier/core/Resolution$$Lambda$3897
instanceKlass sbt/librarymanagement/OrganizationArtifactReport$
instanceKlass lmcoursier/internal/SbtUpdateReport$$$Lambda$3896
instanceKlass lmcoursier/internal/shaded/coursier/core/Info$$Lambda$3895
instanceKlass lmcoursier/internal/SbtUpdateReport$$$Lambda$3894
instanceKlass lmcoursier/internal/SbtUpdateReport$$$Lambda$3893
instanceKlass lmcoursier/internal/SbtUpdateReport$$$Lambda$3892
instanceKlass sbt/librarymanagement/Caller$
instanceKlass lmcoursier/internal/SbtUpdateReport$$$Lambda$3891
instanceKlass sbt/librarymanagement/Caller
instanceKlass lmcoursier/internal/SbtUpdateReport$$$Lambda$3890
instanceKlass lmcoursier/internal/SbtUpdateReport$$$Lambda$3889
instanceKlass lmcoursier/internal/SbtUpdateReport$$$Lambda$3888
instanceKlass lmcoursier/internal/SbtUpdateReport$$$Lambda$3887
instanceKlass lmcoursier/internal/SbtUpdateReport$$$Lambda$3886
instanceKlass lmcoursier/internal/SbtUpdateReport$$$Lambda$3885
instanceKlass lmcoursier/internal/SbtUpdateReport$$$Lambda$3884
instanceKlass lmcoursier/internal/SbtUpdateReport$$$Lambda$3883
instanceKlass lmcoursier/internal/SbtUpdateReport$$$Lambda$3882
instanceKlass lmcoursier/internal/SbtUpdateReport$$$Lambda$3881
instanceKlass lmcoursier/internal/SbtUpdateReport$ProjectInfo
instanceKlass lmcoursier/internal/SbtUpdateReport$$$Lambda$3880
instanceKlass lmcoursier/internal/SbtUpdateReport$$$Lambda$3879
instanceKlass lmcoursier/internal/SbtUpdateReport$$$Lambda$3878
instanceKlass lmcoursier/internal/SbtUpdateReport$$$Lambda$3877
instanceKlass lmcoursier/internal/SbtUpdateReport$$$Lambda$3876
instanceKlass lmcoursier/internal/SbtUpdateReport$$$Lambda$3875
instanceKlass lmcoursier/internal/SbtUpdateReport$$$Lambda$3874
instanceKlass lmcoursier/internal/SbtUpdateReport$$$Lambda$3873
instanceKlass lmcoursier/internal/shaded/coursier/package$Attributes$
instanceKlass lmcoursier/internal/UpdateRun$$$Lambda$3872
instanceKlass lmcoursier/internal/shaded/coursier/Artifacts$$Lambda$3871
instanceKlass lmcoursier/internal/shaded/coursier/Artifacts$$$Lambda$3870
instanceKlass lmcoursier/internal/shaded/coursier/Artifacts$$$Lambda$3869
instanceKlass lmcoursier/internal/shaded/coursier/Artifacts$$$Lambda$3868
instanceKlass lmcoursier/internal/shaded/coursier/Artifacts$$$Lambda$3867
instanceKlass lmcoursier/internal/shaded/coursier/cache/FileCache$$Lambda$3866
instanceKlass lmcoursier/internal/shaded/coursier/cache/FileCache$$Lambda$3865
instanceKlass lmcoursier/internal/shaded/coursier/cache/FileCache$$Lambda$3864
instanceKlass lmcoursier/internal/shaded/coursier/Artifacts$$$Lambda$3863
instanceKlass lmcoursier/internal/shaded/coursier/Artifacts$$$Lambda$3862
instanceKlass scala/collection/immutable/StreamIterator$$Lambda$3861
instanceKlass scala/collection/immutable/StreamIterator$$Lambda$3860
instanceKlass scala/collection/immutable/StreamIterator$LazyCell
instanceKlass scala/collection/immutable/Stream$$Lambda$3859
instanceKlass scala/collection/immutable/Stream$$Lambda$3858
instanceKlass lmcoursier/internal/shaded/coursier/Artifacts$$Lambda$3857
instanceKlass scala/collection/immutable/Stream$StreamBuilder$$Lambda$3856
instanceKlass lmcoursier/internal/shaded/coursier/maven/MavenRepositoryInternal$$Lambda$3855
instanceKlass lmcoursier/internal/shaded/coursier/core/Resolution$$Lambda$3854
instanceKlass lmcoursier/internal/shaded/coursier/core/Resolution$$Lambda$3853
instanceKlass lmcoursier/internal/shaded/coursier/maven/MavenRepositoryInternal$$Lambda$3852
instanceKlass lmcoursier/internal/shaded/coursier/maven/MavenRepositoryInternal$$Lambda$3851
instanceKlass lmcoursier/internal/shaded/coursier/maven/MavenRepositoryInternal$$Lambda$3850
instanceKlass lmcoursier/internal/shaded/coursier/maven/MavenRepositoryInternal$$Lambda$3849
instanceKlass lmcoursier/internal/shaded/coursier/maven/MavenRepositoryInternal$$Lambda$3848
instanceKlass lmcoursier/internal/shaded/coursier/maven/MavenRepositoryInternal$$Lambda$3847
instanceKlass lmcoursier/internal/shaded/coursier/maven/MavenRepositoryInternal$$Lambda$3846
instanceKlass lmcoursier/internal/shaded/coursier/maven/MavenRepositoryInternal$$Lambda$3845
instanceKlass lmcoursier/internal/shaded/coursier/maven/MavenRepositoryInternal$$Lambda$3844
instanceKlass lmcoursier/internal/shaded/coursier/maven/MavenRepositoryInternal$$Lambda$3843
instanceKlass lmcoursier/internal/shaded/coursier/maven/MavenRepositoryInternal$$Lambda$3842
instanceKlass lmcoursier/internal/shaded/coursier/maven/MavenRepositoryInternal$$Lambda$3841
instanceKlass lmcoursier/internal/shaded/coursier/maven/MavenRepositoryInternal$$Lambda$3840
instanceKlass lmcoursier/internal/shaded/coursier/maven/MavenRepositoryInternal$$Lambda$3839
instanceKlass lmcoursier/internal/shaded/coursier/maven/MavenRepositoryInternal$$Lambda$3838
instanceKlass lmcoursier/internal/shaded/coursier/maven/MavenRepositoryInternal$$Lambda$3837
instanceKlass lmcoursier/internal/shaded/coursier/maven/MavenRepositoryInternal$$Lambda$3836
instanceKlass lmcoursier/internal/shaded/coursier/maven/MavenRepositoryInternal$$Lambda$3835
instanceKlass lmcoursier/internal/shaded/coursier/maven/MavenRepositoryInternal$$Lambda$3834
instanceKlass lmcoursier/internal/shaded/coursier/core/SnapshotVersioning
instanceKlass lmcoursier/internal/shaded/coursier/maven/MavenAttributes$$$Lambda$3833
instanceKlass lmcoursier/internal/shaded/coursier/maven/MavenAttributes$$$Lambda$3832
instanceKlass lmcoursier/internal/shaded/coursier/maven/MavenAttributes$
instanceKlass lmcoursier/internal/shaded/coursier/maven/MavenRepositoryInternal$$Lambda$3831
instanceKlass lmcoursier/internal/shaded/coursier/core/Resolution$$Lambda$3830
instanceKlass lmcoursier/internal/shaded/coursier/core/Resolution$$Lambda$3829
instanceKlass lmcoursier/internal/shaded/coursier/core/Resolution$$Lambda$3828
instanceKlass lmcoursier/internal/shaded/coursier/core/Resolution$$Lambda$3827
instanceKlass lmcoursier/internal/shaded/coursier/core/Resolution$$Lambda$3826
instanceKlass lmcoursier/internal/shaded/coursier/core/DependencySet$$Lambda$3825
instanceKlass lmcoursier/internal/shaded/coursier/core/Resolution$$Lambda$3824
instanceKlass lmcoursier/internal/shaded/coursier/core/Resolution$$Lambda$3823
instanceKlass lmcoursier/internal/shaded/coursier/core/DependencySet$Sets$$Lambda$3822
instanceKlass lmcoursier/internal/shaded/coursier/core/DependencySet$Sets$$Lambda$3821
instanceKlass lmcoursier/internal/shaded/coursier/core/DependencySet$Sets$$Lambda$3820
instanceKlass lmcoursier/internal/shaded/coursier/core/DependencySet$$Lambda$3819
instanceKlass lmcoursier/internal/shaded/coursier/core/DependencySet$$Lambda$3818
instanceKlass lmcoursier/internal/shaded/coursier/core/DependencySet$$Lambda$3817
instanceKlass lmcoursier/internal/shaded/coursier/core/Resolution$$Lambda$3816
instanceKlass lmcoursier/internal/shaded/coursier/core/Resolution$$Lambda$3815
instanceKlass lmcoursier/internal/shaded/coursier/core/Resolution$$Lambda$3814
instanceKlass java/util/AbstractList$1
instanceKlass lmcoursier/internal/shaded/coursier/core/DependencySet$Sets$$Lambda$3813
instanceKlass lmcoursier/internal/shaded/coursier/core/DependencySet$$Lambda$3812
instanceKlass lmcoursier/internal/shaded/coursier/core/DependencySet$$Lambda$3811
instanceKlass scala/collection/immutable/IntMapUtils$
instanceKlass lmcoursier/internal/shaded/coursier/core/DependencySet$$Lambda$3810
instanceKlass lmcoursier/internal/shaded/coursier/core/DependencySet$$Lambda$3809
instanceKlass lmcoursier/internal/shaded/coursier/core/DependencySet$Sets$$Lambda$3808
instanceKlass lmcoursier/internal/shaded/coursier/core/DependencySet$$Lambda$3807
instanceKlass lmcoursier/internal/shaded/coursier/core/DependencySet$$Lambda$3806
instanceKlass lmcoursier/internal/shaded/coursier/core/ResolutionProcess$$$Lambda$3805
instanceKlass lmcoursier/internal/shaded/coursier/core/ResolutionProcess$$$Lambda$3804
instanceKlass lmcoursier/internal/shaded/coursier/core/ResolutionProcess$$$Lambda$3803
instanceKlass lmcoursier/internal/shaded/coursier/core/ResolutionProcess$$$Lambda$3802
instanceKlass lmcoursier/internal/shaded/coursier/core/ResolutionProcess$$$Lambda$3801
instanceKlass lmcoursier/internal/shaded/coursier/core/VersionConstraint$$Lambda$3800
instanceKlass scala/collection/TraversableOnce$$Lambda$3799
instanceKlass lmcoursier/internal/shaded/coursier/core/VersionConstraint$$Lambda$3798
instanceKlass lmcoursier/internal/shaded/coursier/core/Reconciliation$Relaxed$$$Lambda$3797
instanceKlass lmcoursier/internal/shaded/coursier/core/VersionConstraint$$Lambda$3796
instanceKlass lmcoursier/internal/shaded/coursier/core/VersionConstraint$$$Lambda$3795
instanceKlass lmcoursier/internal/shaded/coursier/core/VersionConstraint$$$Lambda$3794
instanceKlass lmcoursier/internal/shaded/coursier/core/VersionConstraint$$$Lambda$3793
instanceKlass lmcoursier/internal/shaded/coursier/core/VersionInterval$$Lambda$3792
instanceKlass lmcoursier/internal/shaded/coursier/core/VersionInterval$$Lambda$3791
instanceKlass lmcoursier/internal/shaded/coursier/core/VersionInterval$$Lambda$3790
instanceKlass lmcoursier/internal/shaded/coursier/core/VersionConstraint$$$Lambda$3789
instanceKlass lmcoursier/internal/shaded/coursier/core/VersionConstraint$$$Lambda$3788
instanceKlass lmcoursier/internal/shaded/coursier/core/VersionConstraint$$$Lambda$3787
instanceKlass lmcoursier/internal/shaded/coursier/core/Reconciliation$Relaxed$$$Lambda$3786
instanceKlass lmcoursier/internal/shaded/coursier/core/MinimizedExclusions$ExcludeSpecific$$Lambda$3785
instanceKlass lmcoursier/internal/shaded/coursier/core/MinimizedExclusions$ExcludeSpecific$$Lambda$3784
instanceKlass lmcoursier/internal/shaded/coursier/core/Resolution$$Lambda$3783
instanceKlass lmcoursier/internal/shaded/coursier/core/Resolution$$Lambda$3782
instanceKlass lmcoursier/internal/shaded/coursier/core/MinimizedExclusions$ExcludeSpecific$$Lambda$3781
instanceKlass lmcoursier/internal/shaded/coursier/core/MinimizedExclusions$ExcludeSpecific$$Lambda$3780
instanceKlass lmcoursier/internal/shaded/coursier/core/MinimizedExclusions$ExcludeSpecific$$Lambda$3779
instanceKlass lmcoursier/internal/shaded/coursier/core/VersionInterval$$Lambda$3778
instanceKlass lmcoursier/internal/shaded/coursier/core/Version$$$Lambda$3777
instanceKlass lmcoursier/internal/shaded/coursier/core/Version$$$Lambda$3776
instanceKlass lmcoursier/internal/shaded/coursier/core/Version$$$Lambda$3775
instanceKlass lmcoursier/internal/shaded/coursier/core/Version$$$Lambda$3774
instanceKlass lmcoursier/internal/shaded/coursier/core/Version$$$Lambda$3773
instanceKlass lmcoursier/internal/shaded/coursier/core/VersionInterval$$Lambda$3772
instanceKlass lmcoursier/internal/shaded/coursier/core/Activation$$Lambda$3771
instanceKlass lmcoursier/internal/shaded/coursier/core/Activation$$Lambda$3770
instanceKlass lmcoursier/internal/shaded/coursier/core/Activation$Os$$Lambda$3769
instanceKlass lmcoursier/internal/shaded/coursier/core/Activation$Os$$Lambda$3768
instanceKlass lmcoursier/internal/shaded/coursier/core/Activation$Os$$Lambda$3767
instanceKlass lmcoursier/internal/shaded/coursier/core/Activation$Os$$Lambda$3766
instanceKlass lmcoursier/internal/shaded/coursier/core/Activation$Os$$Lambda$3765
instanceKlass lmcoursier/internal/shaded/coursier/core/Activation$Os$$Lambda$3764
instanceKlass lmcoursier/internal/shaded/coursier/core/Activation$Os$$Lambda$3763
instanceKlass lmcoursier/internal/shaded/coursier/core/Activation$Os$$Lambda$3762
instanceKlass lmcoursier/internal/shaded/coursier/core/Activation$Os$$Lambda$3761
instanceKlass lmcoursier/internal/shaded/coursier/core/Activation$$Lambda$3760
instanceKlass lmcoursier/internal/shaded/coursier/core/Resolution$$Lambda$3759
instanceKlass lmcoursier/internal/shaded/coursier/core/Resolution$$Lambda$3758
instanceKlass lmcoursier/internal/shaded/coursier/core/Resolution$$Lambda$3757
instanceKlass lmcoursier/internal/shaded/coursier/core/Resolution$$$Lambda$3756
instanceKlass lmcoursier/internal/shaded/coursier/core/Resolution$$$Lambda$3755
instanceKlass lmcoursier/internal/shaded/coursier/core/Resolution$$Lambda$3754
instanceKlass lmcoursier/internal/shaded/coursier/core/Resolution$$$Lambda$3753
instanceKlass java/lang/invoke/LambdaForm$DMH
instanceKlass lmcoursier/internal/shaded/coursier/core/Resolution$$$Lambda$3752
instanceKlass lmcoursier/internal/shaded/coursier/maven/PomParser$$$Lambda$3751
instanceKlass lmcoursier/internal/shaded/coursier/maven/PomParser$$$Lambda$3750
instanceKlass lmcoursier/internal/shaded/coursier/maven/PomParser$$$Lambda$3749
instanceKlass lmcoursier/internal/shaded/coursier/core/Parse$$$Lambda$3748
instanceKlass lmcoursier/internal/shaded/coursier/core/Parse$$$Lambda$3747
instanceKlass lmcoursier/internal/shaded/coursier/core/Parse$$$Lambda$3746
instanceKlass scala/runtime/RichInt
instanceKlass lmcoursier/internal/shaded/coursier/core/Version$$Lambda$3745
instanceKlass lmcoursier/internal/shaded/coursier/core/Version$$$Lambda$3744
instanceKlass scala/collection/compat/immutable/LazyList$Deferrer$$$Lambda$3743
instanceKlass scala/collection/compat/immutable/LazyList$Deferrer$$$Lambda$3742
instanceKlass lmcoursier/internal/shaded/coursier/core/Version$Tokenizer$$$Lambda$3741
instanceKlass lmcoursier/internal/shaded/coursier/core/Version$Tokenizer$$$Lambda$3740
instanceKlass scala/collection/compat/immutable/LazyList$Deferrer$
instanceKlass lmcoursier/internal/shaded/coursier/core/Version$Tokenizer$Separator
instanceKlass scala/collection/compat/immutable/LazyList$$$Lambda$3739
instanceKlass scala/collection/compat/immutable/LazyList$LazyBuilder$$Lambda$3738
instanceKlass scala/collection/compat/immutable/LazyList$LazyBuilder$$Lambda$3737
instanceKlass scala/collection/compat/immutable/LazyList$LazyBuilder$$Lambda$3736
instanceKlass scala/collection/compat/immutable/LazyList$LazyBuilder$$Lambda$3735
instanceKlass scala/collection/compat/immutable/LazyList$LazyBuilder$DeferredState
instanceKlass scala/collection/compat/CompatImpl$$anon$1
instanceKlass scala/collection/compat/PackageShared$$Lambda$3734
instanceKlass scala/collection/compat/CompatImpl$
instanceKlass lmcoursier/internal/shaded/coursier/core/Version$Tokenizer$
instanceKlass lmcoursier/internal/shaded/coursier/core/Parse$$$Lambda$3733
instanceKlass lmcoursier/internal/shaded/coursier/core/Parse$$$Lambda$3732
instanceKlass lmcoursier/internal/shaded/coursier/core/Parse$$$Lambda$3731
instanceKlass lmcoursier/internal/shaded/coursier/core/Parse$$$Lambda$3730
instanceKlass lmcoursier/internal/shaded/coursier/core/Parse$$$Lambda$3729
instanceKlass lmcoursier/internal/shaded/coursier/core/Parse$$$Lambda$3728
instanceKlass lmcoursier/internal/shaded/coursier/core/Activation
instanceKlass lmcoursier/internal/shaded/coursier/core/Activation$
instanceKlass lmcoursier/internal/shaded/coursier/core/Missing$$Lambda$3727
instanceKlass lmcoursier/internal/shaded/coursier/core/Resolution$$Lambda$3726
instanceKlass lmcoursier/internal/shaded/coursier/core/Resolution$$Lambda$3725
instanceKlass lmcoursier/internal/shaded/coursier/maven/PomParser$State$$Lambda$3724
instanceKlass lmcoursier/internal/shaded/coursier/maven/PomParser$State$$Lambda$3723
instanceKlass lmcoursier/internal/shaded/coursier/maven/PomParser$State$$Lambda$3722
instanceKlass lmcoursier/internal/shaded/coursier/maven/PomParser$State$$Lambda$3721
instanceKlass lmcoursier/internal/shaded/coursier/maven/PomParser$State$$Lambda$3720
instanceKlass lmcoursier/internal/shaded/coursier/maven/PomParser$State$$Lambda$3719
instanceKlass lmcoursier/internal/shaded/coursier/core/MinimizedExclusions$ExcludeSpecific$
instanceKlass lmcoursier/internal/shaded/coursier/core/Resolution$$$Lambda$3718
instanceKlass lmcoursier/internal/shaded/coursier/core/Reconciliation$$$Lambda$3717
instanceKlass lmcoursier/internal/shaded/coursier/core/Reconciliation$
instanceKlass lmcoursier/internal/shaded/coursier/util/ModuleMatchers$$Lambda$3716
instanceKlass lmcoursier/internal/shaded/coursier/Resolve$$$Lambda$3715
instanceKlass lmcoursier/internal/shaded/coursier/core/Resolution$$$Lambda$3714
instanceKlass lmcoursier/internal/shaded/coursier/core/DependencySet$Sets$$Lambda$3713
instanceKlass lmcoursier/internal/shaded/coursier/core/DependencySet$Sets$$Lambda$3712
instanceKlass lmcoursier/internal/shaded/coursier/core/DependencySet$Sets$$Lambda$3711
instanceKlass lmcoursier/internal/shaded/coursier/core/DependencySet$Sets$$Lambda$3710
instanceKlass lmcoursier/internal/shaded/coursier/core/DependencySet$$Lambda$3709
instanceKlass lmcoursier/internal/shaded/coursier/core/DependencySet$$Lambda$3708
instanceKlass lmcoursier/internal/shaded/coursier/core/DependencySet$Sets
instanceKlass scala/collection/immutable/IntMap$$anon$1
instanceKlass scala/collection/immutable/IntMap$
instanceKlass lmcoursier/internal/shaded/coursier/core/DependencySet$Sets$
instanceKlass lmcoursier/internal/shaded/coursier/core/Exclusions$
instanceKlass lmcoursier/internal/shaded/coursier/core/DependencySet$$Lambda$3707
instanceKlass lmcoursier/internal/shaded/coursier/core/Resolution$$Lambda$3706
instanceKlass lmcoursier/internal/shaded/coursier/core/Resolution$$Lambda$3705
instanceKlass lmcoursier/internal/shaded/coursier/core/Resolution$$Lambda$3704
instanceKlass lmcoursier/internal/shaded/coursier/core/Resolution$$Lambda$3703
instanceKlass lmcoursier/internal/shaded/coursier/core/Resolution$$Lambda$3702
instanceKlass lmcoursier/internal/shaded/coursier/core/Resolution$$$Lambda$3701
instanceKlass lmcoursier/internal/shaded/coursier/core/Resolution$$$Lambda$3700
instanceKlass lmcoursier/internal/shaded/coursier/core/Resolution$$$Lambda$3699
instanceKlass lmcoursier/internal/shaded/coursier/core/Resolution$$$Lambda$3698
instanceKlass lmcoursier/internal/shaded/coursier/core/Resolution$$$Lambda$3697
instanceKlass lmcoursier/internal/shaded/coursier/core/Resolution$$$Lambda$3696
instanceKlass lmcoursier/internal/shaded/coursier/core/Resolution$$$Lambda$3695
instanceKlass lmcoursier/internal/shaded/coursier/core/Resolution$$$Lambda$3694
instanceKlass lmcoursier/internal/shaded/coursier/core/Resolution$$$Lambda$3693
instanceKlass scala/util/matching/Regex$$anon$1
instanceKlass lmcoursier/internal/shaded/coursier/core/Resolution$$$Lambda$3692
instanceKlass lmcoursier/internal/shaded/coursier/core/Resolution$$Lambda$3691
instanceKlass lmcoursier/internal/shaded/coursier/core/Resolution$$Lambda$3690
instanceKlass lmcoursier/internal/shaded/coursier/core/Continue$
instanceKlass lmcoursier/internal/shaded/coursier/core/Resolution$$Lambda$3689
instanceKlass lmcoursier/internal/shaded/coursier/core/Resolution$$Lambda$3688
instanceKlass lmcoursier/internal/shaded/coursier/core/Resolution$$Lambda$3687
instanceKlass lmcoursier/internal/shaded/coursier/core/Resolution$$Lambda$3686
instanceKlass lmcoursier/internal/shaded/coursier/core/Resolution$$Lambda$3685
instanceKlass lmcoursier/internal/shaded/coursier/core/Resolution$$Lambda$3684
instanceKlass lmcoursier/internal/shaded/coursier/core/Resolution$$Lambda$3683
instanceKlass lmcoursier/internal/shaded/coursier/core/Resolution$$Lambda$3682
instanceKlass lmcoursier/internal/shaded/coursier/core/Resolution$$Lambda$3681
instanceKlass lmcoursier/internal/shaded/coursier/core/Resolution$$Lambda$3680
instanceKlass lmcoursier/internal/shaded/coursier/core/Resolution$$Lambda$3679
instanceKlass lmcoursier/internal/shaded/coursier/core/Resolution$$Lambda$3678
instanceKlass lmcoursier/internal/shaded/coursier/core/Resolution$$Lambda$3677
instanceKlass lmcoursier/internal/shaded/coursier/core/Resolution$$Lambda$3676
instanceKlass scala/collection/generic/GenericTraversableTemplate$$Lambda$3675
instanceKlass lmcoursier/internal/shaded/coursier/core/Resolution$$Lambda$3674
instanceKlass lmcoursier/internal/shaded/coursier/core/Resolution$$$Lambda$3673
instanceKlass lmcoursier/internal/shaded/coursier/core/Resolution$DepMgmt$
instanceKlass lmcoursier/internal/shaded/coursier/core/Resolution$$$Lambda$3672
instanceKlass lmcoursier/internal/shaded/coursier/core/Resolution$$$Lambda$3671
instanceKlass lmcoursier/internal/shaded/coursier/core/Resolution$$Lambda$3670
instanceKlass lmcoursier/internal/shaded/coursier/core/Resolution$$Lambda$3669
instanceKlass lmcoursier/internal/shaded/coursier/core/Resolution$$Lambda$3668
instanceKlass lmcoursier/internal/shaded/coursier/core/Resolution$$Lambda$3667
instanceKlass lmcoursier/internal/shaded/coursier/core/Resolution$$Lambda$3666
instanceKlass lmcoursier/internal/shaded/coursier/core/Resolution$$Lambda$3665
instanceKlass lmcoursier/internal/shaded/coursier/core/Resolution$$Lambda$3664
instanceKlass lmcoursier/internal/shaded/coursier/core/Missing$$Lambda$3663
instanceKlass lmcoursier/internal/shaded/coursier/core/Missing$$Lambda$3662
instanceKlass lmcoursier/internal/shaded/coursier/core/Missing$$Lambda$3661
instanceKlass lmcoursier/internal/shaded/coursier/core/Missing$$Lambda$3660
instanceKlass lmcoursier/internal/shaded/coursier/core/Missing$$Lambda$3659
instanceKlass scala/collection/TraversableOnce$$Lambda$3658
instanceKlass lmcoursier/internal/shaded/coursier/core/Missing$$Lambda$3657
instanceKlass lmcoursier/internal/shaded/coursier/core/Missing$$Lambda$3656
instanceKlass lmcoursier/internal/shaded/coursier/core/Missing$$Lambda$3655
instanceKlass lmcoursier/internal/shaded/coursier/core/Missing$$Lambda$3654
instanceKlass lmcoursier/internal/shaded/coursier/core/Missing$$Lambda$3653
instanceKlass lmcoursier/internal/shaded/coursier/core/Resolution$$$Lambda$3652
instanceKlass lmcoursier/internal/shaded/coursier/core/Resolution$$$Lambda$3651
instanceKlass lmcoursier/internal/shaded/coursier/core/Resolution$$$Lambda$3650
instanceKlass lmcoursier/internal/shaded/coursier/core/Resolution$$$Lambda$3649
instanceKlass lmcoursier/internal/shaded/coursier/core/Resolution$$$Lambda$3648
instanceKlass lmcoursier/internal/shaded/coursier/core/Resolution$$$Lambda$3647
instanceKlass lmcoursier/internal/shaded/coursier/core/Resolution$$$Lambda$3646
instanceKlass lmcoursier/internal/shaded/coursier/core/Resolution$$$Lambda$3645
instanceKlass lmcoursier/internal/shaded/coursier/core/Resolution$$Lambda$3644
instanceKlass lmcoursier/internal/shaded/coursier/core/Resolution$$Lambda$3643
instanceKlass lmcoursier/internal/shaded/coursier/core/Resolution$$$Lambda$3642
instanceKlass lmcoursier/internal/shaded/coursier/core/Resolution$$$Lambda$3641
instanceKlass lmcoursier/internal/shaded/coursier/core/Resolution$$$Lambda$3640
instanceKlass lmcoursier/internal/shaded/coursier/core/Project$$Lambda$3639
instanceKlass lmcoursier/internal/shaded/coursier/core/Resolution$$$Lambda$3638
instanceKlass lmcoursier/internal/shaded/coursier/core/Resolution$$Lambda$3637
instanceKlass lmcoursier/internal/shaded/coursier/core/Resolution$$Lambda$3636
instanceKlass lmcoursier/internal/shaded/coursier/core/Resolution$$Lambda$3635
instanceKlass lmcoursier/internal/shaded/coursier/core/Missing$$Lambda$3634
instanceKlass lmcoursier/internal/shaded/coursier/core/Missing$$Lambda$3633
instanceKlass lmcoursier/internal/shaded/coursier/core/ResolutionProcess$$$Lambda$3631
instanceKlass lmcoursier/internal/shaded/coursier/maven/MavenRepositoryInternal$$Lambda$3630
instanceKlass lmcoursier/internal/shaded/coursier/maven/Pom$$$Lambda$3627
instanceKlass lmcoursier/internal/shaded/coursier/maven/Pom$$$Lambda$3626
instanceKlass lmcoursier/internal/shaded/coursier/maven/Pom$
instanceKlass lmcoursier/internal/shaded/coursier/maven/SbtMavenRepository$$$Lambda$3624
instanceKlass lmcoursier/internal/shaded/coursier/maven/MavenRepositoryInternal$$Lambda$3622
instanceKlass lmcoursier/internal/shaded/coursier/maven/SbtMavenRepository$$$Lambda$3623
instanceKlass lmcoursier/internal/shaded/coursier/maven/SbtMavenRepository$$$Lambda$3620
instanceKlass lmcoursier/internal/shaded/coursier/maven/SbtMavenRepository$$$Lambda$3619
instanceKlass lmcoursier/internal/shaded/coursier/maven/SbtMavenRepository$$$Lambda$3617
instanceKlass lmcoursier/internal/shaded/coursier/maven/MavenRepositoryInternal$$Lambda$3614
instanceKlass lmcoursier/internal/shaded/coursier/maven/PomParser$State$$Lambda$3612
instanceKlass lmcoursier/internal/shaded/coursier/maven/PomParser$State$$Lambda$3610
instanceKlass lmcoursier/internal/shaded/coursier/maven/PomParser$State$$Lambda$3609
instanceKlass lmcoursier/internal/shaded/coursier/maven/PomParser$State$$Lambda$3607
instanceKlass lmcoursier/internal/shaded/coursier/maven/PomParser$State$$Lambda$3605
instanceKlass lmcoursier/internal/shaded/coursier/maven/PomParser$State$$Lambda$3602
instanceKlass lmcoursier/internal/shaded/coursier/maven/PomParser$State$$Lambda$3600
instanceKlass lmcoursier/internal/shaded/coursier/maven/PomParser$State$$Lambda$3598
instanceKlass lmcoursier/internal/shaded/coursier/maven/PomParser$State$$Lambda$3596
instanceKlass lmcoursier/internal/shaded/coursier/maven/PomParser$State$$Lambda$3594
instanceKlass lmcoursier/internal/shaded/coursier/maven/PomParser$State$$Lambda$3592
instanceKlass lmcoursier/internal/shaded/coursier/maven/PomParser$State$$Lambda$3591
instanceKlass lmcoursier/internal/shaded/coursier/maven/PomParser$State$$Lambda$3590
instanceKlass lmcoursier/internal/shaded/coursier/maven/PomParser$State$$Lambda$3589
instanceKlass lmcoursier/internal/shaded/coursier/maven/PomParser$State$$Lambda$3588
instanceKlass lmcoursier/internal/shaded/coursier/maven/PomParser$State$$Lambda$3587
instanceKlass lmcoursier/internal/shaded/coursier/maven/PomParser$State$$Lambda$3586
instanceKlass lmcoursier/internal/shaded/coursier/maven/PomParser$State$$Lambda$3585
instanceKlass lmcoursier/internal/shaded/coursier/core/Attributes$
instanceKlass lmcoursier/internal/shaded/coursier/maven/PomParser$State$$Lambda$3584
instanceKlass lmcoursier/internal/shaded/coursier/maven/PomParser$State$$Lambda$3583
instanceKlass lmcoursier/internal/shaded/coursier/core/Info$Scm$
instanceKlass lmcoursier/internal/shaded/coursier/core/Info$License$
instanceKlass lmcoursier/internal/shaded/coursier/maven/PomParser$$Lambda$3581
instanceKlass lmcoursier/internal/shaded/coursier/maven/PomParser$$Lambda$3579
instanceKlass lmcoursier/internal/shaded/coursier/maven/PomParser$$Lambda$3578
instanceKlass lmcoursier/internal/shaded/coursier/maven/PomParser$$Lambda$3576
instanceKlass lmcoursier/internal/shaded/coursier/maven/PomParser$$Lambda$3573
instanceKlass lmcoursier/internal/shaded/coursier/maven/PomParser$CustomList$
instanceKlass lmcoursier/internal/shaded/coursier/maven/PomParser$$$Lambda$3572
instanceKlass lmcoursier/internal/shaded/coursier/maven/PomParser$$$Lambda$3571
instanceKlass lmcoursier/internal/shaded/coursier/maven/PomParser$$$Lambda$3570
instanceKlass lmcoursier/internal/shaded/coursier/maven/PomParser$$$Lambda$3569
instanceKlass lmcoursier/internal/shaded/coursier/maven/PomParser$$$Lambda$3568
instanceKlass lmcoursier/internal/shaded/coursier/maven/PomParser$$$Lambda$3567
instanceKlass lmcoursier/internal/shaded/coursier/maven/PomParser$$$Lambda$3566
instanceKlass lmcoursier/internal/shaded/coursier/maven/PomParser$$$Lambda$3565
instanceKlass lmcoursier/internal/shaded/coursier/maven/PomParser$$$Lambda$3564
instanceKlass lmcoursier/internal/shaded/coursier/maven/PomParser$$$Lambda$3563
instanceKlass lmcoursier/internal/shaded/coursier/core/Info$Scm
instanceKlass lmcoursier/internal/shaded/coursier/maven/PomParser$$$Lambda$3562
instanceKlass lmcoursier/internal/shaded/coursier/maven/PomParser$$$Lambda$3561
instanceKlass lmcoursier/internal/shaded/coursier/maven/PomParser$$$Lambda$3560
instanceKlass lmcoursier/internal/shaded/coursier/maven/PomParser$$$Lambda$3559
instanceKlass lmcoursier/internal/shaded/coursier/maven/PomParser$$$Lambda$3558
instanceKlass lmcoursier/internal/shaded/coursier/maven/PomParser$$$Lambda$3557
instanceKlass lmcoursier/internal/shaded/coursier/maven/PomParser$$$Lambda$3556
instanceKlass lmcoursier/internal/shaded/coursier/maven/PomParser$$$Lambda$3555
instanceKlass lmcoursier/internal/shaded/coursier/maven/PomParser$$$Lambda$3554
instanceKlass lmcoursier/internal/shaded/coursier/maven/PomParser$$$Lambda$3553
instanceKlass lmcoursier/internal/shaded/coursier/maven/PomParser$$$Lambda$3552
instanceKlass lmcoursier/internal/shaded/coursier/maven/PomParser$$$Lambda$3551
instanceKlass lmcoursier/internal/shaded/coursier/maven/PomParser$$$Lambda$3550
instanceKlass lmcoursier/internal/shaded/coursier/core/Profile
instanceKlass lmcoursier/internal/shaded/coursier/maven/PomParser$$$Lambda$3549
instanceKlass lmcoursier/internal/shaded/coursier/maven/PomParser$$$Lambda$3548
instanceKlass lmcoursier/internal/shaded/coursier/maven/PomParser$$$Lambda$3547
instanceKlass lmcoursier/internal/shaded/coursier/maven/PomParser$$$Lambda$3546
instanceKlass lmcoursier/internal/shaded/coursier/maven/PomParser$$$Lambda$3545
instanceKlass lmcoursier/internal/shaded/coursier/maven/PomParser$$$Lambda$3544
instanceKlass lmcoursier/internal/shaded/coursier/maven/PomParser$$$Lambda$3543
instanceKlass lmcoursier/internal/shaded/coursier/maven/PomParser$$$Lambda$3542
instanceKlass lmcoursier/internal/shaded/coursier/maven/PomParser$$$Lambda$3541
instanceKlass lmcoursier/internal/shaded/coursier/maven/PomParser$$$Lambda$3540
instanceKlass lmcoursier/internal/shaded/coursier/maven/PomParser$$$Lambda$3539
instanceKlass lmcoursier/internal/shaded/coursier/maven/PomParser$$$Lambda$3538
instanceKlass lmcoursier/internal/shaded/coursier/maven/PomParser$$$Lambda$3537
instanceKlass lmcoursier/internal/shaded/coursier/maven/PomParser$$$Lambda$3536
instanceKlass lmcoursier/internal/shaded/coursier/maven/PomParser$$$Lambda$3535
instanceKlass lmcoursier/internal/shaded/coursier/maven/PomParser$$$Lambda$3534
instanceKlass lmcoursier/internal/shaded/coursier/maven/PomParser$$$Lambda$3533
instanceKlass lmcoursier/internal/shaded/coursier/maven/PomParser$$$Lambda$3532
instanceKlass lmcoursier/internal/shaded/coursier/maven/PomParser$$$Lambda$3531
instanceKlass lmcoursier/internal/shaded/coursier/maven/PomParser$$$Lambda$3530
instanceKlass lmcoursier/internal/shaded/coursier/maven/PomParser$$$Lambda$3529
instanceKlass lmcoursier/internal/shaded/coursier/maven/PomParser$$$Lambda$3528
instanceKlass lmcoursier/internal/shaded/coursier/maven/PomParser$$$Lambda$3527
instanceKlass lmcoursier/internal/shaded/coursier/maven/PomParser$$$Lambda$3526
instanceKlass lmcoursier/internal/shaded/coursier/maven/PomParser$Handler
instanceKlass lmcoursier/internal/shaded/coursier/maven/PomParser$
instanceKlass com/sun/org/apache/xerces/internal/parsers/AbstractSAXParser$LocatorProxy
instanceKlass org/xml/sax/ext/Locator2
instanceKlass org/xml/sax/Locator
instanceKlass com/sun/org/apache/xerces/internal/util/XMLSymbols
instanceKlass com/sun/org/apache/xerces/internal/util/XMLChar
instanceKlass com/sun/xml/internal/stream/util/BufferAllocator
instanceKlass com/sun/xml/internal/stream/util/ThreadLocalBufferAllocator
instanceKlass com/sun/xml/internal/stream/Entity
instanceKlass com/sun/org/apache/xerces/internal/utils/XMLLimitAnalyzer
instanceKlass com/sun/org/apache/xerces/internal/xni/parser/XMLInputSource
instanceKlass org/xml/sax/InputSource
instanceKlass org/xml/sax/helpers/DefaultHandler
instanceKlass org/xml/sax/ErrorHandler
instanceKlass org/xml/sax/DTDHandler
instanceKlass org/xml/sax/EntityResolver
instanceKlass com/sun/org/apache/xerces/internal/impl/Constants$ArrayEnumeration
instanceKlass com/sun/org/apache/xerces/internal/impl/Constants
instanceKlass com/sun/org/apache/xerces/internal/parsers/AbstractSAXParser$AttributesProxy
instanceKlass org/xml/sax/ext/Attributes2
instanceKlass org/xml/sax/Attributes
instanceKlass org/xml/sax/AttributeList
instanceKlass com/sun/org/apache/xerces/internal/util/PropertyState
instanceKlass com/sun/org/apache/xerces/internal/util/FeatureState
instanceKlass com/sun/org/apache/xerces/internal/impl/msg/XMLMessageFormatter
instanceKlass com/sun/org/apache/xerces/internal/util/MessageFormatter
instanceKlass com/sun/org/apache/xerces/internal/impl/XMLVersionDetector
instanceKlass com/sun/org/apache/xerces/internal/impl/validation/ValidationManager
instanceKlass com/sun/org/apache/xerces/internal/impl/dv/dtd/NMTOKENDatatypeValidator
instanceKlass com/sun/org/apache/xerces/internal/impl/dv/dtd/NOTATIONDatatypeValidator
instanceKlass com/sun/org/apache/xerces/internal/impl/dv/dtd/ENTITYDatatypeValidator
instanceKlass com/sun/org/apache/xerces/internal/impl/dv/dtd/ListDatatypeValidator
instanceKlass com/sun/org/apache/xerces/internal/impl/dv/dtd/IDREFDatatypeValidator
instanceKlass com/sun/org/apache/xerces/internal/impl/dv/dtd/IDDatatypeValidator
instanceKlass com/sun/org/apache/xerces/internal/impl/dv/dtd/StringDatatypeValidator
instanceKlass com/sun/org/apache/xerces/internal/impl/dv/DatatypeValidator
instanceKlass com/sun/org/apache/xerces/internal/impl/dv/DTDDVFactory
instanceKlass com/sun/org/apache/xerces/internal/impl/dtd/DTDGrammarBucket
instanceKlass com/sun/org/apache/xerces/internal/impl/dtd/XMLAttributeDecl
instanceKlass com/sun/org/apache/xerces/internal/impl/dtd/XMLSimpleType
instanceKlass com/sun/org/apache/xerces/internal/impl/dtd/XMLElementDecl
instanceKlass com/sun/org/apache/xerces/internal/impl/validation/ValidationState
instanceKlass com/sun/org/apache/xerces/internal/impl/dv/ValidationContext
instanceKlass com/sun/org/apache/xerces/internal/impl/dtd/XMLDTDValidator
instanceKlass com/sun/org/apache/xerces/internal/impl/RevalidationHandler
instanceKlass com/sun/org/apache/xerces/internal/impl/dtd/XMLDTDValidatorFilter
instanceKlass com/sun/org/apache/xerces/internal/xni/parser/XMLDocumentFilter
instanceKlass com/sun/org/apache/xerces/internal/impl/dtd/XMLEntityDecl
instanceKlass com/sun/org/apache/xerces/internal/impl/dtd/XMLDTDProcessor
instanceKlass com/sun/org/apache/xerces/internal/xni/parser/XMLDTDContentModelFilter
instanceKlass com/sun/org/apache/xerces/internal/xni/parser/XMLDTDFilter
instanceKlass com/sun/org/apache/xerces/internal/xni/parser/XMLDTDScanner
instanceKlass com/sun/org/apache/xerces/internal/xni/parser/XMLDTDContentModelSource
instanceKlass com/sun/org/apache/xerces/internal/xni/parser/XMLDTDSource
instanceKlass com/sun/org/apache/xerces/internal/xni/grammars/XMLDTDDescription
instanceKlass com/sun/org/apache/xerces/internal/xni/grammars/XMLGrammarDescription
instanceKlass com/sun/org/apache/xerces/internal/impl/XMLDocumentScannerImpl$TrailingMiscDriver
instanceKlass com/sun/org/apache/xerces/internal/impl/XMLDocumentScannerImpl$PrologDriver
instanceKlass com/sun/org/apache/xerces/internal/impl/XMLDocumentScannerImpl$XMLDeclDriver
instanceKlass com/sun/org/apache/xerces/internal/util/NamespaceSupport
instanceKlass com/sun/org/apache/xerces/internal/xni/NamespaceContext
instanceKlass com/sun/org/apache/xerces/internal/util/XMLAttributesImpl$Attribute
instanceKlass com/sun/org/apache/xerces/internal/util/XMLAttributesImpl
instanceKlass com/sun/org/apache/xerces/internal/xni/XMLAttributes
instanceKlass com/sun/org/apache/xerces/internal/impl/XMLDocumentFragmentScannerImpl$FragmentContentDriver
instanceKlass com/sun/org/apache/xerces/internal/impl/XMLDocumentFragmentScannerImpl$Driver
instanceKlass com/sun/org/apache/xerces/internal/impl/XMLDocumentFragmentScannerImpl$ElementStack2
instanceKlass com/sun/org/apache/xerces/internal/xni/QName
instanceKlass com/sun/org/apache/xerces/internal/impl/XMLDocumentFragmentScannerImpl$ElementStack
instanceKlass com/sun/org/apache/xerces/internal/xni/XMLString
instanceKlass com/sun/org/apache/xerces/internal/impl/XMLScanner
instanceKlass com/sun/xml/internal/stream/XMLBufferListener
instanceKlass com/sun/org/apache/xerces/internal/impl/XMLEntityHandler
instanceKlass com/sun/org/apache/xerces/internal/xni/parser/XMLDocumentScanner
instanceKlass com/sun/org/apache/xerces/internal/xni/parser/XMLDocumentSource
instanceKlass com/sun/org/apache/xerces/internal/impl/XMLErrorReporter
instanceKlass com/sun/org/apache/xerces/internal/impl/XMLEntityScanner
instanceKlass com/sun/org/apache/xerces/internal/xni/XMLLocator
instanceKlass com/sun/xml/internal/stream/XMLEntityStorage
instanceKlass com/sun/org/apache/xerces/internal/impl/XMLEntityManager$CharacterBuffer
instanceKlass com/sun/org/apache/xerces/internal/impl/XMLEntityManager$CharacterBufferPool
instanceKlass com/sun/org/apache/xerces/internal/util/AugmentationsImpl$AugmentationsItemsContainer
instanceKlass com/sun/org/apache/xerces/internal/util/AugmentationsImpl
instanceKlass com/sun/org/apache/xerces/internal/xni/Augmentations
instanceKlass com/sun/org/apache/xerces/internal/util/XMLResourceIdentifierImpl
instanceKlass com/sun/org/apache/xerces/internal/xni/XMLResourceIdentifier
instanceKlass com/sun/org/apache/xerces/internal/impl/XMLEntityManager
instanceKlass com/sun/org/apache/xerces/internal/xni/parser/XMLEntityResolver
instanceKlass com/sun/org/apache/xerces/internal/xni/parser/XMLComponent
instanceKlass com/sun/org/apache/xerces/internal/util/SymbolTable$Entry
instanceKlass com/sun/org/apache/xerces/internal/util/SymbolTable
instanceKlass jdk/xml/internal/SecuritySupport$2
instanceKlass jdk/xml/internal/SecuritySupport$1
instanceKlass jdk/xml/internal/SecuritySupport
instanceKlass jdk/xml/internal/JdkXmlUtils
instanceKlass com/sun/org/apache/xerces/internal/util/ParserConfigurationSettings
instanceKlass com/sun/org/apache/xerces/internal/parsers/XML11Configurable
instanceKlass com/sun/org/apache/xerces/internal/xni/parser/XMLPullParserConfiguration
instanceKlass com/sun/org/apache/xerces/internal/xni/parser/XMLParserConfiguration
instanceKlass com/sun/org/apache/xerces/internal/xni/parser/XMLComponentManager
instanceKlass com/sun/org/apache/xerces/internal/parsers/XMLParser
instanceKlass com/sun/org/apache/xerces/internal/xni/XMLDTDContentModelHandler
instanceKlass com/sun/org/apache/xerces/internal/xni/XMLDTDHandler
instanceKlass com/sun/org/apache/xerces/internal/xni/XMLDocumentHandler
instanceKlass org/xml/sax/XMLReader
instanceKlass org/xml/sax/Parser
instanceKlass com/sun/org/apache/xerces/internal/utils/XMLSecurityPropertyManager
instanceKlass com/sun/org/apache/xerces/internal/utils/SecuritySupport$8
instanceKlass com/sun/org/apache/xerces/internal/utils/SecuritySupport$4
instanceKlass com/sun/org/apache/xerces/internal/utils/SecuritySupport
instanceKlass com/sun/org/apache/xerces/internal/utils/XMLSecurityManager
instanceKlass javax/xml/parsers/SAXParser
instanceKlass com/sun/org/apache/xerces/internal/xs/PSVIProvider
instanceKlass com/sun/org/apache/xerces/internal/jaxp/JAXPConstants
instanceKlass javax/xml/parsers/SecuritySupport$1
instanceKlass javax/xml/parsers/FactoryFinder$1
instanceKlass javax/xml/parsers/SecuritySupport$5
instanceKlass javax/xml/parsers/SecuritySupport$2
instanceKlass javax/xml/parsers/SecuritySupport
instanceKlass javax/xml/parsers/FactoryFinder
instanceKlass javax/xml/parsers/SAXParserFactory
instanceKlass lmcoursier/internal/shaded/coursier/maven/PomParser$State
instanceKlass lmcoursier/internal/shaded/coursier/maven/PomParser$CustomList
instanceKlass lmcoursier/internal/shaded/coursier/util/EitherT$FromEither
instanceKlass lmcoursier/internal/shaded/coursier/util/EitherT$
instanceKlass lmcoursier/internal/shaded/coursier/cache/CacheChecksum$$$Lambda$3524
instanceKlass lmcoursier/internal/shaded/coursier/cache/CacheChecksum$$$Lambda$3523
instanceKlass lmcoursier/internal/shaded/coursier/cache/CacheChecksum$$$Lambda$3520
instanceKlass lmcoursier/internal/shaded/coursier/cache/CacheChecksum$
instanceKlass lmcoursier/internal/shaded/coursier/cache/FileCache$$Lambda$3518
instanceKlass lmcoursier/internal/shaded/coursier/cache/FileCache$$Lambda$3516
instanceKlass lmcoursier/internal/shaded/coursier/cache/FileCache$$Lambda$3515
instanceKlass lmcoursier/internal/shaded/coursier/cache/FileCache$$Lambda$3512
instanceKlass lmcoursier/internal/shaded/coursier/cache/FileCache$$Lambda$3511
instanceKlass lmcoursier/internal/shaded/coursier/cache/FileCache$$Lambda$3508
instanceKlass lmcoursier/internal/shaded/coursier/cache/FileCache$$Lambda$3506
instanceKlass lmcoursier/internal/shaded/coursier/cache/FileCache$$Lambda$3504
instanceKlass lmcoursier/internal/shaded/coursier/cache/FileCache$$Lambda$3502
instanceKlass lmcoursier/internal/shaded/coursier/cache/FileCache$$Lambda$3501
instanceKlass lmcoursier/internal/shaded/coursier/cache/FileCache$$Lambda$3499
instanceKlass lmcoursier/internal/shaded/coursier/cache/internal/Downloader$$Lambda$3496
instanceKlass lmcoursier/internal/shaded/coursier/cache/internal/Downloader$$Lambda$3495
instanceKlass lmcoursier/internal/shaded/coursier/cache/internal/Downloader$$Lambda$3492
instanceKlass lmcoursier/internal/shaded/coursier/cache/internal/Downloader$$Lambda$3491
instanceKlass lmcoursier/internal/shaded/coursier/cache/internal/Downloader$$Lambda$3488
instanceKlass lmcoursier/internal/shaded/coursier/cache/FileCache$$$Lambda$3486
instanceKlass lmcoursier/internal/shaded/coursier/cache/internal/Downloader$$Lambda$3485
instanceKlass lmcoursier/internal/shaded/coursier/cache/internal/DownloadResult$
instanceKlass lmcoursier/internal/shaded/coursier/util/EitherT$$Lambda$3482
instanceKlass lmcoursier/internal/shaded/coursier/cache/FileCache$$Lambda$3480
instanceKlass lmcoursier/internal/shaded/coursier/cache/FileCache$$Lambda$3478
instanceKlass lmcoursier/internal/shaded/coursier/cache/FileCache$$Lambda$3476
instanceKlass lmcoursier/internal/shaded/coursier/cache/internal/Downloader$$Lambda$3474
instanceKlass lmcoursier/internal/shaded/coursier/cache/internal/Downloader$$Lambda$3472
instanceKlass lmcoursier/internal/shaded/coursier/cache/internal/DownloadResult
instanceKlass lmcoursier/internal/shaded/coursier/util/PlatformTaskCompanion$$Lambda$3470
instanceKlass lmcoursier/internal/shaded/coursier/cache/internal/Downloader$$Lambda$3468
instanceKlass lmcoursier/internal/shaded/coursier/cache/internal/Downloader$$Lambda$3467
instanceKlass lmcoursier/internal/shaded/coursier/cache/internal/Downloader
instanceKlass lmcoursier/internal/shaded/coursier/cache/internal/Downloader$
instanceKlass scala/concurrent/Future$$$Lambda$3465
instanceKlass lmcoursier/internal/shaded/coursier/cache/FileCache$$Lambda$3463
instanceKlass scala/concurrent/Future$$Lambda$3462
instanceKlass lmcoursier/internal/shaded/coursier/cache/FileCache$$Lambda$3460
instanceKlass scala/concurrent/Future$$Lambda$3459
instanceKlass lmcoursier/internal/shaded/coursier/cache/FileCache$$Lambda$3458
instanceKlass scala/concurrent/Future$$$Lambda$3457
instanceKlass lmcoursier/internal/shaded/coursier/core/ResolutionProcess$$$Lambda$3455
instanceKlass scala/concurrent/Future$$$Lambda$3454
instanceKlass lmcoursier/internal/shaded/coursier/core/ResolutionProcess$$$Lambda$3452
instanceKlass lmcoursier/internal/shaded/coursier/util/TaskSync$$Lambda$3451
instanceKlass lmcoursier/internal/shaded/coursier/core/ResolutionProcess$$$Lambda$3450
instanceKlass lmcoursier/internal/shaded/coursier/core/ResolutionProcess$$$Lambda$3449
instanceKlass lmcoursier/internal/shaded/coursier/util/TaskSync$$Lambda$3448
instanceKlass lmcoursier/internal/shaded/coursier/core/ResolutionProcess$$$Lambda$3447
instanceKlass lmcoursier/internal/shaded/coursier/util/EitherT$$Lambda$3446
instanceKlass lmcoursier/internal/shaded/coursier/core/ResolutionProcess$$$Lambda$3445
instanceKlass lmcoursier/internal/shaded/coursier/core/ResolutionProcess$$$Lambda$3444
instanceKlass lmcoursier/internal/shaded/coursier/core/ResolutionProcess$$$Lambda$3443
instanceKlass lmcoursier/internal/shaded/coursier/core/ResolutionProcess$$$Lambda$3442
instanceKlass lmcoursier/internal/shaded/coursier/core/ResolutionProcess$$$Lambda$3441
instanceKlass lmcoursier/internal/shaded/coursier/ivy/IvyRepository$$Lambda$3440
instanceKlass lmcoursier/internal/shaded/coursier/ivy/IvyRepository$$Lambda$3439
instanceKlass lmcoursier/internal/shaded/coursier/ivy/IvyRepository$$Lambda$3438
instanceKlass lmcoursier/internal/shaded/coursier/ivy/Pattern$$Lambda$3437
instanceKlass lmcoursier/internal/shaded/coursier/ivy/Pattern$$Lambda$3436
instanceKlass lmcoursier/internal/shaded/coursier/util/ValidationNel$FailureBuilder
instanceKlass lmcoursier/internal/shaded/coursier/ivy/Pattern$$Lambda$3435
instanceKlass lmcoursier/internal/shaded/coursier/ivy/IvyRepository$$Lambda$3434
instanceKlass lmcoursier/internal/shaded/coursier/ivy/IvyRepository$$Lambda$3433
instanceKlass lmcoursier/internal/shaded/coursier/ivy/IvyRepository$$Lambda$3432
instanceKlass lmcoursier/internal/shaded/coursier/maven/SbtMavenRepository$$Lambda$3431
instanceKlass lmcoursier/internal/shaded/coursier/maven/MavenRepositoryInternal$$Lambda$3430
instanceKlass lmcoursier/internal/shaded/coursier/maven/MavenRepositoryInternal$$Lambda$3429
instanceKlass lmcoursier/internal/shaded/coursier/util/EitherT$$Lambda$3428
instanceKlass lmcoursier/internal/shaded/coursier/maven/MavenRepositoryInternal$$Lambda$3427
instanceKlass lmcoursier/internal/shaded/coursier/maven/SbtMavenRepository$$anon$1$$Lambda$3426
instanceKlass lmcoursier/internal/shaded/coursier/cache/FileCache$$Lambda$3425
instanceKlass lmcoursier/internal/shaded/coursier/util/EitherT$$Lambda$3424
instanceKlass lmcoursier/internal/shaded/coursier/cache/FileCache$$Lambda$3423
instanceKlass lmcoursier/internal/shaded/coursier/util/EitherT$$Lambda$3422
instanceKlass lmcoursier/internal/shaded/coursier/cache/FileCache$$Lambda$3421
instanceKlass lmcoursier/internal/shaded/coursier/cache/FileCache$$Lambda$3420
instanceKlass lmcoursier/internal/shaded/coursier/cache/FileCache$$Lambda$3419
instanceKlass lmcoursier/internal/shaded/coursier/cache/FileCache$$Lambda$3418
instanceKlass lmcoursier/internal/shaded/coursier/maven/MavenRepositoryInternal$$Lambda$3417
instanceKlass lmcoursier/internal/shaded/coursier/util/Artifact$
instanceKlass lmcoursier/internal/shaded/coursier/core/Repository$ArtifactExtensions$
instanceKlass lmcoursier/internal/shaded/coursier/maven/SbtMavenRepository$$anon$1$$Lambda$3416
instanceKlass lmcoursier/internal/shaded/coursier/maven/MavenRepositoryInternal$
instanceKlass lmcoursier/internal/shaded/coursier/maven/SbtMavenRepository$$Lambda$3415
instanceKlass lmcoursier/internal/shaded/coursier/maven/SbtMavenRepository$$Lambda$3414
instanceKlass lmcoursier/internal/shaded/coursier/maven/SbtMavenRepository$$$Lambda$3413
instanceKlass lmcoursier/internal/InterProjectRepository$$Lambda$3412
instanceKlass lmcoursier/internal/InterProjectRepository$$Lambda$3411
instanceKlass lmcoursier/internal/shaded/coursier/core/ResolutionProcess$$$Lambda$3410
instanceKlass lmcoursier/internal/shaded/coursier/core/VersionInterval$
instanceKlass lmcoursier/internal/shaded/coursier/core/VersionConstraint$
instanceKlass lmcoursier/internal/shaded/coursier/core/Parse$$$Lambda$3409
instanceKlass lmcoursier/internal/shaded/coursier/core/Parse$$$Lambda$3408
instanceKlass lmcoursier/internal/shaded/coursier/core/Parse$$$Lambda$3407
instanceKlass lmcoursier/internal/shaded/coursier/core/Parse$$$Lambda$3406
instanceKlass lmcoursier/internal/shaded/coursier/core/Parse$$$Lambda$3405
instanceKlass lmcoursier/internal/shaded/coursier/core/Parse$$$Lambda$3404
instanceKlass lmcoursier/internal/shaded/coursier/core/Parse$$$Lambda$3403
instanceKlass lmcoursier/internal/shaded/coursier/core/Parse$$$Lambda$3402
instanceKlass lmcoursier/internal/shaded/coursier/core/VersionConstraint
instanceKlass lmcoursier/internal/shaded/coursier/core/VersionInterval
instanceKlass lmcoursier/internal/shaded/coursier/core/Parse$$$Lambda$3401
instanceKlass lmcoursier/internal/shaded/coursier/core/Latest$
instanceKlass lmcoursier/internal/shaded/coursier/core/ResolutionProcess$$$Lambda$3400
instanceKlass lmcoursier/internal/shaded/coursier/core/ResolutionProcess$$$Lambda$3399
instanceKlass lmcoursier/internal/shaded/coursier/core/ResolutionProcess$$Lambda$3398
instanceKlass lmcoursier/internal/shaded/coursier/core/ResolutionProcess$$$Lambda$3397
instanceKlass lmcoursier/internal/shaded/coursier/core/ResolutionProcess$$$Lambda$3396
instanceKlass scala/collection/compat/immutable/LazyList$State$Cons
instanceKlass scala/collection/compat/immutable/LazyList$$$Lambda$3395
instanceKlass scala/collection/compat/immutable/LazyList$$$Lambda$3394
instanceKlass lmcoursier/internal/shaded/coursier/core/ResolutionProcess$$$Lambda$3393
instanceKlass lmcoursier/internal/shaded/coursier/core/ResolutionProcess$$$Lambda$3392
instanceKlass lmcoursier/internal/shaded/coursier/core/ResolutionProcess$$$Lambda$3391
instanceKlass lmcoursier/internal/shaded/coursier/core/ResolutionProcess$$$Lambda$3390
instanceKlass lmcoursier/internal/shaded/coursier/core/ResolutionProcess$$$Lambda$3389
instanceKlass lmcoursier/internal/shaded/coursier/core/Missing$
instanceKlass lmcoursier/internal/shaded/coursier/core/Resolution$$$Lambda$3388
instanceKlass lmcoursier/internal/shaded/coursier/core/Resolution$$$Lambda$3387
instanceKlass lmcoursier/internal/shaded/coursier/core/Info$$$Lambda$3386
instanceKlass lmcoursier/internal/shaded/coursier/core/Info$License
instanceKlass lmcoursier/definitions/ToCoursier$$$Lambda$3385
instanceKlass lmcoursier/internal/shaded/coursier/core/Versions$DateTime
instanceKlass lmcoursier/definitions/DateTime
instanceKlass lmcoursier/definitions/ToCoursier$$$Lambda$3384
instanceKlass lmcoursier/internal/shaded/coursier/core/Info$Developer
instanceKlass lmcoursier/definitions/Developer
instanceKlass lmcoursier/definitions/ToCoursier$$$Lambda$3383
instanceKlass lmcoursier/definitions/ToCoursier$$$Lambda$3382
instanceKlass lmcoursier/definitions/ToCoursier$$$Lambda$3381
instanceKlass lmcoursier/definitions/ToCoursier$$$Lambda$3380
instanceKlass lmcoursier/definitions/ToCoursier$$$Lambda$3379
instanceKlass lmcoursier/definitions/ToCoursier$$$Lambda$3378
instanceKlass lmcoursier/CoursierDependencyResolution$$Lambda$3377
instanceKlass lmcoursier/CoursierDependencyResolution$$Lambda$3376
instanceKlass lmcoursier/CoursierDependencyResolution$$Lambda$3375
instanceKlass lmcoursier/CoursierDependencyResolution$$Lambda$3374
instanceKlass lmcoursier/CoursierDependencyResolution$$Lambda$3373
instanceKlass lmcoursier/CoursierDependencyResolution$$Lambda$3372
instanceKlass sbt/librarymanagement/UnresolvedWarning
instanceKlass lmcoursier/internal/SbtUpdateReport$$$Lambda$3371
instanceKlass lmcoursier/internal/SbtUpdateReport$$$Lambda$3370
instanceKlass lmcoursier/internal/SbtUpdateReport$$$Lambda$3369
instanceKlass lmcoursier/internal/SbtUpdateReport$$$Lambda$3368
instanceKlass lmcoursier/internal/SbtUpdateReport$$$Lambda$3367
instanceKlass lmcoursier/internal/shaded/coursier/graph/Conflict$$$Lambda$3366
instanceKlass lmcoursier/internal/shaded/coursier/graph/Conflict
instanceKlass lmcoursier/internal/shaded/coursier/graph/Conflict$Conflicted
instanceKlass lmcoursier/internal/shaded/coursier/graph/Conflict$$$Lambda$3365
instanceKlass lmcoursier/internal/shaded/coursier/graph/Conflict$$$Lambda$3364
instanceKlass lmcoursier/internal/shaded/coursier/graph/ReverseModuleTree$$$Lambda$3363
instanceKlass lmcoursier/internal/shaded/coursier/graph/ReverseModuleTree$$$Lambda$3362
instanceKlass scala/collection/mutable/LinkedListLike
instanceKlass scala/collection/mutable/LinearSeq
instanceKlass lmcoursier/internal/shaded/coursier/graph/ReverseModuleTree$$$Lambda$3361
instanceKlass lmcoursier/internal/shaded/coursier/core/Resolution$$Lambda$3360
instanceKlass lmcoursier/internal/shaded/coursier/graph/ReverseModuleTree$$$Lambda$3359
instanceKlass lmcoursier/internal/shaded/coursier/graph/DependencyTree$$$Lambda$3358
instanceKlass lmcoursier/internal/shaded/coursier/graph/DependencyTree$$$Lambda$3357
instanceKlass lmcoursier/internal/shaded/coursier/graph/DependencyTree
instanceKlass lmcoursier/internal/shaded/coursier/graph/DependencyTree$
instanceKlass lmcoursier/internal/shaded/coursier/graph/ReverseModuleTree$
instanceKlass lmcoursier/internal/shaded/coursier/graph/ReverseModuleTree
instanceKlass lmcoursier/internal/shaded/coursier/graph/Conflict$
instanceKlass lmcoursier/internal/SbtUpdateReport$$$Lambda$3356
instanceKlass sbt/librarymanagement/OrganizationArtifactReport
instanceKlass lmcoursier/internal/SbtUpdateReport$$$Lambda$3355
instanceKlass lmcoursier/internal/SbtUpdateReport$$$Lambda$3354
instanceKlass lmcoursier/internal/SbtUpdateReport$$$Lambda$3353
instanceKlass lmcoursier/internal/SbtUpdateReport$$$Lambda$3352
instanceKlass lmcoursier/internal/SbtUpdateReport$$$Lambda$3351
instanceKlass lmcoursier/internal/SbtUpdateReport$$$Lambda$3350
instanceKlass lmcoursier/internal/SbtUpdateReport$$$Lambda$3349
instanceKlass lmcoursier/internal/SbtUpdateReport$$$Lambda$3348
instanceKlass lmcoursier/internal/SbtUpdateReport$$$Lambda$3347
instanceKlass lmcoursier/internal/SbtUpdateReport$$$Lambda$3346
instanceKlass lmcoursier/internal/shaded/coursier/core/Classifier
instanceKlass lmcoursier/internal/shaded/coursier/core/Extension
instanceKlass lmcoursier/internal/shaded/coursier/core/Publication
instanceKlass lmcoursier/internal/shaded/coursier/core/Extension$$$Lambda$3345
instanceKlass lmcoursier/internal/shaded/coursier/core/Extension$
instanceKlass lmcoursier/internal/shaded/coursier/core/Publication$
instanceKlass lmcoursier/internal/shaded/coursier/core/Dependency$
instanceKlass lmcoursier/internal/shaded/coursier/package$Dependency$
instanceKlass lmcoursier/internal/SbtUpdateReport$$$Lambda$3344
instanceKlass lmcoursier/internal/SbtUpdateReport$$$Lambda$3343
instanceKlass lmcoursier/internal/SbtUpdateReport$$$Lambda$3342
instanceKlass lmcoursier/internal/SbtUpdateReport$$$Lambda$3341
instanceKlass lmcoursier/internal/SbtUpdateReport$$$Lambda$3340
instanceKlass lmcoursier/internal/SbtUpdateReport$$$Lambda$3339
instanceKlass lmcoursier/internal/SbtUpdateReport$$$Lambda$3338
instanceKlass java/lang/invoke/LambdaForm$MH
instanceKlass java/lang/invoke/LambdaForm$DMH
instanceKlass java/lang/invoke/LambdaForm$DMH
instanceKlass lmcoursier/internal/SbtUpdateReport$$$Lambda$3337
instanceKlass java/lang/invoke/LambdaForm$DMH
instanceKlass lmcoursier/internal/UpdateRun$$$Lambda$3336
instanceKlass lmcoursier/internal/shaded/coursier/core/Attributes
instanceKlass lmcoursier/internal/UpdateRun$$$Lambda$3335
instanceKlass lmcoursier/internal/SbtUpdateReport$$$Lambda$3334
instanceKlass lmcoursier/internal/SbtUpdateReport$$$Lambda$3333
instanceKlass lmcoursier/internal/SbtUpdateReport$$$Lambda$3332
instanceKlass lmcoursier/internal/SbtUpdateReport$$$Lambda$3331
instanceKlass lmcoursier/internal/SbtUpdateReport$
instanceKlass lmcoursier/internal/UpdateRun$$$Lambda$3330
instanceKlass lmcoursier/internal/UpdateRun$$$Lambda$3329
instanceKlass lmcoursier/internal/UpdateRun$$$Lambda$3328
instanceKlass lmcoursier/internal/shaded/coursier/cache/loggers/RefreshLogger$
instanceKlass lmcoursier/internal/UpdateRun$
instanceKlass lmcoursier/CoursierDependencyResolution$$Lambda$3327
instanceKlass lmcoursier/CoursierDependencyResolution$$Lambda$3326
instanceKlass lmcoursier/internal/UpdateParams
instanceKlass java/lang/invoke/LambdaForm$MH
instanceKlass java/lang/invoke/LambdaForm$DMH
instanceKlass java/lang/invoke/LambdaForm$DMH
instanceKlass lmcoursier/CoursierDependencyResolution$$Lambda$3325
instanceKlass java/lang/invoke/LambdaForm$DMH
instanceKlass lmcoursier/internal/shaded/coursier/Artifacts$$Lambda$3324
instanceKlass lmcoursier/internal/shaded/coursier/Artifacts$$Lambda$3323
instanceKlass lmcoursier/internal/shaded/coursier/Artifacts$Result$
instanceKlass lmcoursier/internal/shaded/coursier/Artifacts$$Lambda$3322
instanceKlass scala/concurrent/Promise$$Lambda$3321
instanceKlass lmcoursier/internal/shaded/coursier/Artifacts$$$Lambda$3320
instanceKlass scala/collection/immutable/Stream$$$Lambda$3319
instanceKlass lmcoursier/internal/shaded/coursier/Artifacts$$$Lambda$3318
instanceKlass lmcoursier/internal/shaded/coursier/Artifacts$$$Lambda$3317
instanceKlass lmcoursier/internal/shaded/coursier/Artifacts$$$Lambda$3316
instanceKlass lmcoursier/internal/shaded/coursier/Artifacts$ArtifactsTaskOps$$$Lambda$3315
instanceKlass lmcoursier/internal/shaded/coursier/Artifacts$$Lambda$3314
instanceKlass lmcoursier/internal/shaded/coursier/Artifacts$Result
instanceKlass lmcoursier/internal/shaded/coursier/Artifacts$$$Lambda$3313
instanceKlass lmcoursier/internal/shaded/coursier/Artifacts$$$Lambda$3312
instanceKlass lmcoursier/internal/shaded/coursier/Artifacts$$$Lambda$3311
instanceKlass lmcoursier/internal/shaded/coursier/Artifacts$$$Lambda$3310
instanceKlass lmcoursier/internal/shaded/coursier/Artifacts$$$Lambda$3309
instanceKlass lmcoursier/internal/shaded/coursier/Artifacts$$$Lambda$3308
instanceKlass lmcoursier/internal/shaded/coursier/Artifacts$$$Lambda$3307
instanceKlass lmcoursier/internal/shaded/coursier/Artifacts$$$Lambda$3306
instanceKlass lmcoursier/internal/shaded/coursier/Artifacts$$$Lambda$3305
instanceKlass lmcoursier/internal/shaded/coursier/Artifacts$$Lambda$3304
instanceKlass lmcoursier/internal/shaded/coursier/Artifacts$$Lambda$3303
instanceKlass lmcoursier/internal/shaded/coursier/Artifacts$$Lambda$3302
instanceKlass lmcoursier/internal/shaded/coursier/Artifacts$$Lambda$3301
instanceKlass lmcoursier/internal/shaded/coursier/Artifacts$$Lambda$3300
instanceKlass lmcoursier/internal/shaded/coursier/Artifacts$$Lambda$3299
instanceKlass lmcoursier/internal/shaded/coursier/Artifacts$$$Lambda$3298
instanceKlass lmcoursier/internal/shaded/coursier/core/Resolution$$Lambda$3297
instanceKlass scala/collection/compat/immutable/LazyList$LazyBuilder
instanceKlass scala/collection/compat/immutable/LazyList$$$Lambda$3296
instanceKlass scala/collection/compat/immutable/LazyList$$$Lambda$3295
instanceKlass scala/collection/compat/immutable/LazyList$State$Empty$
instanceKlass scala/collection/compat/immutable/LazyList$State
instanceKlass lmcoursier/internal/shaded/coursier/core/Resolution$$Lambda$3294
instanceKlass lmcoursier/internal/shaded/coursier/core/Resolution$$Lambda$3293
instanceKlass lmcoursier/internal/shaded/coursier/core/Resolution$$$Lambda$3292
instanceKlass lmcoursier/internal/shaded/coursier/core/Resolution$$$Lambda$3291
instanceKlass lmcoursier/internal/shaded/coursier/core/Resolution$$Lambda$3290
instanceKlass lmcoursier/internal/shaded/coursier/Artifacts$$$Lambda$3289
instanceKlass lmcoursier/internal/shaded/coursier/Artifacts$$$Lambda$3288
instanceKlass lmcoursier/internal/shaded/coursier/Artifacts$$Lambda$3287
instanceKlass lmcoursier/internal/shaded/coursier/Artifacts$ArtifactsTaskOps$
instanceKlass lmcoursier/internal/ArtifactsRun$$$Lambda$3286
instanceKlass lmcoursier/internal/ArtifactsRun$$$Lambda$3285
instanceKlass lmcoursier/internal/ArtifactsRun$$$Lambda$3284
instanceKlass lmcoursier/internal/shaded/coursier/Artifacts
instanceKlass lmcoursier/internal/shaded/coursier/Artifacts$
instanceKlass lmcoursier/internal/ArtifactsRun$$$Lambda$3283
instanceKlass lmcoursier/internal/ArtifactsRun$$$Lambda$3282
instanceKlass lmcoursier/internal/ArtifactsRun$
instanceKlass lmcoursier/CoursierDependencyResolution$$Lambda$3281
instanceKlass java/lang/invoke/LambdaForm$DMH
instanceKlass lmcoursier/internal/ArtifactsParams
instanceKlass lmcoursier/CoursierDependencyResolution$$Lambda$3280
instanceKlass lmcoursier/internal/ResolutionRun$$$Lambda$3279
instanceKlass lmcoursier/internal/ResolutionRun$$$Lambda$3278
instanceKlass lmcoursier/internal/ResolutionRun$$$Lambda$3277
instanceKlass scala/concurrent/BatchingExecutor$Batch$$Lambda$3276
instanceKlass scala/concurrent/BatchingExecutor$Batch
instanceKlass lmcoursier/internal/shaded/coursier/Resolve$$Lambda$3275
instanceKlass lmcoursier/internal/shaded/coursier/Resolve$$Lambda$3274
instanceKlass lmcoursier/internal/shaded/coursier/Resolve$$Lambda$3273
instanceKlass lmcoursier/internal/shaded/coursier/Resolve$$Lambda$3272
instanceKlass lmcoursier/internal/shaded/coursier/Resolve$$$Lambda$3271
instanceKlass lmcoursier/internal/shaded/coursier/Resolve$$$Lambda$3270
instanceKlass lmcoursier/internal/shaded/coursier/util/Task$$$Lambda$3269
instanceKlass lmcoursier/internal/shaded/coursier/util/Task$$$Lambda$3268
instanceKlass lmcoursier/internal/shaded/coursier/cache/CacheLogger$Using$$Lambda$3267
instanceKlass lmcoursier/internal/shaded/coursier/util/Task$$$Lambda$3266
instanceKlass lmcoursier/internal/shaded/coursier/cache/CacheLogger$Using$$Lambda$3265
instanceKlass lmcoursier/internal/shaded/coursier/cache/CacheLogger$Using$$Lambda$3264
instanceKlass lmcoursier/internal/shaded/coursier/cache/CacheLogger$Using$$Lambda$3263
instanceKlass lmcoursier/internal/shaded/coursier/util/Sync$$Lambda$3262
instanceKlass lmcoursier/internal/shaded/coursier/Resolve$$Lambda$3261
instanceKlass lmcoursier/internal/shaded/coursier/Resolve$$Lambda$3260
instanceKlass lmcoursier/internal/shaded/coursier/Resolve$$Lambda$3259
instanceKlass lmcoursier/internal/shaded/coursier/cache/CacheLogger$Using$$Lambda$3258
instanceKlass lmcoursier/internal/shaded/coursier/cache/CacheLogger$Using$$Lambda$3257
instanceKlass lmcoursier/internal/shaded/coursier/cache/CacheLogger$Using
instanceKlass lmcoursier/internal/shaded/coursier/util/Task$$$Lambda$3256
instanceKlass lmcoursier/internal/shaded/coursier/core/Done$
instanceKlass scala/jdk/CollectionConverters$
instanceKlass lmcoursier/internal/shaded/coursier/core/Resolution$$Lambda$3255
instanceKlass lmcoursier/internal/shaded/coursier/core/Resolution$$Lambda$3254
instanceKlass scala/collection/compat/MapViewExtensionMethods$$$Lambda$3253
instanceKlass scala/collection/IterableViewLike$AbstractTransformed
instanceKlass scala/collection/compat/MapViewExtensionMethods$$$Lambda$3252
instanceKlass scala/collection/compat/package$$anon$1
instanceKlass lmcoursier/internal/shaded/coursier/core/Resolution$$Lambda$3251
instanceKlass scala/collection/IterableLike$$anon$1
instanceKlass lmcoursier/internal/shaded/coursier/core/Resolution$$Lambda$3250
instanceKlass scala/collection/TraversableOnce$
instanceKlass scala/collection/compat/package$
instanceKlass scala/collection/compat/PackageShared
instanceKlass scala/collection/compat/MapViewExtensionMethods$
instanceKlass lmcoursier/internal/shaded/coursier/core/Resolution$$Lambda$3249
instanceKlass lmcoursier/internal/shaded/coursier/core/Resolution$$Lambda$3248
instanceKlass lmcoursier/internal/shaded/coursier/core/Resolution$$Lambda$3247
instanceKlass lmcoursier/internal/shaded/coursier/core/Resolution$$Lambda$3246
instanceKlass lmcoursier/internal/shaded/coursier/core/Resolution$$Lambda$3245
instanceKlass lmcoursier/internal/shaded/coursier/core/Resolution$$Lambda$3244
instanceKlass lmcoursier/internal/shaded/coursier/core/Resolution$$$Lambda$3243
instanceKlass lmcoursier/internal/shaded/coursier/core/Resolution$$$Lambda$3242
instanceKlass lmcoursier/internal/shaded/coursier/core/Resolution$$Lambda$3241
instanceKlass lmcoursier/internal/shaded/coursier/core/DependencySet$$Lambda$3240
instanceKlass lmcoursier/internal/shaded/coursier/core/Resolution$$Lambda$3239
instanceKlass lmcoursier/internal/shaded/coursier/core/Resolution$$Lambda$3238
instanceKlass lmcoursier/internal/shaded/coursier/package$ResolutionExtensions$
instanceKlass scala/Product1$mcI$sp
instanceKlass scala/Tuple1
instanceKlass scala/Product1
instanceKlass lmcoursier/internal/shaded/coursier/core/Version$Item
instanceKlass lmcoursier/internal/shaded/coursier/core/Version$Number$
instanceKlass lmcoursier/internal/shaded/coursier/core/Version
instanceKlass lmcoursier/internal/shaded/coursier/core/Version$
instanceKlass lmcoursier/internal/shaded/coursier/core/compatibility/package$RichChar$
instanceKlass lmcoursier/internal/shaded/coursier/core/Parse$$$Lambda$3237
instanceKlass org/xml/sax/ContentHandler
instanceKlass lmcoursier/internal/shaded/coursier/util/Xml$Node
instanceKlass lmcoursier/internal/shaded/coursier/core/compatibility/package$
instanceKlass lmcoursier/internal/shaded/coursier/core/Parse$
instanceKlass lmcoursier/internal/shaded/coursier/Resolve$$$Lambda$3236
instanceKlass lmcoursier/internal/shaded/coursier/Resolve$$$Lambda$3235
instanceKlass lmcoursier/internal/shaded/coursier/core/Activation$Os$$$Lambda$3234
instanceKlass lmcoursier/internal/shaded/coursier/core/Activation$Os$$$Lambda$3233
instanceKlass lmcoursier/internal/shaded/coursier/core/Activation$Os$$$Lambda$3232
instanceKlass lmcoursier/internal/shaded/coursier/core/Activation$Os$$$Lambda$3231
instanceKlass lmcoursier/internal/shaded/coursier/core/Activation$Os$$$Lambda$3230
instanceKlass lmcoursier/internal/shaded/coursier/core/Activation$Os$$$Lambda$3229
instanceKlass lmcoursier/internal/shaded/coursier/core/Activation$Os$$$Lambda$3228
instanceKlass lmcoursier/internal/shaded/coursier/Resolve$$$Lambda$3227
instanceKlass lmcoursier/internal/shaded/coursier/Resolve$$$Lambda$3226
instanceKlass lmcoursier/internal/shaded/coursier/core/Activation$Os
instanceKlass lmcoursier/internal/shaded/coursier/core/Activation$Os$
instanceKlass lmcoursier/internal/shaded/coursier/core/DependencySet
instanceKlass lmcoursier/internal/shaded/coursier/core/DependencySet$
instanceKlass lmcoursier/internal/shaded/coursier/package$Resolution$
instanceKlass lmcoursier/internal/shaded/coursier/Resolve$$$Lambda$3225
instanceKlass lmcoursier/internal/shaded/coursier/Resolve$$$Lambda$3224
instanceKlass lmcoursier/internal/shaded/coursier/params/ResolutionParams$$Lambda$3223
instanceKlass lmcoursier/internal/shaded/coursier/Resolve$$$Lambda$3222
instanceKlass lmcoursier/internal/shaded/coursier/params/ResolutionParams$$Lambda$3221
instanceKlass lmcoursier/internal/shaded/coursier/core/Resolution$$$Lambda$3220
instanceKlass lmcoursier/internal/shaded/coursier/core/Type$Exotic$
instanceKlass lmcoursier/internal/shaded/coursier/core/Type
instanceKlass scala/collection/immutable/HashMap$$Lambda$3219
instanceKlass lmcoursier/internal/shaded/coursier/core/Resolution$
instanceKlass lmcoursier/internal/shaded/coursier/package$Module$
instanceKlass lmcoursier/internal/shaded/coursier/params/ResolutionParams$$Lambda$3218
instanceKlass lmcoursier/internal/shaded/coursier/params/ResolutionParams$$Lambda$3217
instanceKlass lmcoursier/internal/shaded/coursier/Resolve$$Lambda$3216
instanceKlass lmcoursier/internal/shaded/coursier/Resolve$$Lambda$3215
instanceKlass lmcoursier/internal/shaded/coursier/core/MinimizedExclusions
instanceKlass lmcoursier/internal/shaded/coursier/core/MinimizedExclusions$ExclusionData
instanceKlass lmcoursier/internal/shaded/coursier/core/MinimizedExclusions$
instanceKlass lmcoursier/internal/shaded/coursier/Resolve$$Lambda$3214
instanceKlass lmcoursier/internal/shaded/coursier/Resolve$$Lambda$3213
instanceKlass lmcoursier/internal/shaded/coursier/util/Task$$$Lambda$3212
instanceKlass lmcoursier/internal/shaded/coursier/core/ResolutionProcess$$$Lambda$3211
instanceKlass scala/concurrent/Future$InternalCallbackExecutor$
instanceKlass scala/concurrent/BatchingExecutor
instanceKlass lmcoursier/internal/shaded/coursier/params/Mirror$$$Lambda$3210
instanceKlass lmcoursier/internal/shaded/coursier/params/Mirror$$$Lambda$3209
instanceKlass scala/concurrent/AwaitPermission$
instanceKlass lmcoursier/internal/shaded/coursier/params/Mirror$
instanceKlass scala/concurrent/BlockContext$DefaultBlockContext$
instanceKlass scala/concurrent/BlockContext$
instanceKlass scala/concurrent/Await$$$Lambda$3208
instanceKlass lmcoursier/internal/shaded/coursier/PlatformResolve$$Lambda$3207
instanceKlass scala/concurrent/package$
instanceKlass lmcoursier/internal/shaded/coursier/PlatformResolve$$Lambda$3206
instanceKlass scala/concurrent/CanAwait
instanceKlass lmcoursier/internal/shaded/coursier/PlatformResolve$$Lambda$3205
instanceKlass scala/concurrent/Await$
instanceKlass lmcoursier/internal/shaded/coursier/PlatformResolve$$Lambda$3204
instanceKlass scala/concurrent/Future$$Lambda$3203
instanceKlass lmcoursier/internal/shaded/coursier/PlatformResolve$$Lambda$3202
instanceKlass scala/concurrent/impl/Promise$$Lambda$3201
instanceKlass lmcoursier/internal/shaded/coursier/Resolve$$Lambda$3200
instanceKlass scala/concurrent/Future$$Lambda$3199
instanceKlass lmcoursier/internal/shaded/coursier/Resolve$$Lambda$3198
instanceKlass lmcoursier/internal/shaded/coursier/util/Task$$$Lambda$3197
instanceKlass scala/concurrent/impl/CallbackRunnable
instanceKlass scala/concurrent/OnCompleteRunnable
instanceKlass scala/concurrent/impl/Promise$$Lambda$3196
instanceKlass scala/concurrent/Future$$Lambda$3195
instanceKlass scala/concurrent/Future$$$Lambda$3194
instanceKlass lmcoursier/internal/shaded/coursier/util/Task$$$Lambda$3193
instanceKlass scala/concurrent/impl/Promise$KeptPromise$Successful
instanceKlass scala/concurrent/impl/Promise$KeptPromise$Kept
instanceKlass scala/concurrent/impl/Promise$
instanceKlass scala/concurrent/impl/Promise$KeptPromise$
instanceKlass scala/concurrent/Future$
instanceKlass lmcoursier/internal/shaded/coursier/util/Task$$$Lambda$3192
instanceKlass lmcoursier/internal/shaded/coursier/Resolve$ResolveTaskOps$$$Lambda$3191
instanceKlass lmcoursier/internal/shaded/coursier/Resolve$$Lambda$3190
instanceKlass lmcoursier/internal/shaded/coursier/core/Resolution
instanceKlass lmcoursier/internal/shaded/coursier/util/Task$$$Lambda$3189
instanceKlass lmcoursier/internal/shaded/coursier/Resolve$$Lambda$3188
instanceKlass lmcoursier/internal/shaded/coursier/Resolve$$Lambda$3187
instanceKlass lmcoursier/internal/shaded/coursier/util/Task$$$Lambda$3186
instanceKlass lmcoursier/internal/shaded/coursier/Resolve$$Lambda$3185
instanceKlass lmcoursier/internal/shaded/coursier/util/Monad$ops$$anon$1
instanceKlass lmcoursier/internal/shaded/coursier/util/Task$$$Lambda$3184
instanceKlass lmcoursier/internal/shaded/coursier/util/Task
instanceKlass lmcoursier/internal/shaded/coursier/Resolve$$Lambda$3183
instanceKlass lmcoursier/internal/shaded/coursier/Resolve$$Lambda$3182
instanceKlass lmcoursier/internal/shaded/coursier/PlatformResolve$$Lambda$3181
instanceKlass lmcoursier/internal/shaded/coursier/PlatformResolve$$Lambda$3180
instanceKlass lmcoursier/internal/shaded/coursier/PlatformResolve$$Lambda$3179
instanceKlass lmcoursier/internal/shaded/scala/cli/config/Keys$$anon$3$$anon$4
instanceKlass lmcoursier/internal/shaded/scala/cli/config/Keys$$anon$1$$anon$2
instanceKlass lmcoursier/internal/shaded/scala/cli/config/Key$BooleanEntry$
instanceKlass lmcoursier/internal/shaded/scala/cli/config/Keys$
instanceKlass lmcoursier/internal/shaded/coursier/PlatformResolve$$Lambda$3178
instanceKlass lmcoursier/internal/shaded/coursier/PlatformResolve$$Lambda$3177
instanceKlass lmcoursier/internal/shaded/coursier/Resolve$$Lambda$3176
instanceKlass lmcoursier/internal/shaded/coursier/cache/FileCache$$Lambda$3175
instanceKlass lmcoursier/internal/shaded/coursier/util/EitherT
instanceKlass lmcoursier/internal/shaded/coursier/util/Artifact
instanceKlass lmcoursier/internal/shaded/coursier/cache/FileCache$$Lambda$3174
instanceKlass lmcoursier/internal/shaded/coursier/util/Monad$AllOps
instanceKlass lmcoursier/internal/shaded/coursier/util/Monad$Ops
instanceKlass lmcoursier/internal/shaded/coursier/util/Monad$ops$
instanceKlass lmcoursier/internal/shaded/coursier/Resolve$ResolveTaskOps$
instanceKlass java/lang/invoke/LambdaForm$MH
instanceKlass java/lang/invoke/LambdaForm$DMH
instanceKlass lmcoursier/internal/ResolutionRun$$$Lambda$3173
instanceKlass java/lang/invoke/LambdaForm$DMH
instanceKlass lmcoursier/internal/shaded/coursier/cache/loggers/RefreshLogger
instanceKlass lmcoursier/internal/ResolutionRun$$$Lambda$3172
instanceKlass lmcoursier/internal/ResolutionRun$$$Lambda$3171
instanceKlass lmcoursier/internal/shaded/coursier/params/Mirror
instanceKlass lmcoursier/internal/shaded/coursier/params/MirrorConfFile$
instanceKlass lmcoursier/internal/shaded/coursier/PlatformResolve$$Lambda$3170
instanceKlass lmcoursier/internal/shaded/coursier/internal/PlatformMirrorConfFile
instanceKlass lmcoursier/internal/shaded/coursier/paths/Mirror
instanceKlass lmcoursier/internal/shaded/coursier/PlatformResolve$$Lambda$3169
instanceKlass lmcoursier/internal/shaded/coursier/PlatformResolve$$Lambda$3168
instanceKlass lmcoursier/internal/shaded/coursier/maven/MavenRepository
instanceKlass lmcoursier/internal/shaded/coursier/Repositories$
instanceKlass lmcoursier/internal/shaded/coursier/LocalRepositories$$$Lambda$3167
instanceKlass lmcoursier/internal/shaded/coursier/LocalRepositories$$$Lambda$3166
instanceKlass lmcoursier/internal/shaded/coursier/LocalRepositories$
instanceKlass lmcoursier/internal/shaded/coursier/PlatformResolve$$Lambda$3165
instanceKlass lmcoursier/internal/shaded/coursier/PlatformResolve$$Lambda$3164
instanceKlass lmcoursier/internal/shaded/coursier/PlatformResolve$$Lambda$3163
instanceKlass lmcoursier/internal/shaded/coursier/PlatformResolve$$Lambda$3162
instanceKlass lmcoursier/internal/shaded/coursier/PlatformResolve$$Lambda$3161
instanceKlass lmcoursier/internal/shaded/coursier/PlatformResolve$$Lambda$3160
instanceKlass lmcoursier/internal/shaded/coursier/Resolve
instanceKlass lmcoursier/internal/shaded/coursier/cache/PlatformCacheCompanion
instanceKlass lmcoursier/internal/shaded/coursier/PlatformResolve
instanceKlass lmcoursier/internal/ResolutionRun$$$Lambda$3159
instanceKlass lmcoursier/internal/ResolutionRun$$$Lambda$3158
instanceKlass java/lang/invoke/LambdaForm$MH
instanceKlass java/lang/invoke/LambdaForm$DMH
instanceKlass lmcoursier/internal/ResolutionRun$$$Lambda$3157
instanceKlass lmcoursier/internal/ResolutionRun$$$Lambda$3156
instanceKlass lmcoursier/internal/ResolutionParams$$Lambda$3155
instanceKlass lmcoursier/internal/ResolutionParams$$Lambda$3154
instanceKlass lmcoursier/internal/ResolutionParams$$Lambda$3153
instanceKlass lmcoursier/internal/ResolutionParams$$Lambda$3152
instanceKlass lmcoursier/internal/ResolutionRun$$$Lambda$3151
instanceKlass lmcoursier/internal/ResolutionRun$$$Lambda$3150
instanceKlass lmcoursier/internal/ResolutionRun$$$Lambda$3149
instanceKlass lmcoursier/internal/ResolutionRun$$$Lambda$3148
instanceKlass lmcoursier/internal/Lock$
instanceKlass lmcoursier/internal/ResolutionRun$$$Lambda$3147
instanceKlass lmcoursier/internal/ResolutionRun$$$Lambda$3146
instanceKlass lmcoursier/internal/SbtCoursierCache$ResolutionKey
instanceKlass lmcoursier/internal/SbtCoursierCache
instanceKlass lmcoursier/internal/SbtCoursierCache$
instanceKlass lmcoursier/internal/shaded/coursier/cache/loggers/RefreshDisplay
instanceKlass lmcoursier/internal/ResolutionRun$
instanceKlass lmcoursier/CoursierDependencyResolution$$Lambda$3145
instanceKlass lmcoursier/CoursierDependencyResolution$$Lambda$3144
instanceKlass lmcoursier/Inputs$$$Lambda$3143
instanceKlass lmcoursier/Inputs$$$Lambda$3142
instanceKlass lmcoursier/Inputs$$$Lambda$3141
instanceKlass lmcoursier/CoursierDependencyResolution$$Lambda$3140
instanceKlass lmcoursier/CoursierDependencyResolution$$Lambda$3139
instanceKlass lmcoursier/CoursierDependencyResolution$$Lambda$3138
instanceKlass lmcoursier/internal/SbtBootJars$
instanceKlass lmcoursier/CoursierDependencyResolution$$Lambda$3137
instanceKlass lmcoursier/internal/shaded/coursier/params/rule/Rule
instanceKlass lmcoursier/definitions/Strict
instanceKlass lmcoursier/internal/shaded/coursier/util/ModuleMatchers
instanceKlass lmcoursier/definitions/ToCoursier$$$Lambda$3136
instanceKlass lmcoursier/definitions/ToCoursier$$$Lambda$3135
instanceKlass lmcoursier/internal/shaded/coursier/util/ModuleMatcher
instanceKlass lmcoursier/internal/shaded/coursier/util/ModuleMatchers$
instanceKlass lmcoursier/definitions/ToCoursier$$$Lambda$3134
instanceKlass lmcoursier/internal/shaded/concurrentrefhashmap/ConcurrentReferenceHashMap$KeyReference
instanceKlass lmcoursier/internal/shaded/coursier/core/Validation$$$Lambda$3133
instanceKlass lmcoursier/internal/shaded/coursier/core/Validation$$$Lambda$3132
instanceKlass lmcoursier/internal/shaded/coursier/core/Validation$$$Lambda$3131
instanceKlass lmcoursier/internal/shaded/coursier/core/Validation$$$Lambda$3130
instanceKlass lmcoursier/internal/shaded/coursier/core/Validation$$$Lambda$3129
instanceKlass lmcoursier/internal/shaded/coursier/core/Validation$
instanceKlass lmcoursier/internal/shaded/coursier/core/Module
instanceKlass lmcoursier/internal/shaded/concurrentrefhashmap/ConcurrentReferenceHashMap$HashEntry
instanceKlass lmcoursier/internal/shaded/concurrentrefhashmap/IConcurrentMap
instanceKlass lmcoursier/internal/shaded/coursier/util/Cache$
instanceKlass lmcoursier/internal/shaded/coursier/core/Module$
instanceKlass lmcoursier/CoursierDependencyResolution$$Lambda$3128
instanceKlass lmcoursier/internal/shaded/coursier/params/rule/RuleResolution
instanceKlass lmcoursier/internal/shaded/coursier/params/ResolutionParams
instanceKlass lmcoursier/internal/shaded/coursier/params/ResolutionParams$
instanceKlass lmcoursier/internal/ResolutionParams
instanceKlass lmcoursier/CoursierDependencyResolution$$Lambda$3127
instanceKlass lmcoursier/CoursierDependencyResolution$$Lambda$3126
instanceKlass lmcoursier/CoursierDependencyResolution$$Lambda$3125
instanceKlass lmcoursier/internal/shaded/coursier/cache/FileCache$$Lambda$3124
instanceKlass java/time/Clock
instanceKlass lmcoursier/internal/shaded/coursier/cache/CacheDefaults$$$Lambda$3123
instanceKlass lmcoursier/internal/shaded/coursier/cache/CacheDefaults$$$Lambda$3122
instanceKlass lmcoursier/internal/shaded/coursier/cache/CacheDefaults$$$Lambda$3121
instanceKlass lmcoursier/internal/shaded/coursier/cache/CacheDefaults$$$Lambda$3120
instanceKlass lmcoursier/internal/shaded/coursier/cache/CacheDefaults$$$Lambda$3119
instanceKlass lmcoursier/internal/shaded/coursier/cache/CacheDefaults$$$Lambda$3118
instanceKlass scala/runtime/java8/JFunction1$mcZI$sp
instanceKlass lmcoursier/internal/shaded/coursier/cache/CacheDefaults$$$Lambda$3117
instanceKlass lmcoursier/internal/shaded/coursier/cache/internal/ThreadUtil$$anon$1
instanceKlass lmcoursier/internal/shaded/coursier/cache/internal/ThreadUtil$
instanceKlass lmcoursier/internal/shaded/coursier/cache/CacheDefaults$$$Lambda$3116
instanceKlass lmcoursier/internal/shaded/coursier/cache/CacheDefaults$$$Lambda$3115
instanceKlass lmcoursier/internal/shaded/coursier/util/PlatformSyncCompanion
instanceKlass lmcoursier/internal/shaded/coursier/cache/CacheLogger$$anon$1
instanceKlass lmcoursier/internal/shaded/coursier/cache/CacheLogger$
instanceKlass lmcoursier/internal/shaded/coursier/cache/CacheDefaults$$$Lambda$3114
instanceKlass lmcoursier/internal/shaded/coursier/cache/CacheDefaults$$$Lambda$3113
instanceKlass lmcoursier/internal/shaded/coursier/cache/CacheDefaults$$$Lambda$3112
instanceKlass lmcoursier/internal/shaded/coursier/cache/internal/TmpConfig$$anon$1$$anon$2
instanceKlass lmcoursier/internal/shaded/scala/cli/config/Key
instanceKlass lmcoursier/internal/shaded/coursier/cache/internal/TmpConfig$
instanceKlass lmcoursier/internal/shaded/coursier/cache/CacheDefaults$$$Lambda$3111
instanceKlass lmcoursier/internal/shaded/coursier/cache/CacheDefaults$$$Lambda$3110
instanceKlass lmcoursier/internal/shaded/scala/cli/config/ConfigDb
instanceKlass lmcoursier/internal/shaded/scala/cli/config/ConfigDb$$anon$1
instanceKlass lmcoursier/internal/shaded/com/github/plokhotnyuk/jsoniter_scala/core/JsonValueCodec
instanceKlass lmcoursier/internal/shaded/scala/cli/config/ConfigDb$
instanceKlass lmcoursier/internal/shaded/coursier/credentials/FileCredentials$
instanceKlass lmcoursier/internal/shaded/coursier/cache/CacheDefaults$$$Lambda$3109
instanceKlass lmcoursier/internal/shaded/coursier/cache/CacheDefaults$$$Lambda$3108
instanceKlass lmcoursier/internal/shaded/coursier/cache/CacheDefaults$$$Lambda$3107
instanceKlass lmcoursier/internal/shaded/coursier/cache/CacheDefaults$$$Lambda$3106
instanceKlass lmcoursier/internal/shaded/coursier/cache/CacheDefaults$$$Lambda$3105
instanceKlass lmcoursier/internal/shaded/coursier/cache/CacheDefaults$$$Lambda$3104
instanceKlass lmcoursier/internal/shaded/coursier/cache/CacheDefaults$$$Lambda$3103
instanceKlass lmcoursier/internal/shaded/coursier/cache/CacheDefaults$$$Lambda$3102
instanceKlass lmcoursier/internal/shaded/coursier/cache/CacheDefaults$$$Lambda$3101
instanceKlass lmcoursier/internal/shaded/coursier/cache/PlatformCache
instanceKlass lmcoursier/internal/shaded/coursier/jniutils/WindowsKnownFolders
instanceKlass java/util/Base64$Encoder
instanceKlass java/util/Base64$Decoder
instanceKlass java/util/Base64
instanceKlass sun/nio/cs/Surrogate
instanceKlass sun/nio/cs/Surrogate$Parser
instanceKlass lmcoursier/internal/shaded/coursier/cache/shaded/dirs/Util
instanceKlass lmcoursier/internal/shaded/coursier/cache/shaded/dirs/ProjectDirectories
instanceKlass lmcoursier/internal/shaded/coursier/paths/CoursierPaths$$Lambda$3100
instanceKlass lmcoursier/internal/shaded/coursier/cache/shaded/dirs/GetWinDirs
instanceKlass lmcoursier/internal/shaded/coursier/jniutils/CString
instanceKlass java/nio/DirectByteBuffer$Deallocator
instanceKlass sun/nio/ch/Util$BufferCache
instanceKlass sun/nio/ch/Util$2
instanceKlass sun/nio/ch/Util
instanceKlass sun/nio/ch/IOStatus
instanceKlass java/nio/channels/spi/AbstractInterruptibleChannel$1
instanceKlass java/nio/channels/Channels
instanceKlass lmcoursier/internal/shaded/coursier/jniutils/DllName
instanceKlass lmcoursier/internal/shaded/coursier/jniutils/LoadWindowsLibrary
instanceKlass lmcoursier/internal/shaded/coursier/jniutils/NativeApi
instanceKlass lmcoursier/internal/shaded/coursier/jniutils/WindowsEnvironmentVariables
instanceKlass lmcoursier/internal/shaded/coursier/paths/Util$$Lambda$3099
instanceKlass lmcoursier/internal/shaded/coursier/paths/Util
instanceKlass lmcoursier/internal/shaded/coursier/paths/CoursierPaths
instanceKlass lmcoursier/internal/shaded/coursier/paths/CachePath
instanceKlass lmcoursier/internal/shaded/coursier/util/PlatformTaskCompanion$$anon$2
instanceKlass lmcoursier/internal/shaded/coursier/util/TaskSync
instanceKlass lmcoursier/internal/shaded/coursier/util/Sync
instanceKlass lmcoursier/internal/shaded/coursier/util/PlatformSync
instanceKlass lmcoursier/internal/shaded/coursier/util/Gather
instanceKlass lmcoursier/internal/shaded/coursier/util/PlatformTaskCompanion
instanceKlass lmcoursier/internal/shaded/coursier/cache/internal/FileUtil$WithContent
instanceKlass lmcoursier/internal/shaded/coursier/cache/FileCache$
instanceKlass lmcoursier/internal/shaded/coursier/internal/Typelevel$$$Lambda$3098
instanceKlass lmcoursier/internal/shaded/coursier/core/Dependency
instanceKlass lmcoursier/internal/shaded/coursier/core/ModuleName
instanceKlass lmcoursier/internal/shaded/coursier/internal/Typelevel$
instanceKlass lmcoursier/CoursierDependencyResolution$$Lambda$3097
instanceKlass lmcoursier/CoursierDependencyResolution$$Lambda$3096
instanceKlass lmcoursier/Inputs$$$Lambda$3095
instanceKlass lmcoursier/Inputs$$$Lambda$3094
instanceKlass lmcoursier/Inputs$$$Lambda$3093
instanceKlass lmcoursier/CoursierDependencyResolution$$Lambda$3092
instanceKlass lmcoursier/CoursierDependencyResolution$$Lambda$3091
instanceKlass lmcoursier/internal/InterProjectRepository$$Lambda$3090
instanceKlass lmcoursier/internal/InterProjectRepository
instanceKlass lmcoursier/internal/shaded/coursier/ivy/IvyRepository$$$Lambda$3089
instanceKlass lmcoursier/internal/shaded/coursier/ivy/Pattern$$Lambda$3088
instanceKlass java/lang/invoke/LambdaForm$MH
instanceKlass java/lang/invoke/LambdaForm$DMH
instanceKlass java/lang/invoke/LambdaForm$DMH
instanceKlass lmcoursier/internal/shaded/coursier/ivy/IvyRepository$$$Lambda$3087
instanceKlass java/lang/invoke/LambdaForm$DMH
instanceKlass lmcoursier/internal/shaded/coursier/ivy/IvyRepository
instanceKlass lmcoursier/internal/shaded/coursier/ivy/IvyRepository$$$Lambda$3086
instanceKlass lmcoursier/internal/shaded/coursier/ivy/IvyRepository$$$Lambda$3085
instanceKlass lmcoursier/internal/shaded/coursier/ivy/IvyRepository$$$Lambda$3084
instanceKlass lmcoursier/internal/shaded/coursier/ivy/IvyRepository$$$Lambda$3083
instanceKlass lmcoursier/internal/shaded/coursier/util/ValidationNel$$$Lambda$3082
instanceKlass lmcoursier/internal/shaded/coursier/ivy/PropertiesPattern$$Lambda$3081
instanceKlass lmcoursier/internal/shaded/coursier/ivy/PropertiesPattern$$Lambda$3080
instanceKlass lmcoursier/internal/shaded/coursier/ivy/Pattern$Chunk$Opt$
instanceKlass lmcoursier/internal/shaded/coursier/ivy/Pattern$Chunk$
instanceKlass lmcoursier/internal/shaded/coursier/ivy/Pattern$
instanceKlass lmcoursier/internal/shaded/coursier/ivy/PropertiesPattern$$Lambda$3079
instanceKlass lmcoursier/internal/shaded/coursier/ivy/Pattern
instanceKlass lmcoursier/internal/shaded/coursier/util/Traverse$TraverseOps$$Lambda$3078
instanceKlass lmcoursier/internal/shaded/coursier/util/Traverse$TraverseOps$$Lambda$3077
instanceKlass lmcoursier/internal/shaded/coursier/ivy/Pattern$Chunk$Var$
instanceKlass lmcoursier/internal/shaded/coursier/ivy/Pattern$Chunk
instanceKlass lmcoursier/internal/shaded/coursier/ivy/Pattern$Chunk$Const$
instanceKlass lmcoursier/internal/shaded/coursier/util/ValidationNel$SuccessBuilder
instanceKlass lmcoursier/internal/shaded/coursier/util/ValidationNel$
instanceKlass lmcoursier/internal/shaded/coursier/util/Traverse$TraverseOps$$Lambda$3076
instanceKlass lmcoursier/internal/shaded/coursier/ivy/PropertiesPattern$$Lambda$3075
instanceKlass lmcoursier/internal/shaded/coursier/util/ValidationNel
instanceKlass lmcoursier/internal/shaded/coursier/util/Traverse$TraverseOps
instanceKlass lmcoursier/internal/shaded/coursier/util/Traverse$
instanceKlass lmcoursier/internal/shaded/coursier/ivy/IvyRepository$$$Lambda$3074
instanceKlass lmcoursier/internal/shaded/coursier/ivy/IvyRepository$$$Lambda$3073
instanceKlass lmcoursier/internal/shaded/coursier/ivy/IvyRepository$$$Lambda$3072
instanceKlass lmcoursier/internal/shaded/coursier/ivy/IvyRepository$$$Lambda$3071
instanceKlass java/lang/invoke/LambdaForm$MH
instanceKlass java/lang/invoke/LambdaForm$DMH
instanceKlass java/lang/invoke/LambdaForm$DMH
instanceKlass lmcoursier/internal/shaded/coursier/ivy/IvyRepository$$$Lambda$3070
instanceKlass java/lang/invoke/LambdaForm$DMH
instanceKlass lmcoursier/internal/shaded/coursier/ivy/PropertiesPattern
instanceKlass lmcoursier/internal/shaded/coursier/ivy/PropertiesPattern$ChunkOrProperty$Opt$
instanceKlass lmcoursier/internal/shaded/coursier/ivy/PropertiesPattern$$$Lambda$3069
instanceKlass lmcoursier/internal/shaded/coursier/ivy/PropertiesPattern$$$Lambda$3068
instanceKlass lmcoursier/internal/shaded/coursier/ivy/PropertiesPattern$ChunkOrProperty$Var$
instanceKlass lmcoursier/internal/shaded/coursier/ivy/PropertiesPattern$$$Lambda$3067
instanceKlass lmcoursier/internal/shaded/coursier/core/shaded/fastparse/internal/Util$
instanceKlass lmcoursier/internal/shaded/coursier/core/shaded/fastparse/Implicits$Sequencer$SingleSequencer0$
instanceKlass lmcoursier/internal/shaded/coursier/core/shaded/fastparse/LowestPriSequencer$$Lambda$3066
instanceKlass lmcoursier/internal/shaded/coursier/core/shaded/fastparse/Implicits$LowPriSequencer$UnitSequencer0$
instanceKlass lmcoursier/internal/shaded/coursier/core/shaded/fastparse/SequencerGen$$Lambda$3065
instanceKlass scala/Tuple22
instanceKlass scala/Product22
instanceKlass lmcoursier/internal/shaded/coursier/core/shaded/fastparse/SequencerGen$$Lambda$3064
instanceKlass scala/Tuple21
instanceKlass scala/Product21
instanceKlass lmcoursier/internal/shaded/coursier/core/shaded/fastparse/SequencerGen$$Lambda$3063
instanceKlass scala/Tuple20
instanceKlass scala/Product20
instanceKlass lmcoursier/internal/shaded/coursier/core/shaded/fastparse/SequencerGen$$Lambda$3062
instanceKlass scala/Tuple19
instanceKlass scala/Product19
instanceKlass lmcoursier/internal/shaded/coursier/core/shaded/fastparse/SequencerGen$$Lambda$3061
instanceKlass scala/Tuple18
instanceKlass scala/Product18
instanceKlass lmcoursier/internal/shaded/coursier/core/shaded/fastparse/SequencerGen$$Lambda$3060
instanceKlass scala/Tuple17
instanceKlass scala/Product17
instanceKlass lmcoursier/internal/shaded/coursier/core/shaded/fastparse/SequencerGen$$Lambda$3059
instanceKlass scala/Tuple16
instanceKlass scala/Product16
instanceKlass lmcoursier/internal/shaded/coursier/core/shaded/fastparse/SequencerGen$$Lambda$3058
instanceKlass scala/Tuple15
instanceKlass scala/Product15
instanceKlass lmcoursier/internal/shaded/coursier/core/shaded/fastparse/SequencerGen$$Lambda$3057
instanceKlass scala/Tuple14
instanceKlass scala/Product14
instanceKlass lmcoursier/internal/shaded/coursier/core/shaded/fastparse/SequencerGen$$Lambda$3056
instanceKlass scala/Tuple13
instanceKlass scala/Product13
instanceKlass lmcoursier/internal/shaded/coursier/core/shaded/fastparse/SequencerGen$$Lambda$3055
instanceKlass scala/Tuple12
instanceKlass scala/Product12
instanceKlass lmcoursier/internal/shaded/coursier/core/shaded/fastparse/SequencerGen$$Lambda$3054
instanceKlass lmcoursier/internal/shaded/coursier/core/shaded/fastparse/SequencerGen$$Lambda$3053
instanceKlass lmcoursier/internal/shaded/coursier/core/shaded/fastparse/SequencerGen$$Lambda$3052
instanceKlass lmcoursier/internal/shaded/coursier/core/shaded/fastparse/SequencerGen$$Lambda$3051
instanceKlass lmcoursier/internal/shaded/coursier/core/shaded/fastparse/SequencerGen$$Lambda$3050
instanceKlass lmcoursier/internal/shaded/coursier/core/shaded/fastparse/SequencerGen$$Lambda$3049
instanceKlass lmcoursier/internal/shaded/coursier/core/shaded/fastparse/SequencerGen$$Lambda$3048
instanceKlass lmcoursier/internal/shaded/coursier/core/shaded/fastparse/SequencerGen$$Lambda$3047
instanceKlass lmcoursier/internal/shaded/coursier/core/shaded/fastparse/Implicits$Sequencer$NarySequencer
instanceKlass lmcoursier/internal/shaded/coursier/core/shaded/fastparse/SequencerGen$$Lambda$3046
instanceKlass lmcoursier/internal/shaded/coursier/core/shaded/fastparse/Implicits$Sequencer
instanceKlass lmcoursier/internal/shaded/coursier/core/shaded/fastparse/Implicits$Sequencer$
instanceKlass lmcoursier/internal/shaded/coursier/core/shaded/fastparse/Implicits$LowPriSequencer
instanceKlass lmcoursier/internal/shaded/coursier/core/shaded/fastparse/Implicits$LowerPriSequencer
instanceKlass lmcoursier/internal/shaded/coursier/core/shaded/fastparse/SequencerGen
instanceKlass lmcoursier/internal/shaded/coursier/core/shaded/fastparse/LowestPriSequencer
instanceKlass lmcoursier/internal/shaded/coursier/core/shaded/fastparse/NoWhitespace$noWhitespaceImplicit$
instanceKlass lmcoursier/internal/shaded/coursier/ivy/PropertiesPattern$ChunkOrProperty$Const$
instanceKlass lmcoursier/internal/shaded/coursier/ivy/PropertiesPattern$$$Lambda$3045
instanceKlass lmcoursier/internal/shaded/coursier/ivy/PropertiesPattern$ChunkOrProperty
instanceKlass lmcoursier/internal/shaded/coursier/ivy/PropertiesPattern$$$Lambda$3044
instanceKlass lmcoursier/internal/shaded/coursier/ivy/PropertiesPattern$$$Lambda$3043
instanceKlass lmcoursier/internal/shaded/coursier/core/shaded/fastparse/Implicits$LowPriRepeater$GenericRepeatedImplicit0$
instanceKlass lmcoursier/internal/shaded/coursier/core/shaded/fastparse/Implicits$Repeater
instanceKlass lmcoursier/internal/shaded/coursier/core/shaded/fastparse/Implicits$Repeater$
instanceKlass lmcoursier/internal/shaded/coursier/core/shaded/fastparse/Implicits$LowPriRepeater
instanceKlass lmcoursier/internal/shaded/coursier/core/shaded/fastparse/internal/Msgs
instanceKlass lmcoursier/internal/shaded/coursier/core/shaded/fastparse/internal/Msgs$
instanceKlass lmcoursier/internal/shaded/coursier/core/shaded/fastparse/ParserInput$
instanceKlass java/lang/invoke/LambdaForm$MH
instanceKlass java/lang/invoke/LambdaForm$DMH
instanceKlass java/lang/invoke/LambdaForm$DMH
instanceKlass lmcoursier/internal/shaded/coursier/core/shaded/fastparse/SharedPackageDefs$$Lambda$3042
instanceKlass java/lang/invoke/LambdaForm$DMH
instanceKlass lmcoursier/internal/shaded/coursier/core/shaded/fastparse/internal/Instrument
instanceKlass lmcoursier/internal/shaded/coursier/core/shaded/fastparse/Parsed
instanceKlass lmcoursier/internal/shaded/coursier/core/shaded/fastparse/Parsed$
instanceKlass lmcoursier/internal/shaded/coursier/ivy/PropertiesPattern$$$Lambda$3041
instanceKlass lmcoursier/internal/shaded/coursier/core/shaded/fastparse/ParsingRun
instanceKlass lmcoursier/internal/shaded/coursier/core/shaded/fastparse/ParserInputSource$fromParserInput
instanceKlass lmcoursier/internal/shaded/coursier/ivy/PropertiesPattern$$$Lambda$3040
instanceKlass lmcoursier/internal/shaded/coursier/core/shaded/fastparse/ParserInput
instanceKlass lmcoursier/internal/shaded/coursier/core/shaded/fastparse/IsReachable
instanceKlass lmcoursier/internal/shaded/coursier/core/shaded/fastparse/ParserInputSource$
instanceKlass lmcoursier/internal/shaded/coursier/core/shaded/fastparse/ParserInputSourceLowPri
instanceKlass lmcoursier/internal/shaded/coursier/core/shaded/fastparse/ParsingRun$
instanceKlass lmcoursier/internal/shaded/coursier/core/shaded/fastparse/package$
instanceKlass lmcoursier/internal/shaded/coursier/core/shaded/fastparse/SharedPackageDefs
instanceKlass lmcoursier/internal/shaded/coursier/core/shaded/fastparse/Whitespace
instanceKlass lmcoursier/internal/shaded/coursier/core/shaded/fastparse/ParserInputSource
instanceKlass lmcoursier/internal/shaded/coursier/ivy/PropertiesPattern$
instanceKlass lmcoursier/internal/shaded/coursier/ivy/IvyRepository$
instanceKlass lmcoursier/internal/Resolvers$$$Lambda$3039
instanceKlass lmcoursier/internal/shaded/coursier/maven/MavenRepositoryInternal
instanceKlass lmcoursier/internal/shaded/coursier/maven/SbtMavenRepository
instanceKlass lmcoursier/internal/shaded/coursier/maven/MavenRepositoryLike
instanceKlass lmcoursier/internal/shaded/coursier/core/Repository
instanceKlass lmcoursier/internal/shaded/coursier/core/ArtifactSource
instanceKlass lmcoursier/internal/shaded/coursier/maven/SbtMavenRepository$
instanceKlass lmcoursier/internal/shaded/coursier/cache/CacheUrl$$$Lambda$3038
instanceKlass lmcoursier/internal/shaded/coursier/cache/CacheUrl$$$Lambda$3037
instanceKlass lmcoursier/internal/shaded/coursier/cache/CacheUrl$$$Lambda$3036
instanceKlass lmcoursier/internal/shaded/coursier/cache/CacheUrl$$$Lambda$3035
instanceKlass scala/collection/Iterator$ConcatIteratorCell
instanceKlass scala/collection/Iterator$ConcatIterator
instanceKlass lmcoursier/internal/shaded/coursier/cache/CacheUrl$$$Lambda$3034
instanceKlass lmcoursier/internal/shaded/coursier/cache/CacheUrl$$$Lambda$3033
instanceKlass java/net/Authenticator
instanceKlass lmcoursier/internal/shaded/coursier/cache/CacheUrl$
instanceKlass lmcoursier/CoursierDependencyResolution$$Lambda$3032
instanceKlass lmcoursier/internal/shaded/coursier/core/Authentication
instanceKlass lmcoursier/definitions/Authentication
instanceKlass lmcoursier/internal/Resolvers$
instanceKlass lmcoursier/CoursierDependencyResolution$$Lambda$3031
instanceKlass scala/sys/SystemProperties$$Lambda$3030
instanceKlass scala/sys/SystemProperties$$Lambda$3029
instanceKlass scala/sys/SystemProperties$$Lambda$3028
instanceKlass scala/sys/SystemProperties$$Lambda$3027
instanceKlass lmcoursier/internal/ResolutionParams$$$Lambda$3026
instanceKlass lmcoursier/internal/ResolutionParams$$$Lambda$3025
instanceKlass lmcoursier/internal/ResolutionParams$$$Lambda$3024
instanceKlass lmcoursier/internal/ResolutionParams$$$Lambda$3023
instanceKlass lmcoursier/internal/ResolutionParams$
instanceKlass lmcoursier/CoursierDependencyResolution$$Lambda$3022
instanceKlass lmcoursier/CoursierDependencyResolution$$Lambda$3021
instanceKlass lmcoursier/definitions/ToCoursier$$anon$1
instanceKlass lmcoursier/internal/shaded/coursier/core/Reconciliation
instanceKlass lmcoursier/internal/shaded/coursier/credentials/Credentials
instanceKlass lmcoursier/definitions/ToCoursier$
instanceKlass lmcoursier/CoursierDependencyResolution$$Lambda$3020
instanceKlass lmcoursier/internal/shaded/coursier/cache/CacheLogger
instanceKlass lmcoursier/CoursierDependencyResolution$$Lambda$3019
instanceKlass lmcoursier/internal/shaded/coursier/core/Project
instanceKlass lmcoursier/CoursierDependencyResolution$$Lambda$3018
instanceKlass lmcoursier/CoursierDependencyResolution$$Lambda$3017
instanceKlass lmcoursier/CoursierDependencyResolution$$Lambda$3016
instanceKlass lmcoursier/CoursierDependencyResolution$$Lambda$3015
instanceKlass lmcoursier/CoursierDependencyResolution$$Lambda$3014
instanceKlass lmcoursier/CoursierDependencyResolution$$Lambda$3013
instanceKlass lmcoursier/CoursierDependencyResolution$$Lambda$3012
instanceKlass lmcoursier/internal/shaded/coursier/util/Monad
instanceKlass lmcoursier/internal/shaded/coursier/core/ResolutionProcess
instanceKlass lmcoursier/internal/shaded/coursier/core/ResolutionProcess$
instanceKlass lmcoursier/internal/shaded/coursier/core/Type$$$Lambda$3011
instanceKlass lmcoursier/internal/shaded/coursier/core/Type$
instanceKlass lmcoursier/internal/shaded/coursier/core/Classifier$$$Lambda$3010
instanceKlass lmcoursier/internal/shaded/coursier/core/Classifier$
instanceKlass lmcoursier/internal/shaded/coursier/util/SaxHandler
instanceKlass lmcoursier/internal/shaded/coursier/maven/MavenRepository$
instanceKlass lmcoursier/internal/shaded/coursier/core/Repository$
instanceKlass lmcoursier/internal/shaded/coursier/core/Profile$
instanceKlass lmcoursier/internal/shaded/coursier/core/Info
instanceKlass lmcoursier/internal/shaded/coursier/core/Info$
instanceKlass lmcoursier/internal/shaded/coursier/core/Project$
instanceKlass lmcoursier/internal/shaded/coursier/core/ModuleName$$$Lambda$3009
instanceKlass lmcoursier/internal/shaded/coursier/core/ModuleName$
instanceKlass lmcoursier/internal/shaded/coursier/core/Organization$$$Lambda$3008
instanceKlass lmcoursier/internal/shaded/coursier/core/Organization$
instanceKlass lmcoursier/internal/shaded/coursier/package$
instanceKlass lmcoursier/internal/shaded/coursier/core/Organization
instanceKlass lmcoursier/CoursierDependencyResolution$$Lambda$3007
instanceKlass lmcoursier/internal/CoursierModuleDescriptor
instanceKlass lmcoursier/CoursierDependencyResolution$$Lambda$3006
instanceKlass lmcoursier/CoursierDependencyResolution$$Lambda$3005
instanceKlass lmcoursier/CoursierDependencyResolution$$Lambda$3004
instanceKlass sbt/internal/LibraryManagement$$$Lambda$3003
instanceKlass sbt/internal/LibraryManagement$$$Lambda$3002
instanceKlass sbt/librarymanagement/UpdateReport$
instanceKlass sjsonnew/IsoFormats$$Lambda$3001
instanceKlass sjsonnew/IsoFormats$$Lambda$3000
instanceKlass sbt/librarymanagement/UpdateStats
instanceKlass sbt/librarymanagement/UpdateStats$
instanceKlass sbt/librarymanagement/UpdateStatsFormats$$anon$1
instanceKlass sbt/librarymanagement/ConfigRef$$$Lambda$2999
instanceKlass sbt/librarymanagement/ConfigurationReportExtra
instanceKlass sbt/librarymanagement/ConfigurationReport$
instanceKlass sbt/librarymanagement/OrganizationArtifactReportFormats$$anon$1
instanceKlass sbt/librarymanagement/ModuleReportExtra
instanceKlass sbt/librarymanagement/ModuleReport$
instanceKlass sbt/librarymanagement/CallerFormats$$anon$1
instanceKlass sbt/librarymanagement/ModuleReportFormats$$anon$1
instanceKlass sbt/librarymanagement/ConfigurationReportFormats$$anon$1
instanceKlass sjsonnew/JavaExtraFormats$$Lambda$2998
instanceKlass sbt/internal/LibraryManagement$$$Lambda$2997
instanceKlass java/lang/invoke/LambdaForm$MH
instanceKlass java/lang/invoke/LambdaForm$DMH
instanceKlass java/lang/invoke/LambdaForm$DMH
instanceKlass sbt/internal/LibraryManagement$$$Lambda$2996
instanceKlass java/lang/invoke/LambdaForm$DMH
instanceKlass sbt/librarymanagement/UpdateReportFormats$$anon$1
instanceKlass java/lang/invoke/LambdaForm$MH
instanceKlass java/lang/invoke/LambdaForm$DMH
instanceKlass java/lang/invoke/LambdaForm$DMH
instanceKlass sbt/internal/LibraryManagement$$$Lambda$2995
instanceKlass java/lang/invoke/LambdaForm$DMH
instanceKlass sbt/librarymanagement/ArtifactTypeFilterFormats$$anon$1
instanceKlass sbt/internal/librarymanagement/formats/LogicalClockFormats$$Lambda$2994
instanceKlass sbt/internal/librarymanagement/formats/LogicalClockFormats$$Lambda$2993
instanceKlass scala/xml/Utility$
instanceKlass scala/xml/parsing/TokenTests
instanceKlass scala/xml/MetaData$
instanceKlass scala/xml/NodeBuffer$$Lambda$2992
instanceKlass scala/xml/Text$
instanceKlass scala/xml/ScalaVersionSpecificNodeBuffer
instanceKlass sbt/librarymanagement/ChecksumFormats$$anon$1
instanceKlass sjsonnew/HashUtil$
instanceKlass sjsonnew/TupleFormats$$anon$3
instanceKlass sjsonnew/FlatUnionFormats$$anon$3
instanceKlass sbt/librarymanagement/ModuleDescriptorConfigurationFormats$$anon$1
instanceKlass sbt/librarymanagement/PomConfigurationFormats$$anon$1
instanceKlass sbt/librarymanagement/IvyFileConfigurationFormats$$anon$1
instanceKlass java/lang/invoke/LambdaForm$MH
instanceKlass java/lang/invoke/LambdaForm$DMH
instanceKlass java/lang/invoke/LambdaForm$DMH
instanceKlass sbt/internal/LibraryManagement$$$Lambda$2991
instanceKlass java/lang/invoke/LambdaForm$DMH
instanceKlass sun/nio/fs/WindowsUriSupport
instanceKlass sjsonnew/UnionFormats$$anon$2
instanceKlass sjsonnew/PrimitiveFormats$ByteJsonFormat$
instanceKlass sbt/util/FileInfo$exists$$anon$5
instanceKlass sbt/util/PlainFileInfo
instanceKlass sbt/util/FileInfo
instanceKlass sbt/util/FileInfo$exists$
instanceKlass sbt/util/FileInfo$Style
instanceKlass sbt/util/PlainFileInfo$
instanceKlass sbt/internal/librarymanagement/IvySbt$Module$AltLibraryManagementCodec$$$Lambda$2990
instanceKlass sbt/internal/librarymanagement/IvySbt$Module$AltLibraryManagementCodec$$$Lambda$2989
instanceKlass sjsonnew/TupleFormats$$anon$6
instanceKlass sbt/librarymanagement/ivy/IvyPathsFormats$$anon$1
instanceKlass sbt/internal/librarymanagement/IvySbt$Module$AltLibraryManagementCodec$$$Lambda$2988
instanceKlass sbt/internal/librarymanagement/IvySbt$Module$AltLibraryManagementCodec$$$Lambda$2987
instanceKlass sbt/librarymanagement/ivy/formats/UpdateOptionsFormat$$anon$1
instanceKlass sbt/internal/librarymanagement/IvySbt$Module$AltLibraryManagementCodec$
instanceKlass sbt/librarymanagement/ivy/IvyLibraryManagementCodec
instanceKlass sbt/librarymanagement/ivy/IvyConfigurationFormats
instanceKlass sbt/librarymanagement/ivy/ExternalIvyConfigurationFormats
instanceKlass sbt/librarymanagement/ivy/InlineIvyConfigurationFormats
instanceKlass sbt/librarymanagement/ivy/IvyPathsFormats
instanceKlass sbt/librarymanagement/ivy/formats/UpdateOptionsFormat
instanceKlass sbt/internal/librarymanagement/formats/LoggerFormat
instanceKlass sbt/internal/librarymanagement/formats/GlobalLockFormat
instanceKlass sbt/Classpaths$$$Lambda$2986
instanceKlass sbt/Classpaths$$$Lambda$2985
instanceKlass sbt/Classpaths$$$Lambda$2984
instanceKlass sbt/Classpaths$$$Lambda$2983
instanceKlass sbt/Classpaths$$$Lambda$2982
instanceKlass sbt/librarymanagement/UnresolvedWarningConfiguration$
instanceKlass sbt/util/FileOutput$$Lambda$2981
instanceKlass sbt/io/Using$$$Lambda$2980
instanceKlass sjsonnew/shaded/scalajson/ast/unsafe/JNumber$
instanceKlass sjsonnew/support/scalajson/unsafe/CompactPrinter$$Lambda$2979
instanceKlass sjsonnew/support/scalajson/unsafe/CompactPrinter$$Lambda$2978
instanceKlass sjsonnew/support/scalajson/unsafe/JsonPrinter$
instanceKlass sjsonnew/support/scalajson/unsafe/JsonPrinter$$Lambda$2977
instanceKlass sjsonnew/support/scalajson/unsafe/CompactPrinter$$Lambda$2976
instanceKlass sjsonnew/support/scalajson/unsafe/CompactPrinter$$Lambda$2975
instanceKlass sjsonnew/support/scalajson/unsafe/Converter$FacadeImpl$$anon$2
instanceKlass sjsonnew/support/scalajson/unsafe/CompactPrinter$
instanceKlass sjsonnew/support/scalajson/unsafe/CompactPrinter
instanceKlass sjsonnew/support/scalajson/unsafe/JsonPrinter
instanceKlass sjsonnew/support/scalajson/unsafe/Converter$FacadeImpl$$anon$3
instanceKlass sjsonnew/SupportConverter$$Lambda$2974
instanceKlass sbt/util/FileOutput
instanceKlass sbt/Classpaths$$$Lambda$2973
instanceKlass sbt/Classpaths$$$Lambda$2972
instanceKlass sbt/Classpaths$$$Lambda$2971
instanceKlass sbt/State$StateOpsImpl$$$Lambda$2970
instanceKlass sjsonnew/LListFormats$$anon$3$$Lambda$2968
instanceKlass sbt/Defaults$$$Lambda$2969
instanceKlass sjsonnew/LListFormats$$anon$3$$Lambda$2967
instanceKlass sjsonnew/Unbuilder$$Lambda$2966
instanceKlass sjsonnew/UnbuilderPrecontext
instanceKlass sbt/Def$$$Lambda$2964
instanceKlass sbt/Def$$$Lambda$2962
instanceKlass sjsonnew/CollectionFormats$$anon$2$$Lambda$2961
instanceKlass sjsonnew/UnbuilderContext$ArrayContext
instanceKlass sjsonnew/Unbuilder$$Lambda$2960
instanceKlass sjsonnew/UnbuilderState$InArray$
instanceKlass lmcoursier/CoursierDependencyResolution
instanceKlass sjsonnew/Unbuilder$$Lambda$2959
instanceKlass sjsonnew/package$
instanceKlass lmcoursier/CoursierDependencyResolution$
instanceKlass sbt/coursierint/LMCoursier$$$Lambda$2957
instanceKlass lmcoursier/syntax/package$CoursierConfigurationOp
instanceKlass sjsonnew/CollectionFormats$$anon$1$$Lambda$2956
instanceKlass sjsonnew/UnbuilderState$InObject$
instanceKlass sjsonnew/UnbuilderContext$ObjectContext
instanceKlass sjsonnew/UnbuilderContext
instanceKlass sjsonnew/support/scalajson/unsafe/Converter$FacadeImpl$$$Lambda$2955
instanceKlass sjsonnew/support/scalajson/unsafe/Converter$FacadeImpl$$$Lambda$2954
instanceKlass lmcoursier/definitions/FromCoursier$
instanceKlass lmcoursier/CoursierConfiguration$$$Lambda$2952
instanceKlass lmcoursier/definitions/CachePolicy
instanceKlass sjsonnew/support/scalajson/unsafe/Parser$$anon$1$$anon$4$$Lambda$2951
instanceKlass sjsonnew/shaded/scalajson/ast/unsafe/JField
instanceKlass lmcoursier/internal/shaded/coursier/cache/CacheDefaults$$$Lambda$2949
instanceKlass sjsonnew/support/scalajson/unsafe/Parser$$anon$1$$anon$4$$Lambda$2947
instanceKlass lmcoursier/internal/shaded/coursier/cache/CacheDefaults$$$Lambda$2946
instanceKlass lmcoursier/internal/shaded/coursier/cache/CacheDefaults$$$Lambda$2944
instanceKlass lmcoursier/internal/shaded/coursier/cache/CacheDefaults$$$Lambda$2942
instanceKlass lmcoursier/internal/shaded/coursier/cache/CacheDefaults$$$Lambda$2941
instanceKlass lmcoursier/internal/shaded/coursier/cache/CacheDefaults$$$Lambda$2940
instanceKlass lmcoursier/internal/shaded/coursier/cache/CacheDefaults$$$Lambda$2939
instanceKlass lmcoursier/internal/shaded/coursier/cache/CacheDefaults$$$Lambda$2938
instanceKlass sjsonnew/support/scalajson/unsafe/Parser$$anon$1$$anon$3
instanceKlass sjsonnew/support/scalajson/unsafe/Parser$$anon$1$$anon$4
instanceKlass lmcoursier/internal/shaded/coursier/cache/CachePolicy
instanceKlass sbt/util/Tracked$$$Lambda$2937
instanceKlass sbt/util/Tracked$$$Lambda$2936
instanceKlass sbt/Classpaths$$$Lambda$2935
instanceKlass sjsonnew/UnionFormats$$anon$3
instanceKlass lmcoursier/internal/shaded/coursier/cache/CacheDefaults$
instanceKlass sbt/Classpaths$$$Lambda$2934
instanceKlass sbt/Classpaths$$$Lambda$2933
instanceKlass sbt/internal/util/RangePosition
instanceKlass sbt/Classpaths$$$Lambda$2932
instanceKlass sbt/Classpaths$$$Lambda$2931
instanceKlass sbt/internal/util/LineRange
instanceKlass sbt/Classpaths$$$Lambda$2930
instanceKlass sbt/Classpaths$$$Lambda$2929
instanceKlass sjsonnew/AdditionalFormats$$anon$7
instanceKlass lmcoursier/CoursierConfiguration$
instanceKlass sbt/internal/util/NoPosition$
instanceKlass lmcoursier/Inputs$$$Lambda$2928
instanceKlass sjsonnew/BuilderState$End$
instanceKlass sbt/coursierint/LMCoursier$$$Lambda$2927
instanceKlass sbt/coursierint/LMCoursier$$$Lambda$2924
instanceKlass sjsonnew/CollectionFormats$$anon$1$$Lambda$2923
instanceKlass lmcoursier/Inputs$$$Lambda$2922
instanceKlass sbt/Defaults$$$Lambda$2921
instanceKlass sjsonnew/BuilderState$InField$
instanceKlass sbt/coursierint/CoursierInputsTasks$$$Lambda$2920
instanceKlass sjsonnew/BuilderState$InObject$
instanceKlass sjsonnew/SimpleBuilderFacade$$anon$3
instanceKlass sbt/coursierint/CoursierInputsTasks$$$Lambda$2919
instanceKlass sbt/coursierint/CoursierInputsTasks$$$Lambda$2918
instanceKlass sjsonnew/CollectionFormats$$anon$2$$Lambda$2917
instanceKlass sjsonnew/BuilderState$InArray$
instanceKlass sjsonnew/SimpleBuilderFacade$$anon$2
instanceKlass sjsonnew/BuilderState$Begin$
instanceKlass sbt/coursierint/CoursierInputsTasks$$$Lambda$2916
instanceKlass sjsonnew/BuilderState
instanceKlass sjsonnew/Builder
instanceKlass sjsonnew/SupportHasher$$Lambda$2915
instanceKlass sjsonnew/ImplicitHashWriters$$anon$1
instanceKlass sjsonnew/support/murmurhash/Hasher$FacadeImpl$
instanceKlass sjsonnew/SimpleBuilderFacade
instanceKlass sbt/coursierint/CoursierInputsTasks$$$Lambda$2914
instanceKlass sbt/coursierint/CoursierInputsTasks$$$Lambda$2913
instanceKlass sbt/internal/classpath/ClassLoaderCache$$Lambda$2909
instanceKlass sbt/nio/file/FileTreeView$$$Lambda$2912
instanceKlass sbt/nio/file/FileTreeView$$$Lambda$2911
instanceKlass sbt/nio/file/FileTreeView$$anon$1$$Lambda$2910
instanceKlass sbt/nio/file/FileAttributes$FileAttributesImpl
instanceKlass lmcoursier/definitions/Info
instanceKlass sjsonnew/support/murmurhash/Hasher$
instanceKlass sbt/Defaults$$$Lambda$2908
instanceKlass lmcoursier/definitions/Info$
instanceKlass sbt/nio/file/FileAttributes$
instanceKlass sjsonnew/SupportHasher
instanceKlass lmcoursier/FromSbt$$$Lambda$2907
instanceKlass scala/collection/mutable/WrappedArrayBuilder
instanceKlass sbt/internal/ClasspathImpl$$$Lambda$2906
instanceKlass lmcoursier/FromSbt$$$Lambda$2905
instanceKlass lmcoursier/definitions/Project$
instanceKlass sjsonnew/UnbuilderState$End$
instanceKlass sjsonnew/Unbuilder$$Lambda$2904
instanceKlass sjsonnew/UnbuilderState$Begin$
instanceKlass lmcoursier/FromSbt$$$Lambda$2903
instanceKlass lmcoursier/FromSbt$$$Lambda$2902
instanceKlass lmcoursier/FromSbt$$$Lambda$2901
instanceKlass lmcoursier/internal/shaded/coursier/core/Configuration$$$Lambda$2900
instanceKlass sbt/internal/nio/SwovalFileTreeView$$$Lambda$2899
instanceKlass lmcoursier/internal/shaded/coursier/core/Configuration$
instanceKlass sbt/Defaults$$$Lambda$2898
instanceKlass sbt/State$StateOpsImpl$$$Lambda$2897
instanceKlass com/swoval/files/TypedPaths$TypedPathImpl
instanceKlass sbt/Defaults$$$Lambda$2896
instanceKlass sbt/Defaults$$$Lambda$2895
instanceKlass com/swoval/files/TypedPaths
instanceKlass sbt/Defaults$$$Lambda$2894
instanceKlass lmcoursier/FromSbt$$$Lambda$2893
instanceKlass sjsonnew/UnbuilderState
instanceKlass lmcoursier/FromSbt$$$Lambda$2892
instanceKlass lmcoursier/FromSbt$$$Lambda$2891
instanceKlass lmcoursier/FromSbt$$$Lambda$2890
instanceKlass lmcoursier/internal/shaded/coursier/core/Configuration
instanceKlass sbt/internal/server/BuildServerReporterImpl
instanceKlass sjsonnew/Unbuilder
instanceKlass sbt/Defaults$$anon$1
instanceKlass sjsonnew/SupportConverter$$Lambda$2889
instanceKlass lmcoursier/internal/shaded/coursier/ivy/IvyXml$$$Lambda$2887
instanceKlass sbt/librarymanagement/CrossVersionFunctions$$Lambda$2888
instanceKlass sbt/librarymanagement/CrossVersionFunctions$$Lambda$2886
instanceKlass lmcoursier/internal/shaded/coursier/ivy/IvyXml$$$Lambda$2885
instanceKlass lmcoursier/internal/shaded/coursier/ivy/IvyXml$$$Lambda$2884
instanceKlass sjsonnew/shaded/scalajson/ast/JValue
instanceKlass lmcoursier/internal/shaded/coursier/ivy/IvyXml$
instanceKlass sbt/Defaults$$$Lambda$2883
instanceKlass sbt/internal/librarymanagement/IvySbt$$$Lambda$2882
instanceKlass sbt/internal/librarymanagement/IvySbt$$$Lambda$2881
instanceKlass sbt/internal/librarymanagement/ivyint/SbtDefaultDependencyDescriptor
instanceKlass lmcoursier/FromSbt$$$Lambda$2880
instanceKlass sjsonnew/support/scalajson/unsafe/Parser$$anon$1$$anon$2
instanceKlass org/apache/ivy/core/cache/ResolutionCacheManager
instanceKlass lmcoursier/definitions/Dependency
instanceKlass lmcoursier/definitions/Publication$
instanceKlass sbt/internal/util/ProgressItem$
instanceKlass sbt/internal/util/codec/SuccessEventShowLines$$Lambda$2879
instanceKlass sbt/internal/util/SuccessEvent
instanceKlass sbt/internal/util/codec/SuccessEventShowLines$
instanceKlass org/apache/ivy/core/cache/DefaultRepositoryCacheManager
instanceKlass sbt/internal/util/codec/SuccessEventShowLines
instanceKlass org/apache/ivy/plugins/IvySettingsAware
instanceKlass lmcoursier/FromSbt$$$Lambda$2878
instanceKlass lmcoursier/definitions/Dependency$
instanceKlass org/apache/ivy/core/cache/RepositoryCacheManager
instanceKlass sbt/internal/util/codec/TraceEventShowLines$$Lambda$2877
instanceKlass lmcoursier/definitions/Module
instanceKlass lmcoursier/FromSbt$$$Lambda$2876
instanceKlass sjsonnew/shaded/org/typelevel/jawn/ByteBasedParser
instanceKlass scala/collection/MapLike$FilteredKeys$$Lambda$2875
instanceKlass lmcoursier/FromSbt$$$Lambda$2874
instanceKlass sbt/internal/util/codec/TraceEventShowLines$
instanceKlass sbt/internal/util/codec/TraceEventShowLines
instanceKlass sbt/internal/librarymanagement/IvySbt$
instanceKlass sjsonnew/shaded/org/typelevel/jawn/CharBasedParser
instanceKlass org/apache/ivy/plugins/parser/ParserSettings
instanceKlass sbt/util/LogExchange$$Lambda$2872
instanceKlass sbt/librarymanagement/ModuleIDExtra$$Lambda$2873
instanceKlass lmcoursier/definitions/Module$
instanceKlass sbt/util/ShowLines$$anon$1
instanceKlass lmcoursier/FromSbt$$$Lambda$2871
instanceKlass sjsonnew/shaded/org/typelevel/jawn/Parser
instanceKlass sbt/coursierint/CoursierRepositoriesTasks$$$Lambda$2870
instanceKlass lmcoursier/FromSbt$$$Lambda$2869
instanceKlass sbt/internal/util/codec/ThrowableShowLines$$Lambda$2868
instanceKlass xsbti/DiagnosticRelatedInformation
instanceKlass lmcoursier/FromSbt$$$Lambda$2867
instanceKlass xsbti/DiagnosticCode
instanceKlass lmcoursier/FromSbt$$$Lambda$2866
instanceKlass sbt/coursierint/CoursierRepositoriesTasks$$$Lambda$2865
instanceKlass sbt/librarymanagement/ivy/Credentials$$$Lambda$2864
instanceKlass xsbti/Problem
instanceKlass lmcoursier/FromSbt$$$Lambda$2863
instanceKlass sbt/coursierint/CoursierRepositoriesTasks$$$Lambda$2862
instanceKlass xsbti/TextEdit
instanceKlass xsbti/T2
instanceKlass xsbti/WorkspaceEdit
instanceKlass sbt/coursierint/CoursierRepositoriesTasks$$$Lambda$2861
instanceKlass xsbti/Action
instanceKlass sjsonnew/shaded/org/typelevel/jawn/ChannelParser$
instanceKlass sbt/util/InterfaceUtil$
instanceKlass sbt/coursierint/CoursierRepositoriesTasks$CResolvers$$$Lambda$2860
instanceKlass sjsonnew/shaded/org/typelevel/jawn/SupportParser$$Lambda$2858
instanceKlass sbt/librarymanagement/ivy/Credentials$
instanceKlass sbt/coursierint/CoursierRepositoriesTasks$CResolvers$$$Lambda$2859
instanceKlass sbt/internal/inc/JavaInterfaceUtil$EnrichOption
instanceKlass sbt/coursierint/CoursierRepositoriesTasks$CResolvers$$$Lambda$2857
instanceKlass sjsonnew/shaded/org/typelevel/jawn/FContext
instanceKlass sbt/Defaults$$$Lambda$2856
instanceKlass sbt/coursierint/CoursierRepositoriesTasks$CResolvers$$$Lambda$2855
instanceKlass sbt/coursierint/CoursierRepositoriesTasks$CResolvers$$$Lambda$2852
instanceKlass lmcoursier/Inputs$$$Lambda$2854
instanceKlass lmcoursier/Inputs$$$Lambda$2853
instanceKlass sbt/coursierint/CoursierRepositoriesTasks$CResolvers$$$Lambda$2851
instanceKlass sbt/coursierint/CoursierRepositoriesTasks$CResolvers$$$Lambda$2850
instanceKlass scala/collection/parallel/ParIterableLike$$Lambda$2848
instanceKlass sbt/coursierint/CoursierRepositoriesTasks$CResolvers$$$Lambda$2849
instanceKlass scala/collection/parallel/ParIterableLike$$Lambda$2847
instanceKlass sbt/coursierint/CoursierRepositoriesTasks$CResolvers$
instanceKlass scala/collection/parallel/ParIterableLike$FlatMap
instanceKlass sbt/Classpaths$$$Lambda$2846
instanceKlass xsbti/compile/ClassFileManagerType
instanceKlass sbt/Classpaths$$$Lambda$2845
instanceKlass sbt/coursierint/CoursierRepositoriesTasks$$$Lambda$2844
instanceKlass sbt/Classpaths$$$Lambda$2843
instanceKlass sbt/nio/Settings$$$Lambda$2842
instanceKlass sbt/Classpaths$$$Lambda$2841
instanceKlass sjsonnew/support/scalajson/unsafe/Parser$$anon$1
instanceKlass sbt/nio/file/AndPathFilter
instanceKlass sjsonnew/shaded/org/typelevel/jawn/Facade
instanceKlass sbt/Classpaths$$$Lambda$2840
instanceKlass sbt/internal/inc/JavaInterfaceUtil$
instanceKlass sbt/nio/file/NotPathFilter
instanceKlass sjsonnew/support/scalajson/unsafe/Parser$
instanceKlass sjsonnew/shaded/org/typelevel/jawn/SupportParser
instanceKlass sbt/nio/file/IsNotHidden$
instanceKlass scala/collection/package$
instanceKlass sbt/nio/file/IsHidden$
instanceKlass sbt/util/ShowLines$
instanceKlass sbt/internal/util/codec/ThrowableShowLines$
instanceKlass sbt/internal/util/codec/ThrowableShowLines
instanceKlass sbt/internal/TaskProgress$$Lambda$2839
instanceKlass sjsonnew/FContext
instanceKlass sbt/nio/Settings$$$Lambda$2838
instanceKlass sjsonnew/support/scalajson/unsafe/Converter$FacadeImpl$
instanceKlass sbt/util/LogExchange
instanceKlass sjsonnew/Facade
instanceKlass sjsonnew/ExtractorFacade
instanceKlass sbt/Defaults$$$Lambda$2837
instanceKlass sbt/internal/io/Retry$$$Lambda$2836
instanceKlass sbt/io/DescendantOrSelfPathFinder$$Lambda$2834
instanceKlass sjsonnew/BuilderFacade
instanceKlass com/swoval/files/NioDirectoryLister$1
instanceKlass sjsonnew/support/scalajson/unsafe/Converter$
instanceKlass sjsonnew/SupportConverter
instanceKlass com/swoval/files/SimpleFileTreeView$ListResults
instanceKlass sbt/BuildCommon$RichPathFinder
instanceKlass sbt/internal/util/StringTypeTag
instanceKlass sbt/internal/librarymanagement/ProjectResolver$
instanceKlass sbt/Classpaths$$$Lambda$2833
instanceKlass sbt/util/FileInput
instanceKlass com/swoval/files/SimpleFileTreeView$Lister
instanceKlass sbt/internal/librarymanagement/ResolverAdapter
instanceKlass org/apache/ivy/plugins/resolver/DependencyResolver
instanceKlass sbt/util/Tracked$CacheHelp$$Lambda$2832
instanceKlass sbt/io/NotFilter
instanceKlass sbt/internal/inc/ProblemStringFormats$$anon$1
instanceKlass sbt/io/AndFilter
instanceKlass sbt/internal/nio/SwovalFileTreeView$$$Lambda$2831
instanceKlass sbt/util/ShowLines
instanceKlass com/swoval/functional/Filter
instanceKlass sbt/util/Tracked$CacheHelp
instanceKlass sbt/internal/inc/LoggedReporter$$anon$2
instanceKlass sbt/internal/ClasspathImpl$$$Lambda$2830
instanceKlass sbt/Def$$$Lambda$2829
instanceKlass com/swoval/files/TypedPath
instanceKlass sbt/util/Tracked$$$Lambda$2828
instanceKlass sbt/internal/ClasspathImpl$$$Lambda$2827
instanceKlass sbt/util/SingletonCache$$anon$1
instanceKlass sbt/internal/inc/ProblemStringFormats
instanceKlass sbt/internal/nio/SwovalFileTreeView$$$Lambda$2826
instanceKlass sbt/internal/ClasspathImpl$$$Lambda$2823
instanceKlass sbt/util/SingletonCache$
instanceKlass sbt/internal/util/codec/ProblemFormats
instanceKlass sbt/Classpaths$$$Lambda$2825
instanceKlass sbt/nio/file/FileTreeView$$anon$1$$Lambda$2824
instanceKlass lmcoursier/Inputs$
instanceKlass sbt/Classpaths$$$Lambda$2822
instanceKlass java/lang/invoke/LambdaForm$MH
instanceKlass java/lang/invoke/LambdaForm$DMH
instanceKlass sbt/internal/inc/LoggedReporter$
instanceKlass sbt/nio/file/FileTreeView$$anon$1
instanceKlass sbt/util/Tracked$
instanceKlass sbt/internal/ClasspathImpl$$$Lambda$2821
instanceKlass sbt/internal/ClasspathImpl$$$Lambda$2820
instanceKlass sbt/internal/ClasspathImpl$$$Lambda$2819
instanceKlass sbt/Selected$$Lambda$2818
instanceKlass sbt/librarymanagement/Configurations$$$Lambda$2812
instanceKlass lmcoursier/FromSbt$$$Lambda$2817
instanceKlass sbt/io/IO$$$Lambda$2816
instanceKlass sbt/coursierint/CoursierInputsTasks$$$Lambda$2815
instanceKlass lmcoursier/FromSbt$$$Lambda$2814
instanceKlass sbt/io/IO$$$Lambda$2804
instanceKlass lmcoursier/FromSbt$
instanceKlass sbt/nio/file/FileTreeView$$$Lambda$2810
instanceKlass sbt/Defaults$$$Lambda$2813
instanceKlass java/lang/invoke/LambdaForm$DMH
instanceKlass sbt/internal/ClasspathImpl$$$Lambda$2811
instanceKlass sbt/nio/file/FileTreeView$$$Lambda$2809
instanceKlass sbt/Defaults$$$Lambda$2807
instanceKlass sbt/internal/ClasspathImpl$$$Lambda$2808
instanceKlass sbt/nio/file/FileTreeView$$$Lambda$2806
instanceKlass sbt/nio/file/FileTreeView$$$Lambda$2802
instanceKlass sbt/librarymanagement/ivy/DirectCredentials
instanceKlass sbt/coursierint/CoursierInputsTasks$$$Lambda$2805
instanceKlass sbt/Classpaths$$$Lambda$2803
instanceKlass sbt/Classpaths$$$Lambda$2801
instanceKlass sbt/Defaults$$anon$4
instanceKlass sbt/nio/file/FileTreeView$$$Lambda$2800
instanceKlass sbt/internal/ClasspathImpl$$$Lambda$2799
instanceKlass sbt/librarymanagement/InlineConfigurationFunctions
instanceKlass sbt/nio/file/RelativeGlob$$$Lambda$2789
instanceKlass sbt/Classpaths$$$Lambda$2798
instanceKlass sbt/internal/io/ErrorHandling$
instanceKlass sbt/Classpaths$$$Lambda$2797
instanceKlass sbt/Classpaths$$$Lambda$2796
instanceKlass sbt/State$$$Lambda$2795
instanceKlass sbt/internal/io/Retry$$$Lambda$2794
instanceKlass sbt/io/IO$$$Lambda$2793
instanceKlass sbt/internal/LogManager$$$Lambda$2792
instanceKlass sbt/internal/LogManager$$$Lambda$2791
instanceKlass sbt/internal/LogManager$$$Lambda$2788
instanceKlass sbt/nio/file/Glob$GlobOps$$$Lambda$2787
instanceKlass sbt/nio/file/Glob$GlobOps$$$Lambda$2783
instanceKlass sbt/internal/LogManager$$$Lambda$2784
instanceKlass sbt/internal/LogManager$$$Lambda$2781
instanceKlass sbt/nio/file/Glob$RelativeGlobViewOption$Warn$
instanceKlass scala/concurrent/impl/Promise
instanceKlass sbt/Defaults$$$Lambda$2778
instanceKlass sbt/nio/file/Glob$RelativeGlobViewOption
instanceKlass scala/concurrent/Future
instanceKlass sbt/nio/file/Glob$RelativeGlobViewOption$
instanceKlass sbt/nio/file/FileTreeView$$$Lambda$2777
instanceKlass sbt/util/CacheStore
instanceKlass sbt/internal/util/ConsoleOut$NullConsoleOut$
instanceKlass sbt/util/Output
instanceKlass sbt/util/Input
instanceKlass sbt/internal/LogManager$$$Lambda$2776
instanceKlass sbt/internal/LogManager$$$Lambda$2775
instanceKlass sbt/internal/LogManager$$$Lambda$2774
instanceKlass sbt/nio/file/FileTreeView$$$Lambda$2773
instanceKlass sbt/internal/LogManager$$$Lambda$2771
instanceKlass sbt/nio/file/FileTreeView$$$Lambda$2770
instanceKlass sbt/internal/LogManager$$$Lambda$2768
instanceKlass sbt/nio/file/FileTreeView$$$Lambda$2766
instanceKlass sbt/std/Streams$$anon$2$$anon$3$$Lambda$2767
instanceKlass sbt/nio/file/FileTreeView$$$Lambda$2764
instanceKlass sbt/nio/file/FileTreeView$Ops$
instanceKlass scala/concurrent/Promise
instanceKlass sbt/nio/Settings$$$Lambda$2763
instanceKlass scala/concurrent/Promise$
instanceKlass sbt/nio/Settings$$$Lambda$2762
instanceKlass sbt/coursierint/LMCoursier$$$Lambda$2761
instanceKlass sbt/coursierint/LMCoursier$$$Lambda$2760
instanceKlass sbt/coursierint/LMCoursier$$$Lambda$2759
instanceKlass sbt/Defaults$$$Lambda$2758
instanceKlass sbt/Defaults$$$Lambda$2757
instanceKlass xsbti/compile/ExternalHooks$GetProvenance
instanceKlass xsbti/compile/InvalidationProfiler
instanceKlass java/util/Optional
instanceKlass xsbti/compile/DefaultExternalHooks
instanceKlass sbt/coursierint/CoursierRepositoriesTasks$$$Lambda$2756
instanceKlass sbt/coursierint/CoursierRepositoriesTasks$$$Lambda$2755
instanceKlass sbt/coursierint/CoursierInputsTasks$$$Lambda$2753
instanceKlass sbt/coursierint/CoursierRepositoriesTasks$$$Lambda$2752
instanceKlass sbt/internal/VirtualFileValueCache0$$Lambda$2754
instanceKlass sbt/coursierint/CoursierInputsTasks$$$Lambda$2751
instanceKlass sbt/coursierint/CoursierInputsTasks$$$Lambda$2750
instanceKlass sbt/coursierint/CoursierInputsTasks$$$Lambda$2749
instanceKlass sbt/Project$$$Lambda$2747
instanceKlass sbt/internal/BuildStructure$$Lambda$2744
instanceKlass sbt/Project$$$Lambda$2742
instanceKlass sbt/Project$$$Lambda$2740
instanceKlass sbt/Project$$$Lambda$2738
instanceKlass sbt/Defaults$$$Lambda$2737
instanceKlass sbt/Project$$$Lambda$2735
instanceKlass sbt/Project$$$Lambda$2734
instanceKlass sbt/internal/BuildStructure$$Lambda$2733
instanceKlass sbt/internal/BuildStructure$$Lambda$2732
instanceKlass sbt/internal/BuildStructure$$Lambda$2731
instanceKlass sbt/internal/ClasspathImpl$$$Lambda$2729
instanceKlass sbt/librarymanagement/TrackLevel$
instanceKlass sbt/internal/BuildStreams$$$Lambda$2727
instanceKlass sbt/Selected$$Lambda$2725
instanceKlass sbt/internal/BuildStreams$$$Lambda$2724
instanceKlass sbt/internal/BuildStreams$$$Lambda$2721
instanceKlass sbt/Def$$$Lambda$2722
instanceKlass sbt/internal/BuildStreams$$$Lambda$2720
instanceKlass sbt/internal/BuildStreams$$$Lambda$2719
instanceKlass sbt/std/Streams$$anon$2$$anon$3$$Lambda$2718
instanceKlass sbt/internal/BuildDependencies$$$Lambda$2717
instanceKlass sbt/Execute$$Lambda$2716
instanceKlass sbt/internal/BuildDependencies$$$Lambda$2715
instanceKlass sbt/Execute$$Lambda$2714
instanceKlass sbt/internal/BuildDependencies$$$Lambda$2713
instanceKlass sbt/Execute$$Lambda$2712
instanceKlass sbt/Classpaths$$$Lambda$2711
instanceKlass sbt/librarymanagement/ResolverFunctions$$Lambda$2710
instanceKlass sbt/librarymanagement/ResolverFunctions$$Lambda$2709
instanceKlass sbt/librarymanagement/ResolverFunctions$$Lambda$2708
instanceKlass sbt/librarymanagement/ResolverFunctions$$Lambda$2707
instanceKlass sbt/std/Streams$$anon$2$$anon$3
instanceKlass sbt/librarymanagement/ResolverFunctions$$Lambda$2706
instanceKlass sbt/librarymanagement/ResolverFunctions$$Lambda$2704
instanceKlass sbt/Defaults$$$Lambda$2705
instanceKlass sbt/ConcurrentRestrictions$Enqueue$1
instanceKlass sbt/Execute$$Lambda$2703
instanceKlass sbt/Execute$$Lambda$2702
instanceKlass sbt/Execute$$Lambda$2701
instanceKlass sbt/internal/util/IDSet$$$Lambda$2700
instanceKlass sbt/Execute$$Lambda$2699
instanceKlass sbt/Execute$$Lambda$2698
instanceKlass sbt/Execute$$Lambda$2697
instanceKlass sbt/Execute$$Lambda$2696
instanceKlass sbt/internal/GlobalPlugin$$$Lambda$2695
instanceKlass sbt/internal/ClasspathImpl$$$Lambda$2694
instanceKlass sbt/Defaults$$$Lambda$2693
instanceKlass sbt/Result$$anon$1
instanceKlass sbt/Result$
instanceKlass sbt/std/TaskExtra$$$Lambda$2692
instanceKlass sbt/internal/TaskProgress$$Lambda$2691
instanceKlass sbt/Inc
instanceKlass sbt/Def$$$Lambda$2690
instanceKlass sbt/Selected$$Lambda$2689
instanceKlass sbt/internal/AbstractTaskExecuteProgress$$Lambda$2688
instanceKlass sbt/internal/AbstractTaskExecuteProgress$$Lambda$2687
instanceKlass sbt/internal/AbstractTaskExecuteProgress$$Lambda$2686
instanceKlass sbt/internal/util/Prompt$Watch$
instanceKlass sbt/ConcurrentRestrictions$$anon$3$$Lambda$2685
instanceKlass sbt/internal/util/Prompt$Running$
instanceKlass sbt/internal/util/Prompt$AskUser
instanceKlass sbt/Execute$$anon$1
instanceKlass sbt/Classpaths$$$Lambda$2684
instanceKlass sbt/Execute$$Lambda$2683
instanceKlass java/lang/invoke/LambdaForm$DMH
instanceKlass sbt/internal/util/ProgressState$
instanceKlass sbt/internal/AbstractTaskExecuteProgress$$Lambda$2682
instanceKlass sbt/Value
instanceKlass sbt/internal/CommandExchange$$Lambda$2679
instanceKlass sbt/Execute$$Lambda$2681
instanceKlass sbt/internal/TaskProgress$$Lambda$2680
instanceKlass sbt/internal/CommandExchange$$Lambda$2678
instanceKlass sbt/internal/CommandExchange$$Lambda$2676
instanceKlass sbt/internal/TaskProgress$$Lambda$2677
instanceKlass sbt/internal/TaskProgress$$Lambda$2673
instanceKlass sbt/internal/CommandExchange$$Lambda$2675
instanceKlass sbt/internal/CommandExchange$$Lambda$2674
instanceKlass sbt/internal/AbstractTaskExecuteProgress$Timer
instanceKlass sbt/Execute$$Lambda$2672
instanceKlass sbt/Execute$$Lambda$2671
instanceKlass sbt/Execute$$Lambda$2670
instanceKlass sbt/internal/util/AbstractEntry
instanceKlass sbt/Execute$$Lambda$2669
instanceKlass sbt/CompletionService$$anon$2
instanceKlass sbt/internal/util/ProgressEvent$
instanceKlass sbt/CompletionService$
instanceKlass sbt/internal/TaskProgress$$Lambda$2668
instanceKlass sbt/internal/util/ProgressItem
instanceKlass sbt/ConcurrentRestrictions$$anon$4$$Lambda$2667
instanceKlass sbt/internal/TaskProgress$$Lambda$2666
instanceKlass sbt/Tags$$$Lambda$2665
instanceKlass sbt/Tags$$$Lambda$2664
instanceKlass sbt/internal/TaskProgress$$Lambda$2663
instanceKlass sbt/Tags$$$Lambda$2662
instanceKlass java/lang/invoke/LambdaForm$MH
instanceKlass java/lang/invoke/LambdaForm$DMH
instanceKlass sbt/ConcurrentRestrictions$$$Lambda$2661
instanceKlass java/lang/invoke/LambdaForm$DMH
instanceKlass sbt/internal/AbstractTaskExecuteProgress$$Lambda$2660
instanceKlass sbt/ConcurrentRestrictions$$anon$3$$Lambda$2659
instanceKlass java/lang/invoke/LambdaForm$DMH
instanceKlass scala/runtime/java8/JFunction2$mcIII$sp
instanceKlass java/lang/invoke/LambdaForm$DMH
instanceKlass sbt/internal/AbstractTaskExecuteProgress$$Lambda$2658
instanceKlass sbt/internal/AbstractTaskExecuteProgress$$Lambda$2657
instanceKlass sbt/EvaluateTask$$$Lambda$2656
instanceKlass sbt/internal/AbstractTaskExecuteProgress$$Lambda$2655
instanceKlass sbt/Execute$$Lambda$2654
instanceKlass sbt/internal/TaskProgress$$Lambda$2653
instanceKlass sbt/Execute$$Lambda$2652
instanceKlass sbt/std/Transform$$anon$3$$Lambda$2651
instanceKlass sbt/Execute$$Lambda$2650
instanceKlass sbt/internal/TaskName$
instanceKlass sbt/internal/AbstractTaskExecuteProgress$$Lambda$2649
instanceKlass java/util/IdentityHashMap$IdentityHashMapIterator
instanceKlass sbt/internal/util/IDSet$$anon$1$$Lambda$2648
instanceKlass sbt/internal/util/IDSet$$anon$1
instanceKlass sbt/Execute$$Lambda$2647
instanceKlass sbt/internal/util/IDSet
instanceKlass sbt/internal/util/IDSet$
instanceKlass sbt/Execute$$Lambda$2646
instanceKlass sbt/Execute$$Lambda$2645
instanceKlass sbt/std/Transform$$anon$4
instanceKlass sbt/internal/util/$tilde$greater$$Lambda$2644
instanceKlass sbt/std/Transform$$anon$2$$Lambda$2643
instanceKlass scala/collection/mutable/ListMap$$Lambda$2642
instanceKlass sbt/Execute$$Lambda$2641
instanceKlass sbt/Execute$$Lambda$2640
instanceKlass sbt/Execute$$Lambda$2639
instanceKlass sbt/Execute$$anon$2
instanceKlass sbt/Execute$Config
instanceKlass sbt/EvaluateTask$$$Lambda$2638
instanceKlass sbt/Execute$$$Lambda$2637
instanceKlass sbt/Completed
instanceKlass sbt/Execute$
instanceKlass sbt/Execute
instanceKlass sbt/internal/util/UnregisterNewHandler
instanceKlass sbt/internal/util/Signals$$anon$1
instanceKlass sbt/internal/util/Signals0
instanceKlass sbt/TaskCancellationStrategy$Signal$$$Lambda$2636
instanceKlass sbt/internal/util/Signals$Registration
instanceKlass sbt/internal/util/Signals$
instanceKlass sbt/EvaluateTask$runningEngine$1$
instanceKlass sbt/ConcurrentRestrictions$$$Lambda$2635
instanceKlass java/util/concurrent/ExecutorCompletionService
instanceKlass java/util/concurrent/CompletionService
instanceKlass sbt/ConcurrentRestrictions$$anon$4
instanceKlass sbt/CancelSentiels
instanceKlass sbt/EvaluateTask$$$Lambda$2634
instanceKlass sbt/EvaluateTask$$$Lambda$2633
instanceKlass sbt/ConcurrentRestrictions$$anon$3
instanceKlass sbt/Tags$$$Lambda$2632
instanceKlass sbt/EvaluateTask$$$Lambda$2631
instanceKlass sbt/EvaluateTask$$$Lambda$2630
instanceKlass sbt/EvaluateTaskConfig$DefaultEvaluateTaskConfig
instanceKlass sbt/EvaluateTaskConfig
instanceKlass sbt/EvaluateTaskConfig$
instanceKlass sbt/EvaluateTask$$$Lambda$2629
instanceKlass sbt/EvaluateTask$$$Lambda$2628
instanceKlass sbt/EvaluateTask$$$Lambda$2627
instanceKlass sbt/TaskCancellationStrategy$Signal$
instanceKlass sbt/EvaluateTask$$$Lambda$2626
instanceKlass sbt/TaskCancellationStrategy$Null$
instanceKlass sbt/EvaluateTask$$$Lambda$2625
instanceKlass sbt/Extracted
instanceKlass sbt/std/Transform$$anon$3
instanceKlass sbt/std/Transform$$anon$2
instanceKlass sbt/std/Transform$$anon$1
instanceKlass sbt/std/Transform$$$Lambda$2624
instanceKlass sbt/std/Transform$$$Lambda$2623
instanceKlass sbt/std/Transform$TaskAndValue
instanceKlass sbt/NodeView
instanceKlass sbt/Node
instanceKlass sbt/std/Transform$
instanceKlass sbt/std/Transform$DummyTaskMap
instanceKlass sbt/std/Streams$$anon$1
instanceKlass sbt/std/Streams$$anon$2
instanceKlass sbt/internal/BuildStreams$$$Lambda$2622
instanceKlass sbt/internal/InMemoryCacheStore$DirectoryFactory$
instanceKlass sbt/util/CacheStoreFactory
instanceKlass sbt/internal/InMemoryCacheStore$
instanceKlass sbt/internal/BuildStreams$$$Lambda$2621
instanceKlass sbt/internal/LogManager$$$Lambda$2620
instanceKlass sbt/internal/BuildStreams$$$Lambda$2619
instanceKlass sbt/internal/BuildStreams$$$Lambda$2618
instanceKlass sbt/internal/BuildStreams$$$Lambda$2617
instanceKlass sbt/std/Streams$$$Lambda$2616
instanceKlass sbt/std/CloseableStreams
instanceKlass sbt/std/Streams$
instanceKlass sbt/internal/GlobalPlugin$$$Lambda$2615
instanceKlass sbt/internal/GlobalPlugin$$$Lambda$2614
instanceKlass sbt/internal/GlobalPluginData
instanceKlass sbt/internal/GlobalPlugin$$$Lambda$2613
instanceKlass sbt/Project$$$Lambda$2612
instanceKlass sbt/Project$$$Lambda$2611
instanceKlass sbt/BasicCommands$$$Lambda$2610
instanceKlass sbt/Project$$$Lambda$2609
instanceKlass sbt/Project$$$Lambda$2608
instanceKlass sbt/Project$$$Lambda$2607
instanceKlass sbt/Project$$$Lambda$2606
instanceKlass sbt/internal/util/ExitHooks$$$Lambda$2605
instanceKlass sbt/internal/util/ExitHook
instanceKlass sbt/internal/util/ExitHooks$
instanceKlass sbt/Project$$$Lambda$2604
instanceKlass sbt/Project$$$Lambda$2603
instanceKlass sbt/internal/SessionSettings$$Lambda$2602
instanceKlass sbt/internal/Load$$$Lambda$2601
instanceKlass sbt/internal/Load$$$Lambda$2600
instanceKlass sbt/internal/Load$$$Lambda$2599
instanceKlass sbt/internal/Load$$$Lambda$2598
instanceKlass sbt/internal/BuildStreams$$$Lambda$2597
instanceKlass sbt/internal/BuildStreams$
instanceKlass sbt/internal/Load$$$Lambda$2596
instanceKlass sbt/internal/Index$$$Lambda$2595
instanceKlass sbt/Triggers
instanceKlass sbt/internal/Index$$$Lambda$2594
instanceKlass sbt/internal/Index$$$Lambda$2593
instanceKlass sbt/internal/Index$$$Lambda$2592
instanceKlass sbt/internal/Index$$$Lambda$2591
instanceKlass sbt/internal/Index$$$Lambda$2590
instanceKlass sbt/internal/Index$$$Lambda$2589
instanceKlass sbt/internal/Index$$$Lambda$2588
instanceKlass sbt/internal/Index$$$Lambda$2587
instanceKlass sbt/internal/KeyIndex$$$Lambda$2586
instanceKlass sbt/internal/KeyIndex$$$Lambda$2585
instanceKlass sbt/internal/Aggregation$$$Lambda$2582
instanceKlass sbt/internal/Aggregation$$$Lambda$2577
instanceKlass sbt/internal/Aggregation$$$Lambda$2573
instanceKlass sbt/internal/Aggregation$$$Lambda$2570
instanceKlass sbt/internal/KeyIndex$$$Lambda$2569
instanceKlass sbt/internal/BuildUtil$$Lambda$2568
instanceKlass sbt/internal/util/MRelation$$Lambda$2567
instanceKlass sbt/internal/BuildUtil$$$Lambda$2566
instanceKlass sbt/internal/BuildUtil$$$Lambda$2565
instanceKlass sbt/internal/BuildUtil$$$Lambda$2564
instanceKlass sbt/internal/BuildUtil$$$Lambda$2563
instanceKlass sbt/internal/BuildUtil$$$Lambda$2562
instanceKlass sbt/internal/BuildUtil$$$Lambda$2561
instanceKlass sbt/internal/BuildUtil$$$Lambda$2560
instanceKlass sbt/internal/util/MRelation$$Lambda$2559
instanceKlass sbt/internal/util/Relation$$$Lambda$2558
instanceKlass scala/collection/MapLike$$Lambda$2557
instanceKlass sbt/Scope$$$Lambda$2556
instanceKlass sbt/internal/ConfigIndex$$Lambda$2555
instanceKlass sbt/internal/ConfigIndex$$Lambda$2554
instanceKlass sbt/internal/KeyIndex$$$Lambda$2553
instanceKlass sbt/internal/KeyIndex0$$Lambda$2552
instanceKlass sbt/internal/IdentifiableConfig
instanceKlass sbt/internal/KeyIndex$$$Lambda$2551
instanceKlass sbt/internal/KeyIndex0
instanceKlass sbt/internal/KeyIndex$$$Lambda$2550
instanceKlass sbt/internal/KeyIndex$$$Lambda$2549
instanceKlass sbt/internal/KeyIndex$$$Lambda$2548
instanceKlass sbt/internal/KeyIndex$$$Lambda$2547
instanceKlass sbt/internal/KeyIndex$$$Lambda$2546
instanceKlass sbt/internal/BuildIndex
instanceKlass sbt/internal/ProjectIndex
instanceKlass sbt/internal/ConfigIndex
instanceKlass sbt/internal/util/MRelation
instanceKlass sbt/internal/util/Relation
instanceKlass sbt/internal/util/Relation$
instanceKlass sbt/internal/AKeyIndex
instanceKlass sbt/internal/ExtendableKeyIndex
instanceKlass sbt/internal/KeyIndex$
instanceKlass sbt/internal/Load$$$Lambda$2545
instanceKlass sbt/internal/Load$$$Lambda$2544
instanceKlass sbt/internal/Load$$$Lambda$2543
instanceKlass scala/collection/SetLike$$Lambda$2542
instanceKlass sbt/internal/util/Settings0$$Lambda$2541
instanceKlass sbt/internal/util/Settings0$$Lambda$2540
instanceKlass sbt/internal/Load$$$Lambda$2539
instanceKlass sbt/internal/Load$$$Lambda$2538
instanceKlass sbt/internal/Index$$$Lambda$2537
instanceKlass sbt/internal/Index$$$Lambda$2536
instanceKlass sbt/internal/Index$$$Lambda$2535
instanceKlass sbt/internal/Index$
instanceKlass sbt/internal/Load$$$Lambda$2534
instanceKlass sbt/internal/BuildUtil
instanceKlass sbt/internal/Load$$$Lambda$2533
instanceKlass sbt/internal/StructureIndex
instanceKlass sbt/internal/Load$$$Lambda$2532
instanceKlass sbt/Project$$$Lambda$2531
instanceKlass sbt/Project$$$Lambda$2530
instanceKlass sbt/Project$$$Lambda$2529
instanceKlass sbt/Project$$$Lambda$2528
instanceKlass sbt/Scope$$$Lambda$2527
instanceKlass sbt/Scope$$$Lambda$2526
instanceKlass sbt/Scope$$$Lambda$2525
instanceKlass sbt/Scope$$$Lambda$2524
instanceKlass sbt/Scope$$$Lambda$2523
instanceKlass scala/runtime/AbstractFunction4
instanceKlass sbt/ScopeMask
instanceKlass sbt/Scope$$$Lambda$2522
instanceKlass sbt/internal/util/Terminal$$$Lambda$2521
instanceKlass sbt/internal/util/Terminal$$$Lambda$2520
instanceKlass sbt/internal/util/Terminal$$$Lambda$2519
instanceKlass sbt/internal/util/Terminal$$$Lambda$2518
instanceKlass sbt/internal/util/Terminal$$$Lambda$2517
instanceKlass sbt/internal/util/Terminal$$$Lambda$2516
instanceKlass sbt/Def$$$Lambda$2515
instanceKlass sbt/internal/util/Init$$Lambda$2514
instanceKlass sbt/internal/util/Settings0$$Lambda$2513
instanceKlass sbt/internal/util/Settings0$$Lambda$2512
instanceKlass sbt/internal/util/Init$Optional$$Lambda$2511
instanceKlass sbt/internal/util/Init$Optional$$Lambda$2510
instanceKlass sbt/internal/util/Init$$anon$13
instanceKlass sbt/Project$$$Lambda$2509
instanceKlass sbt/Project$$$Lambda$2508
instanceKlass sbt/ScopeFilter$Make$$Lambda$2507
instanceKlass sbt/internal/util/Settings0$$Lambda$2506
instanceKlass sbt/internal/util/EvaluateSettings$$Lambda$2505
instanceKlass sbt/internal/util/Settings0
instanceKlass sbt/internal/util/RMap$$Lambda$2504
instanceKlass sbt/internal/util/RMap$TPair
instanceKlass sbt/internal/util/EvaluateSettings$$Lambda$2503
instanceKlass sbt/internal/server/ServerHandler$$$Lambda$2502
instanceKlass sbt/internal/server/VirtualTerminal$$$Lambda$2501
instanceKlass sbt/internal/server/VirtualTerminal$$$Lambda$2500
instanceKlass sbt/internal/server/VirtualTerminal$$$Lambda$2499
instanceKlass sbt/internal/server/VirtualTerminal$$$Lambda$2498
instanceKlass sbt/internal/server/VirtualTerminal$
instanceKlass java/lang/invoke/LambdaForm$MH
instanceKlass java/lang/invoke/LambdaForm$DMH
instanceKlass java/lang/invoke/LambdaForm$DMH
instanceKlass sbt/internal/server/BuildServerProtocol$$$Lambda$2497
instanceKlass java/lang/invoke/LambdaForm$DMH
instanceKlass sbt/internal/server/BuildServerProtocol$$$Lambda$2496
instanceKlass sbt/internal/server/BuildServerProtocol$$$Lambda$2495
instanceKlass sbt/internal/server/LanguageServerProtocol$$$Lambda$2494
instanceKlass sbt/internal/server/ServerIntent
instanceKlass sbt/internal/server/ServerCallback
instanceKlass sbt/internal/server/ServerHandler$
instanceKlass sjsonnew/AdditionalFormats$$anon$5
instanceKlass sjsonnew/CollectionFormats$$Lambda$2493
instanceKlass sjsonnew/CollectionFormats$$Lambda$2492
instanceKlass sjsonnew/AdditionalFormats$$anon$1
instanceKlass sbt/internal/util/codec/JValueFormats$$anon$3
instanceKlass sbt/internal/util/codec/JValueFormats$$anon$4
instanceKlass sbt/internal/util/codec/JValueFormats$$Lambda$2491
instanceKlass sbt/internal/util/codec/JValueFormats$$Lambda$2490
instanceKlass sbt/internal/util/codec/JValueFormats$$Lambda$2489
instanceKlass sbt/internal/util/codec/JValueFormats$$Lambda$2488
instanceKlass sbt/nio/file/package$
instanceKlass sbt/internal/util/codec/JValueFormats$$Lambda$2487
instanceKlass sbt/internal/util/codec/JValueFormats$$Lambda$2486
instanceKlass sbt/nio/file/RelativeGlob$$Lambda$2485
instanceKlass sbt/nio/file/RelativeGlob$PathComponent$
instanceKlass sbt/internal/util/codec/JValueFormats$$Lambda$2484
instanceKlass scala/collection/TraversableViewLike$Filtered$$Lambda$2481
instanceKlass sbt/internal/util/codec/JValueFormats$$Lambda$2483
instanceKlass sjsonnew/shaded/scalajson/ast/unsafe/JValue
instanceKlass scala/collection/TraversableViewLike$Mapped$$Lambda$2480
instanceKlass scala/collection/SeqViewLike$Mapped
instanceKlass sbt/internal/util/codec/JValueFormats$$anon$1
instanceKlass sbt/internal/server/LanguageServerProtocol$$anon$1
instanceKlass sbt/internal/protocol/codec/InitializeOptionFormats
instanceKlass sbt/protocol/codec/JsonProtocol
instanceKlass sbt/protocol/codec/ExecutionEventFormats
instanceKlass sbt/protocol/codec/CompletionResponseFormats
instanceKlass sbt/protocol/codec/SettingQueryResponseFormats
instanceKlass sbt/protocol/codec/EventMessageFormats
instanceKlass sbt/protocol/codec/TerminalSetRawModeResponseFormats
instanceKlass sbt/protocol/codec/TerminalSetEchoResponseFormats
instanceKlass sbt/protocol/codec/TerminalSetSizeResponseFormats
instanceKlass sbt/protocol/codec/TerminalGetSizeResponseFormats
instanceKlass sbt/protocol/codec/TerminalAttributesResponseFormats
instanceKlass sbt/protocol/codec/TerminalSetAttributesResponseFormats
instanceKlass sbt/protocol/codec/TerminalCapabilitiesResponseFormats
instanceKlass sbt/protocol/codec/TerminalPropertiesResponseFormats
instanceKlass sbt/protocol/codec/SettingQueryFailureFormats
instanceKlass sbt/protocol/codec/SettingQuerySuccessFormats
instanceKlass sbt/protocol/codec/ExecStatusEventFormats
instanceKlass sbt/protocol/codec/LogEventFormats
instanceKlass scala/collection/IterableViewLike$Mapped
instanceKlass sbt/protocol/codec/ChannelAcceptedEventFormats
instanceKlass sbt/protocol/codec/CompletionParamsFormats
instanceKlass sbt/protocol/codec/CommandMessageFormats
instanceKlass sbt/protocol/codec/TerminalSetRawModeCommandFormats
instanceKlass sbt/protocol/codec/TerminalSetEchoCommandFormats
instanceKlass sbt/protocol/codec/TerminalSetSizeCommandFormats
instanceKlass sbt/protocol/codec/TerminalGetSizeQueryFormats
instanceKlass sbt/protocol/codec/TerminalAttributesQueryFormats
instanceKlass sbt/protocol/codec/TerminalSetAttributesCommandFormats
instanceKlass sbt/protocol/codec/TerminalCapabilitiesQueryFormats
instanceKlass sbt/protocol/codec/AttachFormats
instanceKlass scala/collection/TraversableViewLike$Mapped
instanceKlass sbt/protocol/codec/SettingQueryFormats
instanceKlass sbt/protocol/codec/ExecCommandFormats
instanceKlass sbt/protocol/codec/InitCommandFormats
instanceKlass scala/collection/SeqView$$anon$1
instanceKlass scala/collection/SeqView$
instanceKlass sbt/nio/file/RelativeGlob$$$Lambda$2478
instanceKlass sbt/Defaults$$$Lambda$2476
instanceKlass sbt/Defaults$$$Lambda$2474
instanceKlass sbt/Defaults$$$Lambda$2472
instanceKlass java/lang/invoke/LambdaForm$MH
instanceKlass java/lang/invoke/LambdaForm$DMH
instanceKlass sbt/Classpaths$$$Lambda$2469
instanceKlass scala/collection/SeqViewLike$AbstractTransformed
instanceKlass java/lang/invoke/LambdaForm$DMH
instanceKlass sbt/Defaults$$$Lambda$2467
instanceKlass sbt/Defaults$$$Lambda$2464
instanceKlass sbt/Defaults$$$Lambda$2466
instanceKlass sbt/Defaults$$$Lambda$2465
instanceKlass java/lang/invoke/LambdaForm$DMH
instanceKlass sbt/Defaults$$$Lambda$2463
instanceKlass sbt/internal/server/BuildServerProtocol$$$Lambda$2462
instanceKlass sbt/internal/langserver/codec/JsonProtocol
instanceKlass scala/collection/SeqViewLike$Filtered
instanceKlass sbt/internal/langserver/codec/TextDocumentPositionParamsInterfaceFormats
instanceKlass sbt/internal/langserver/codec/TextDocumentPositionParamsFormats
instanceKlass sbt/internal/langserver/codec/TextDocumentIdentifierFormats
instanceKlass sbt/internal/langserver/codec/CancelRequestParamsFormats
instanceKlass sbt/internal/langserver/codec/SbtExecParamsFormats
instanceKlass sbt/internal/langserver/codec/PublishDiagnosticsParamsFormats
instanceKlass sbt/internal/langserver/codec/LogMessageParamsFormats
instanceKlass scala/collection/IterableViewLike$Filtered
instanceKlass sbt/internal/langserver/codec/InitializeResultFormats
instanceKlass sbt/internal/langserver/codec/ServerCapabilitiesFormats
instanceKlass sbt/plugins/DependencyTreeSettings$$$Lambda$2461
instanceKlass scala/collection/immutable/Stream$$Lambda$2459
instanceKlass sbt/Defaults$$$Lambda$2458
instanceKlass scala/collection/immutable/Stream$$Lambda$2457
instanceKlass sbt/Defaults$$$Lambda$2455
instanceKlass sbt/internal/util/complete/FileExamples$$Lambda$2456
instanceKlass sbt/internal/util/complete/FileExamples$$Lambda$2454
instanceKlass sbt/internal/util/complete/FileExamples$$Lambda$2453
instanceKlass sbt/Defaults$$$Lambda$2452
instanceKlass sbt/internal/util/complete/FileExamples$$Lambda$2451
instanceKlass java/lang/invoke/LambdaForm$MH
instanceKlass java/lang/invoke/LambdaForm$DMH
instanceKlass sbt/internal/langserver/codec/TextDocumentSyncOptionsFormats
instanceKlass java/lang/invoke/LambdaForm$DMH
instanceKlass sbt/Defaults$$$Lambda$2450
instanceKlass sbt/internal/util/complete/FileExamples$$Lambda$2448
instanceKlass java/lang/invoke/LambdaForm$DMH
instanceKlass sbt/internal/server/BuildServerProtocol$$$Lambda$2449
instanceKlass sbt/internal/langserver/codec/SaveOptionsFormats
instanceKlass java/lang/invoke/LambdaForm$MH
instanceKlass java/lang/invoke/LambdaForm$DMH
instanceKlass sbt/Defaults$$$Lambda$2447
instanceKlass scala/collection/immutable/Stream$$Lambda$2446
instanceKlass sbt/internal/langserver/codec/InitializeParamsFormats
instanceKlass sbt/Defaults$$$Lambda$2445
instanceKlass sbt/internal/util/complete/FileExamples$$Lambda$2443
instanceKlass sbt/internal/server/BuildServerProtocol$$$Lambda$2442
instanceKlass sbt/io/IO$$$Lambda$2441
instanceKlass scala/collection/TraversableViewLike$Filtered
instanceKlass sbt/io/IO$$$Lambda$2440
instanceKlass sbt/Info$$Lambda$2439
instanceKlass sbt/internal/util/complete/FileExamples$$Lambda$2438
instanceKlass sbt/SessionVar$$$Lambda$2436
instanceKlass sbt/internal/server/BuildServerProtocol$$$Lambda$2437
instanceKlass scala/collection/TraversableViewLike$$Lambda$2432
instanceKlass sbt/internal/langserver/codec/ClientCapabilitiesFormats
instanceKlass sbt/Project$RichTaskSessionVar$$Lambda$2429
instanceKlass sbt/Defaults$$$Lambda$2431
instanceKlass sbt/nio/file/RelativeGlob$$$Lambda$2428
instanceKlass sbt/internal/util/codec/JValueFormats
instanceKlass sbt/internal/server/BuildServerProtocol$$$Lambda$2427
instanceKlass sbt/internal/server/BuildServerProtocol$$$Lambda$2426
instanceKlass sbt/internal/server/BuildServerProtocol$$$Lambda$2423
instanceKlass sbt/internal/server/BuildServerProtocol$$$Lambda$2425
instanceKlass sbt/internal/langserver/codec/DiagnosticFormats
instanceKlass sbt/internal/server/BuildServerProtocol$$$Lambda$2417
instanceKlass sbt/internal/server/BuildServerProtocol$$$Lambda$2422
instanceKlass sbt/internal/server/BuildServerProtocol$$$Lambda$2421
instanceKlass sbt/internal/server/BuildServerProtocol$$$Lambda$2420
instanceKlass sbt/internal/server/BuildServerProtocol$$$Lambda$2419
instanceKlass sbt/internal/server/BuildServerProtocol$$$Lambda$2418
instanceKlass sbt/internal/server/BuildServerProtocol$$$Lambda$2416
instanceKlass scala/collection/SeqViewLike$Transformed
instanceKlass sbt/internal/langserver/codec/LocationFormats
instanceKlass sbt/internal/server/BuildServerProtocol$$$Lambda$2415
instanceKlass sbt/internal/langserver/codec/RangeFormats
instanceKlass sbt/internal/server/BuildServerProtocol$$$Lambda$2414
instanceKlass sbt/internal/server/BuildServerProtocol$$$Lambda$2413
instanceKlass sbt/internal/langserver/codec/PositionFormats
instanceKlass sbt/InputTask$$$Lambda$2410
instanceKlass sbt/internal/CrossJava$$$Lambda$2409
instanceKlass sbt/internal/server/BuildServerProtocol$$$Lambda$2407
instanceKlass sbt/std/FullInstance$$$Lambda$2408
instanceKlass sbt/internal/server/BuildServerProtocol$$$Lambda$2406
instanceKlass sbt/librarymanagement/MakePomConfigurationFunctions$$Lambda$2405
instanceKlass sbt/internal/server/BuildServerProtocol$$$Lambda$2404
instanceKlass sbt/librarymanagement/MakePomConfigurationFunctions$$Lambda$2403
instanceKlass sbt/internal/server/BuildServerProtocol$$$Lambda$2402
instanceKlass sbt/librarymanagement/MakePomConfigurationFunctions
instanceKlass sbt/internal/server/BuildServerProtocol$$$Lambda$2401
instanceKlass sbt/internal/CrossJava$$$Lambda$2393
instanceKlass sbt/internal/server/BuildServerProtocol$$$Lambda$2399
instanceKlass scala/collection/IterableViewLike$Transformed
instanceKlass sbt/Defaults$$$Lambda$2381
instanceKlass sbt/internal/server/BuildServerProtocol$$$Lambda$2397
instanceKlass scala/collection/SeqLike$$Lambda$2396
instanceKlass sbt/internal/server/LanguageServerProtocol$
instanceKlass sbt/internal/server/BuildServerProtocol$$$Lambda$2394
instanceKlass scala/collection/SeqLike$$Lambda$2392
instanceKlass sbt/internal/server/BuildServerProtocol$$$Lambda$2391
instanceKlass sbt/internal/CrossJava$$$Lambda$2389
instanceKlass sbt/internal/CrossJava$$$Lambda$2388
instanceKlass sbt/plugins/SemanticdbPlugin$$$Lambda$2387
instanceKlass sbt/DependsOn
instanceKlass sbt/internal/server/BuildServerProtocol$$$Lambda$2386
instanceKlass sbt/plugins/SemanticdbPlugin$$$Lambda$2385
instanceKlass sbt/internal/server/BuildServerProtocol$$$Lambda$2384
instanceKlass sbt/Defaults$$$Lambda$2383
instanceKlass sbt/internal/server/BuildServerProtocol$$$Lambda$2382
instanceKlass sbt/Defaults$$$Lambda$2380
instanceKlass sun/nio/fs/WindowsFileSystem$2
instanceKlass java/nio/file/PathMatcher
instanceKlass scala/collection/TraversableViewLike$Transformed
instanceKlass scala/runtime/Tuple3Zipped$$Lambda$2379
instanceKlass sun/nio/fs/Globs
instanceKlass sbt/nio/Settings$$$Lambda$2378
instanceKlass sbt/nio/file/RelativeGlob$GlobMatcher
instanceKlass sbt/internal/LintUnused$$$Lambda$2377
instanceKlass scala/math/Ordering$$anon$4
instanceKlass scala/runtime/Tuple3Zipped$
instanceKlass sbt/internal/CrossJava$$$Lambda$2376
instanceKlass sbt/internal/nio/Globs$
instanceKlass scala/runtime/ZippedTraversable3$$anon$1$$Lambda$2375
instanceKlass sbt/internal/CrossJava$JavaDiscoverConfig$WindowsDiscoverConfig$$Lambda$2374
instanceKlass sbt/internal/server/BuildServerProtocol$$$Lambda$2363
instanceKlass sbt/Defaults$$$Lambda$2372
instanceKlass sbt/internal/CrossJava$JavaDiscoverConfig$WindowsDiscoverConfig$$Lambda$2371
instanceKlass scala/collection/SeqLike$$anon$2
instanceKlass sbt/std/TaskExtra$$Lambda$2370
instanceKlass scala/collection/package$WrappedCanBuildFrom
instanceKlass sbt/Scoped$DefinableTask$$Lambda$2369
instanceKlass sbt/JavaVersion$$Lambda$2368
instanceKlass sbt/librarymanagement/ModuleIDFunctions$$Lambda$2367
instanceKlass sbt/JavaVersion$$Lambda$2366
instanceKlass sbt/Defaults$$$Lambda$2364
instanceKlass sbt/librarymanagement/ModuleIDFunctions$$Lambda$2362
instanceKlass scala/collection/TraversableLike$WithFilter$$Lambda$2361
instanceKlass sbt/JavaVersion
instanceKlass sbt/Previous$$$Lambda$2360
instanceKlass sbt/internal/server/BuildServerProtocol$$$Lambda$2358
instanceKlass sbt/internal/server/BuildServerProtocol$$$Lambda$2357
instanceKlass sbt/Previous$Referenced
instanceKlass sbt/nio/file/RelativeGlob$RelativeGlobImpl
instanceKlass scala/runtime/Tuple3Zipped$Ops$
instanceKlass sbt/Previous$Key
instanceKlass scala/runtime/Tuple3Zipped
instanceKlass sbt/internal/CrossJava$$$Lambda$2356
instanceKlass sbt/internal/CrossJava$$$Lambda$2353
instanceKlass sbt/Previous$Key$
instanceKlass scala/runtime/ZippedTraversable3$
instanceKlass sbt/internal/LintUnused$$$Lambda$2355
instanceKlass sbt/internal/inc/TimeWrapBinaryStamps$$Lambda$2354
instanceKlass sbt/internal/inc/TimeWrapBinaryStamps$$Lambda$2352
instanceKlass sbt/internal/CrossJava$$$Lambda$2351
instanceKlass sbt/ScopeFilter$SettingKeyAll$$Lambda$2350
instanceKlass sbt/internal/CrossJava$$$Lambda$2349
instanceKlass sbt/internal/inc/TimeWrapBinaryStamps
instanceKlass sbt/JavaVersion$
instanceKlass sbt/ScopeFilter$$$Lambda$2348
instanceKlass sbt/internal/LogManager$$$Lambda$2347
instanceKlass sbt/ScopeFilter$Make$$Lambda$2346
instanceKlass sbt/Defaults$$$Lambda$2345
instanceKlass scala/collection/convert/DecorateAsJava$$Lambda$2344
instanceKlass sbt/ScopeFilter$Make$$Lambda$2343
instanceKlass sbt/internal/CrossJava$JavaDiscoverConfig$JavaHomeDir$
instanceKlass scala/collection/convert/Decorators$AsJava
instanceKlass sbt/nio/file/Glob$$$Lambda$2341
instanceKlass sbt/ScopeFilter$Base$$anon$8$$Lambda$2340
instanceKlass sbt/internal/CrossJava$JavaDiscoverConfig$JavaHomeDiscoverConfig$$Lambda$2339
instanceKlass sbt/nio/file/RelativeGlob$Matcher$$anon$1
instanceKlass sbt/internal/CrossJava$JavaDiscoverConfig$JavaHomeDiscoverConfig$$Lambda$2337
instanceKlass sbt/Defaults$$$Lambda$2338
instanceKlass sbt/plugins/SemanticdbPlugin$$$Lambda$2336
instanceKlass sbt/nio/file/RelativeGlob$Matcher$
instanceKlass sbt/internal/BackgroundThreadPool$$anon$3
instanceKlass sbt/Defaults$$$Lambda$2335
instanceKlass sbt/nio/file/RelativeGlob$$$Lambda$2333
instanceKlass sbt/internal/inc/VirtualFileUtil$$$Lambda$2334
instanceKlass scala/math/Ordering$$anon$5
instanceKlass sbt/Defaults$$$Lambda$2332
instanceKlass sbt/nio/file/AnyPath$
instanceKlass sbt/internal/BackgroundJob
instanceKlass sbt/Defaults$$$Lambda$2331
instanceKlass sbt/internal/inc/VirtualFileUtil$$$Lambda$2330
instanceKlass sbt/Defaults$$anon$5
instanceKlass sbt/internal/CrossJava$JavaDiscoverConfig$SdkmanDiscoverConfig$$Lambda$2329
instanceKlass sbt/nio/file/RelativeGlob$
instanceKlass sbt/internal/inc/VirtualFileUtil$
instanceKlass sbt/nio/file/RelativeGlob$$Lambda$2328
instanceKlass sbt/internal/LintUnused$$$Lambda$2326
instanceKlass sbt/nio/file/Glob$GlobOps$$$Lambda$2327
instanceKlass sbt/internal/LintUnused$$$Lambda$2324
instanceKlass sbt/nio/file/Glob$GlobOps$$$Lambda$2325
instanceKlass sbt/nio/file/RelativeGlob$PathComponent
instanceKlass sbt/internal/LintUnused$$$Lambda$2323
instanceKlass sbt/internal/BackgroundThreadPool
instanceKlass sbt/internal/LintUnused$$$Lambda$2322
instanceKlass scala/collection/generic/SortedMapFactory
instanceKlass sbt/Defaults$$$Lambda$2321
instanceKlass sbt/Defaults$$$Lambda$2320
instanceKlass sbt/internal/CrossJava$$$Lambda$2317
instanceKlass sbt/nio/file/RelativeGlob$$Lambda$2319
instanceKlass sbt/Defaults$$$Lambda$2318
instanceKlass sbt/nio/file/Glob$Pattern
instanceKlass sbt/Defaults$$$Lambda$2316
instanceKlass sbt/internal/CrossJava$JavaDiscoverConfig$WindowsDiscoverConfig
instanceKlass sbt/nio/file/Glob$PathOps$
instanceKlass sbt/Defaults$$$Lambda$2315
instanceKlass sbt/internal/CrossJava$JavaDiscoverConfig$JavaHomeDiscoverConfig
instanceKlass sbt/internal/inc/UncachedStamps
instanceKlass sbt/nio/file/syntax/package$
instanceKlass sbt/nio/file/syntax0
instanceKlass sbt/nio/Keys$IgnoreSourceChanges$
instanceKlass sbt/internal/InstallSbtn$$$Lambda$2314
instanceKlass sbt/nio/file/RecursiveGlob$
instanceKlass sbt/nio/file/RelativeGlob$SingleComponentMatcher
instanceKlass sbt/nio/file/RelativeGlob$Matcher
instanceKlass sbt/Tags$$$Lambda$2313
instanceKlass sbt/Classpaths$$$Lambda$2311
instanceKlass sbt/Tags$$$Lambda$2312
instanceKlass sbt/nio/file/Glob$FileOps$
instanceKlass sbt/internal/CrossJava$JavaDiscoverConfig$MacOsDiscoverConfig
instanceKlass sbt/internal/VirtualFileValueCache0
instanceKlass sbt/nio/file/Glob$Root$$Lambda$2310
instanceKlass xsbti/BasicVirtualFileRef
instanceKlass sbt/nio/file/Glob$Root
instanceKlass xsbti/PathBasedFile
instanceKlass sbt/internal/InternalDependencies$$$Lambda$2309
instanceKlass sbt/internal/InternalDependencies$$$Lambda$2308
instanceKlass sbt/internal/ClasspathImpl$$$Lambda$2307
instanceKlass sbt/internal/inc/Stamper$$$Lambda$2306
instanceKlass sbt/internal/server/BuildServerProtocol$$$Lambda$2305
instanceKlass sbt/internal/VirtualFileValueCache$$$Lambda$2304
instanceKlass sbt/internal/server/BuildServerProtocol$$$Lambda$2303
instanceKlass sbt/nio/file/Glob$GlobOps$
instanceKlass sbt/internal/server/BuildServerProtocol$$$Lambda$2302
instanceKlass sbt/internal/inc/Stamper$$$Lambda$2301
instanceKlass sbt/internal/inc/Stamps
instanceKlass sbt/internal/inc/Stamper$$$Lambda$2300
instanceKlass sbt/internal/inc/MappedVirtualFile$
instanceKlass sbt/internal/inc/Stamper$$$Lambda$2299
instanceKlass sbt/nio/file/Glob$$$Lambda$2298
instanceKlass sbt/internal/inc/Stamper$$$Lambda$2297
instanceKlass sbt/internal/CrossJava$JavaDiscoverConfig$LinuxDiscoverConfig
instanceKlass sbt/nio/file/Glob$$$Lambda$2296
instanceKlass xsbti/compile/analysis/Stamp
instanceKlass sbt/internal/CrossJava$JavaDiscoverConfig$SdkmanDiscoverConfig
instanceKlass sbt/internal/inc/Stamper$
instanceKlass sbt/nio/file/Glob$
instanceKlass sbt/internal/CrossJava$JavaDiscoverConfig$JabbaDiscoverConfig
instanceKlass sbt/internal/CrossJava$JavaDiscoverConf
instanceKlass sbt/internal/VirtualFileValueCache$$$Lambda$2295
instanceKlass sbt/internal/CrossJava$JavaDiscoverConfig$
instanceKlass sbt/internal/VirtualFileValueCache$
instanceKlass sbt/internal/inc/Stamps$
instanceKlass sbt/internal/server/BuildServerProtocol$$$Lambda$2294
instanceKlass sbt/internal/server/BuildServerProtocol$$$Lambda$2293
instanceKlass sbt/internal/server/BuildServerProtocol$$$Lambda$2292
instanceKlass sbt/internal/server/BuildServerProtocol$$$Lambda$2291
instanceKlass sbt/Classpaths$$$Lambda$2290
instanceKlass sbt/ClassLoaderLayeringStrategy$ScalaLibrary$
instanceKlass sbt/ClassLoaderLayeringStrategy$ScalaLibrary
instanceKlass sbt/Classpaths$$$Lambda$2289
instanceKlass sbt/Classpaths$$$Lambda$2288
instanceKlass sbt/Defaults$$$Lambda$2286
instanceKlass sbt/Defaults$$$Lambda$2285
instanceKlass sbt/internal/inc/MappedFileConverter$$Lambda$2284
instanceKlass sbt/InputTask$$Lambda$2283
instanceKlass sbt/internal/Load$$$Lambda$2282
instanceKlass sbt/std/ParserInstance$$$Lambda$2281
instanceKlass sbt/internal/DeprecatedContinuous$$$Lambda$2280
instanceKlass sbt/BuildCommon$$Lambda$2279
instanceKlass sbt/librarymanagement/EvictionWarningOptions$
instanceKlass sbt/Defaults$$$Lambda$2278
instanceKlass sbt/Task$$Lambda$2277
instanceKlass sbt/Classpaths$$$Lambda$2276
instanceKlass sbt/internal/Continuous$$$Lambda$2275
instanceKlass sbt/Task$$Lambda$2274
instanceKlass sbt/internal/Continuous$$$Lambda$2273
instanceKlass sbt/Task$$Lambda$2272
instanceKlass sbt/std/ParserInstance$$anon$1
instanceKlass sbt/Task$$Lambda$2271
instanceKlass sbt/internal/util/Classes$Applicative
instanceKlass sbt/std/ParserInstance$
instanceKlass sbt/plugins/SemanticdbPlugin$$$Lambda$2269
instanceKlass sbt/Selected
instanceKlass sbt/internal/inc/MappedFileConverter$$Lambda$2270
instanceKlass sbt/librarymanagement/ModuleInfo$
instanceKlass sbt/ScopeFilter$SettingKeyAll$$Lambda$2268
instanceKlass sbt/internal/inc/MappedFileConverter$
instanceKlass sbt/plugins/SemanticdbPlugin$$$Lambda$2267
instanceKlass sbt/plugins/SemanticdbPlugin$$$Lambda$2266
instanceKlass sbt/ScopeFilter$SettingKeyAll
instanceKlass sbt/Defaults$$$Lambda$2265
instanceKlass sbt/Defaults$$$Lambda$2264
instanceKlass sbt/Defaults$$$Lambda$2263
instanceKlass sbt/librarymanagement/ConfigRefFunctions
instanceKlass sbt/Defaults$$$Lambda$2261
instanceKlass sbt/librarymanagement/DependencyBuilders$OrganizationArtifactName
instanceKlass sbt/librarymanagement/DependencyBuilders$Organization
instanceKlass sbt/internal/librarymanagement/StringUtilities$$$Lambda$2260
instanceKlass sbt/librarymanagement/SbtArtifacts$
instanceKlass sbt/internal/librarymanagement/StringUtilities$
instanceKlass sbt/Scoped$DefinableSetting$$Lambda$2259
instanceKlass sbt/internal/util/EvaluateSettings$BindNode$$Lambda$2258
instanceKlass sbt/librarymanagement/ScalaModuleInfo$
instanceKlass sbt/librarymanagement/CrossVersionFunctions$$Lambda$2257
instanceKlass sbt/internal/util/EvaluateSettings$$Lambda$2256
instanceKlass sbt/internal/librarymanagement/cross/CrossVersionUtil$$$Lambda$2255
instanceKlass sbt/librarymanagement/LogicalClock$$anon$1
instanceKlass sbt/librarymanagement/Patch$
instanceKlass sbt/std/TaskExtra$$anon$3$$Lambda$2254
instanceKlass sbt/librarymanagement/LogicalClock
instanceKlass sbt/librarymanagement/Full$
instanceKlass sbt/librarymanagement/LogicalClock$
instanceKlass sbt/Join
instanceKlass sbt/librarymanagement/Constant$
instanceKlass sbt/librarymanagement/Binary$
instanceKlass sbt/std/TaskExtra$$anon$3
instanceKlass sbt/librarymanagement/UpdateConfiguration$
instanceKlass sbt/librarymanagement/CrossVersionFunctions
instanceKlass sbt/FlatMapped
instanceKlass sbt/std/FullInstance$$$Lambda$2252
instanceKlass sbt/librarymanagement/ResolverFunctions$$Lambda$2251
instanceKlass sbt/internal/util/EvaluateSettings$INode$$Lambda$2250
instanceKlass sbt/coursierint/LMCoursier$$$Lambda$2249
instanceKlass sbt/librarymanagement/ResolverFunctions$$Lambda$2248
instanceKlass sbt/ScopeFilter$TaskKeyAll$$Lambda$2247
instanceKlass sbt/coursierint/LMCoursier$$$Lambda$2246
instanceKlass sbt/librarymanagement/ResolverFunctions$$Lambda$2244
instanceKlass sbt/coursierint/LMCoursier$$$Lambda$2245
instanceKlass scala/collection/TraversableLike$WithFilter$$Lambda$2243
instanceKlass sbt/coursierint/LMCoursier$$$Lambda$2242
instanceKlass sbt/Classpaths$$$Lambda$2240
instanceKlass sbt/ScopeFilter$TaskKeyAll$$Lambda$2241
instanceKlass sbt/coursierint/LMCoursier$$$Lambda$2239
instanceKlass scala/collection/mutable/HashMap$$Lambda$2238
instanceKlass sbt/ScopeFilter$$anon$2$$Lambda$2237
instanceKlass sbt/Classpaths$$$Lambda$2234
instanceKlass sbt/internal/BuildDependencies$$$Lambda$2236
instanceKlass sbt/ScopeFilter$$anon$5$$Lambda$2235
instanceKlass sbt/ScopeFilter$$anon$6$$Lambda$2233
instanceKlass sbt/coursierint/LMCoursier$$$Lambda$2232
instanceKlass sbt/ScopeFilter$$$Lambda$2229
instanceKlass xsbt/boot/Launch$$Lambda$2231
instanceKlass sbt/internal/BuildDependencies$
instanceKlass sbt/std/TaskExtra$$$Lambda$2228
instanceKlass sbt/ScopeFilter$$$Lambda$2227
instanceKlass sbt/std/TaskExtra$$anon$4
instanceKlass sbt/Project$$$Lambda$2226
instanceKlass sbt/coursierint/LMCoursier$$$Lambda$2225
instanceKlass sbt/internal/BuildUtil$$$Lambda$2224
instanceKlass sbt/Scoped$RichInitialize$$Lambda$2223
instanceKlass sbt/ScopeFilter$$$Lambda$2222
instanceKlass sbt/internal/BuildUtil$$$Lambda$2220
instanceKlass sbt/std/TaskExtra$$Lambda$2221
instanceKlass sbt/internal/util/Terminal$ConsoleTerminal$$Lambda$2219
instanceKlass sbt/internal/util/Terminal$ConsoleTerminal$$Lambda$2218
instanceKlass sbt/Mapped
instanceKlass sbt/internal/util/Terminal$Props
instanceKlass sbt/Reference$$anonfun$3
instanceKlass sbt/ScopeFilter$$$Lambda$2216
instanceKlass sbt/librarymanagement/ConflictManagerFunctions
instanceKlass sbt/internal/util/BasicAttributeMap$$Lambda$2214
instanceKlass sbt/Reference$$anonfun$2
instanceKlass sbt/std/TaskExtra$$$Lambda$2211
instanceKlass sbt/std/TaskExtra$$$Lambda$2209
instanceKlass sbt/Reference$$anonfun$1
instanceKlass sbt/internal/util/AttributeEntry
instanceKlass sbt/internal/bsp/BuildTargetIdentifier$
instanceKlass sbt/Reference$
instanceKlass sbt/Scoped$DefinableTask$$Lambda$2208
instanceKlass sbt/std/TaskExtra$$anon$5
instanceKlass sbt/internal/util/EvaluateSettings$INode$$Lambda$2206
instanceKlass sbt/internal/util/EvaluateSettings$INode$$Lambda$2201
instanceKlass sbt/internal/util/EvaluateSettings$INode$$Lambda$2197
instanceKlass sbt/internal/util/EvaluateSettings$INode$$Lambda$2196
instanceKlass sbt/internal/util/EvaluateSettings$INode$$Lambda$2190
instanceKlass sbt/internal/util/EvaluateSettings$INode$$Lambda$2187
instanceKlass sbt/Def$$$Lambda$2188
instanceKlass sbt/internal/util/EvaluateSettings$$anon$3
instanceKlass sbt/internal/util/EvaluateSettings$$Lambda$2184
instanceKlass sbt/internal/util/EvaluateSettings$INode$$Lambda$2183
instanceKlass sbt/internal/util/EvaluateSettings$INode$$Lambda$2182
instanceKlass sbt/internal/util/EvaluateSettings$INode$$Lambda$2181
instanceKlass sbt/internal/util/EvaluateSettings$$Lambda$2180
instanceKlass sbt/internal/util/EvaluateSettings$$anon$1$$Lambda$2179
instanceKlass sbt/internal/util/EvaluateSettings$$Lambda$2178
instanceKlass sbt/internal/util/EvaluateSettings$$anon$1$$Lambda$2177
instanceKlass sbt/internal/util/EvaluateSettings$$anon$1$$Lambda$2176
instanceKlass sbt/internal/util/EvaluateSettings$$Lambda$2175
instanceKlass sbt/internal/util/DelegatingPMap$$Lambda$2174
instanceKlass sbt/internal/util/EvaluateSettings$$Lambda$2173
instanceKlass sbt/internal/util/EvaluateSettings$$Lambda$2172
instanceKlass sbt/internal/util/EvaluateSettings$$Lambda$2171
instanceKlass sbt/internal/util/EvaluateSettings$$Lambda$2170
instanceKlass sbt/internal/util/EvaluateSettings$$anon$2
instanceKlass sbt/internal/util/EvaluateSettings$$anon$1
instanceKlass sbt/internal/util/EvaluateSettings$$Lambda$2169
instanceKlass sbt/internal/util/PMap
instanceKlass sbt/internal/util/PMap$
instanceKlass sbt/internal/util/EvaluateSettings$INode
instanceKlass scala/collection/immutable/HashMap$HashMapValues$$Lambda$2168
instanceKlass sbt/internal/util/Init$$Lambda$2167
instanceKlass sbt/internal/util/Init$Compiled
instanceKlass sbt/internal/util/Init$$Lambda$2165
instanceKlass sbt/internal/util/Init$$Lambda$2164
instanceKlass scala/reflect/ClassManifestDeprecatedApis$$Lambda$2163
instanceKlass sbt/internal/util/Init$Bind$$Lambda$2162
instanceKlass sbt/internal/util/Init$Bind$$Lambda$2160
instanceKlass sbt/internal/util/Init$$anon$9
instanceKlass scala/util/Either$RightProjection
instanceKlass sbt/internal/util/Init$Apply$$anon$14
instanceKlass sbt/internal/util/Init$Apply$$Lambda$2156
instanceKlass sbt/internal/util/Init$$Lambda$2146
instanceKlass sbt/internal/util/Init$Undefined
instanceKlass java/lang/invoke/LambdaForm$MH
instanceKlass sbt/internal/util/Init$$Lambda$2142
instanceKlass sbt/internal/util/Init$$Lambda$2141
instanceKlass sbt/internal/util/Init$Setting$$Lambda$2139
instanceKlass sbt/internal/util/Init$$Lambda$2137
instanceKlass sbt/internal/util/Init$$anon$10
instanceKlass scala/collection/parallel/ParIterableLike$Foreach
instanceKlass sbt/internal/util/Init$$Lambda$2134
instanceKlass sbt/internal/util/WrappedMap
instanceKlass sbt/internal/util/Init$$Lambda$2133
instanceKlass sbt/internal/util/Init$$Lambda$2132
instanceKlass sbt/internal/util/Init$$Lambda$2131
instanceKlass java/lang/invoke/LambdaForm$BMH
instanceKlass sbt/Scope$$$Lambda$2130
instanceKlass sbt/Scope$$$Lambda$2129
instanceKlass sbt/Scope$$$Lambda$2128
instanceKlass sbt/Scope$$$Lambda$2127
instanceKlass sbt/internal/util/Init$$Lambda$2126
instanceKlass sbt/internal/util/Init$$Lambda$2125
instanceKlass sbt/internal/util/Init$$Lambda$2124
instanceKlass sbt/internal/util/Init$$anonfun$localAndDerived$1$1$$Lambda$2123
instanceKlass sbt/internal/util/Init$$anonfun$localAndDerived$1$1$$Lambda$2122
instanceKlass sbt/internal/util/Init$$anon$5
instanceKlass sbt/internal/util/Init$$Lambda$2121
instanceKlass sbt/internal/util/Init$$Lambda$2120
instanceKlass sbt/internal/util/Init$$Lambda$2119
instanceKlass sbt/internal/util/Init$$Lambda$2118
instanceKlass sbt/internal/util/Init$$Lambda$2117
instanceKlass sbt/internal/util/Init$$Lambda$2116
instanceKlass sbt/internal/util/Init$$Lambda$2115
instanceKlass sbt/internal/util/Init$$Lambda$2114
instanceKlass sbt/internal/util/Init$Deriveds$1
instanceKlass sbt/internal/util/Init$$Lambda$2113
instanceKlass sbt/nio/Settings$$$Lambda$2112
instanceKlass sbt/nio/Settings$$$Lambda$2111
instanceKlass sbt/EvaluateTask$$$Lambda$2106
instanceKlass sbt/EvaluateTask$$$Lambda$2102
instanceKlass sbt/std/ManagedStreams
instanceKlass sbt/internal/util/AList$$anon$2$$Lambda$2101
instanceKlass scala/collection/parallel/AdaptiveWorkStealingTasks$WrappedTask$$Lambda$2100
instanceKlass scala/collection/parallel/AdaptiveWorkStealingForkJoinTasks$WrappedTask$$Lambda$2099
instanceKlass scala/collection/parallel/ParIterableLike$Accessor$$Lambda$2098
instanceKlass scala/collection/parallel/SeqSplitter$$Lambda$2097
instanceKlass scala/collection/parallel/immutable/ParVector$ParVectorIterator$$Lambda$2096
instanceKlass scala/collection/parallel/immutable/ParVector$ParVectorIterator$$Lambda$2095
instanceKlass scala/runtime/java8/JFunction1$mcVI$sp
instanceKlass java/lang/invoke/LambdaForm$DMH
instanceKlass scala/collection/parallel/Task$$Lambda$2094
instanceKlass scala/util/control/Breaks$$anon$1
instanceKlass scala/collection/parallel/Task$$Lambda$2093
instanceKlass java/util/concurrent/ForkJoinPool$ManagedBlocker
instanceKlass scala/collection/parallel/ParIterableLike$$Lambda$2092
instanceKlass scala/collection/parallel/ParIterableLike$ResultMapping
instanceKlass scala/collection/parallel/ParIterableLike$Composite
instanceKlass scala/collection/parallel/ParIterableLike$$anon$1
instanceKlass scala/collection/generic/DefaultSignalling
instanceKlass scala/collection/generic/VolatileAbort
instanceKlass scala/collection/parallel/IterableSplitter$ZippedAll
instanceKlass scala/collection/parallel/IterableSplitter$Zipped
instanceKlass scala/collection/parallel/IterableSplitter$Mapped
instanceKlass scala/collection/parallel/IterableSplitter$Taken
instanceKlass scala/collection/parallel/ParIterableLike$$anon$16
instanceKlass scala/collection/parallel/ParIterableLike$$Lambda$2091
instanceKlass scala/collection/parallel/ParIterableLike$Map
instanceKlass scala/collection/parallel/ParIterableLike$Transformer
instanceKlass scala/collection/parallel/ParIterableLike$Accessor
instanceKlass scala/collection/parallel/ParIterableLike$BuilderOps$Otherwise
instanceKlass scala/collection/parallel/ParIterableLike$$anon$7
instanceKlass sbt/internal/util/Init$$Lambda$2090
instanceKlass scala/collection/parallel/SeqSplitter
instanceKlass scala/collection/parallel/AugmentedSeqIterator
instanceKlass scala/collection/parallel/PreciseSplitter
instanceKlass scala/collection/parallel/ParIterableLike$BuilderOps
instanceKlass scala/collection/parallel/ParIterableLike$TaskOps
instanceKlass scala/collection/parallel/CombinerFactory
instanceKlass scala/collection/parallel/ParIterableLike$SignallingOps
instanceKlass scala/collection/parallel/IterableSplitter
instanceKlass scala/collection/parallel/AugmentedIterableIterator
instanceKlass scala/collection/parallel/RemainsIterator
instanceKlass scala/collection/generic/AtomicIndexFlag
instanceKlass scala/collection/parallel/ParIterableLike$NonDivisible
instanceKlass scala/collection/parallel/ParIterableLike$NonDivisibleTask
instanceKlass scala/collection/generic/DelegatedSignalling
instanceKlass scala/collection/generic/Signalling
instanceKlass scala/collection/parallel/Splitter
instanceKlass scala/collection/parallel/ParIterableLike$StrictSplitterCheckTask
instanceKlass scala/collection/parallel/Task
instanceKlass scala/collection/parallel/immutable/ParVector
instanceKlass scala/collection/parallel/immutable/ParSeq
instanceKlass scala/collection/parallel/immutable/ParIterable
instanceKlass scala/collection/parallel/ParSeq
instanceKlass scala/collection/parallel/ParSeqLike
instanceKlass scala/collection/parallel/ParIterable
instanceKlass scala/collection/parallel/ParIterableLike
instanceKlass scala/collection/generic/GenericParTemplate
instanceKlass scala/collection/generic/HasNewCombiner
instanceKlass scala/collection/parallel/immutable/LazyParVectorCombiner$$Lambda$2089
instanceKlass scala/collection/Parallelizable$$Lambda$2088
instanceKlass scala/collection/parallel/AdaptiveWorkStealingTasks$WrappedTask
instanceKlass scala/collection/parallel/ForkJoinTasks$WrappedTask
instanceKlass scala/collection/parallel/Tasks$WrappedTask
instanceKlass scala/collection/parallel/ForkJoinTaskSupport
instanceKlass scala/collection/parallel/AdaptiveWorkStealingForkJoinTasks
instanceKlass scala/collection/parallel/AdaptiveWorkStealingTasks
instanceKlass scala/collection/parallel/ForkJoinTasks
instanceKlass scala/collection/parallel/HavingForkJoinPool
instanceKlass java/util/concurrent/ForkJoinPool$1
instanceKlass java/util/concurrent/ForkJoinPool$DefaultForkJoinWorkerThreadFactory
instanceKlass java/util/concurrent/ForkJoinTask
instanceKlass java/util/concurrent/ForkJoinPool$WorkQueue
instanceKlass scala/concurrent/BlockContext
instanceKlass scala/concurrent/impl/ExecutionContextImpl$DefaultThreadFactory
instanceKlass scala/concurrent/impl/ExecutionContextImpl$$anon$3
instanceKlass scala/concurrent/ExecutionContext$$$Lambda$2087
instanceKlass scala/concurrent/impl/ExecutionContextImpl
instanceKlass java/util/concurrent/ForkJoinPool$ForkJoinWorkerThreadFactory
instanceKlass scala/concurrent/impl/ExecutionContextImpl$
instanceKlass scala/concurrent/ExecutionContext$Implicits$
instanceKlass scala/concurrent/ExecutionContextExecutorService
instanceKlass scala/concurrent/ExecutionContextExecutor
instanceKlass scala/concurrent/ExecutionContext$
instanceKlass scala/collection/parallel/ExecutionContextTaskSupport$
instanceKlass scala/collection/parallel/ExecutionContextTaskSupport
instanceKlass scala/collection/parallel/ExecutionContextTasks
instanceKlass scala/collection/parallel/TaskSupport
instanceKlass scala/collection/parallel/Tasks
instanceKlass scala/collection/parallel/package$
instanceKlass scala/collection/parallel/immutable/LazyParVectorCombiner
instanceKlass scala/collection/parallel/Combiner
instanceKlass scala/collection/generic/Sizing
instanceKlass scala/collection/generic/CanCombineFrom
instanceKlass scala/collection/generic/GenericParCompanion
instanceKlass sbt/internal/util/Par$
instanceKlass sbt/internal/util/Init$Derived$1$$Lambda$2086
instanceKlass sbt/internal/util/Init$Derived$1
instanceKlass sbt/internal/util/Init$$Lambda$2085
instanceKlass sbt/internal/util/Init$$Lambda$2084
instanceKlass sbt/internal/util/Init$$Lambda$2083
instanceKlass sbt/Def$$$Lambda$2082
instanceKlass sbt/internal/Load$$$Lambda$2081
instanceKlass sbt/Scope$$$Lambda$2080
instanceKlass sbt/DelegateIndex0
instanceKlass sbt/ProjectDelegates
instanceKlass sbt/internal/Load$$$Lambda$2079
instanceKlass sbt/internal/Load$$$Lambda$2078
instanceKlass sbt/internal/Load$$$Lambda$2077
instanceKlass sbt/Scope$$$Lambda$2076
instanceKlass sbt/Scope$$$Lambda$2075
instanceKlass sbt/Scope$$$Lambda$2074
instanceKlass sbt/Scope$$$Lambda$2073
instanceKlass sbt/internal/Load$$$Lambda$2072
instanceKlass sbt/internal/util/Dag$$$Lambda$2071
instanceKlass sbt/internal/Load$$$Lambda$2070
instanceKlass sbt/Scope$$$Lambda$2069
instanceKlass sbt/internal/Load$$$Lambda$2068
instanceKlass sbt/internal/Load$$$Lambda$2067
instanceKlass sbt/internal/Load$$$Lambda$2066
instanceKlass sbt/internal/Load$$$Lambda$2065
instanceKlass sbt/internal/Load$$$Lambda$2064
instanceKlass sbt/internal/LoadedBuild$$Lambda$2063
instanceKlass sbt/internal/LoadedBuild$$Lambda$2062
instanceKlass sbt/internal/Load$$$Lambda$2061
instanceKlass sbt/internal/util/Init$Keyed$$Lambda$2060
instanceKlass sbt/internal/util/Init$Bind$$Lambda$2059
instanceKlass sbt/internal/util/Init$$anon$12
instanceKlass sbt/internal/Load$$$Lambda$2058
instanceKlass sbt/internal/Load$$anon$1
instanceKlass sbt/internal/Load$$anon$2
instanceKlass sbt/internal/Load$$$Lambda$2057
instanceKlass sbt/nio/Settings$$$Lambda$2056
instanceKlass sbt/nio/Settings$$$Lambda$2055
instanceKlass sbt/internal/Clean$$$Lambda$2054
instanceKlass sbt/internal/Clean$
instanceKlass sbt/nio/Settings$$$Lambda$2053
instanceKlass sbt/nio/Settings$$$Lambda$2052
instanceKlass sbt/nio/Settings$$$Lambda$2051
instanceKlass sbt/Previous$$$Lambda$2050
instanceKlass sbt/internal/util/Init$ValidationCapture
instanceKlass sbt/internal/Clean$ToSeqPath$$$Lambda$2049
instanceKlass sbt/internal/Clean$ToSeqPath$$$Lambda$2048
instanceKlass sbt/internal/Clean$ToSeqPath$$$Lambda$2047
instanceKlass sbt/internal/Clean$ToSeqPath$$$Lambda$2046
instanceKlass sbt/internal/Clean$ToSeqPath
instanceKlass sbt/internal/Clean$ToSeqPath$
instanceKlass sbt/nio/FileStamp$Formats$$anon$7
instanceKlass sbt/nio/FileStamp$Formats$$anon$6
instanceKlass sbt/nio/FileStamp$Formats$$anon$5
instanceKlass sbt/nio/FileStamp$Formats$$anon$4
instanceKlass sbt/nio/FileStamp$Formats$$anon$3
instanceKlass sbt/nio/FileStamp$Formats$$anon$2
instanceKlass sbt/nio/FileStamp$Formats$$anon$1
instanceKlass sbt/nio/FileStamp$Formats$
instanceKlass sbt/nio/Settings$$$Lambda$2045
instanceKlass sbt/nio/Settings$$$Lambda$2044
instanceKlass sbt/nio/Settings$$$Lambda$2043
instanceKlass sbt/internal/util/Init$Setting$$Lambda$2042
instanceKlass sbt/nio/Settings$$$Lambda$2041
instanceKlass sbt/nio/Settings$$$Lambda$2040
instanceKlass sbt/nio/Settings$$$Lambda$2039
instanceKlass sbt/nio/Settings$$$Lambda$2038
instanceKlass sbt/nio/Settings$$$Lambda$2037
instanceKlass sbt/ScopeAxis$$Lambda$2036
instanceKlass sbt/ScopeAxis$$Lambda$2035
instanceKlass sbt/ScopeAxis$$Lambda$2034
instanceKlass sbt/nio/Settings$$$Lambda$2033
instanceKlass sbt/nio/Settings$$$Lambda$2032
instanceKlass sbt/nio/Settings$
instanceKlass sbt/LocalProject
instanceKlass sbt/internal/Load$$$Lambda$2031
instanceKlass scala/collection/MapLike$MappedValues$$Lambda$2030
instanceKlass scala/collection/MapLike$MappedValues$$Lambda$2029
instanceKlass sbt/internal/Load$$$Lambda$2028
instanceKlass sbt/Defaults$$$Lambda$2027
instanceKlass sbt/Defaults$$$Lambda$2026
instanceKlass sbt/Defaults$$$Lambda$2025
instanceKlass sbt/Defaults$$$Lambda$2024
instanceKlass sbt/Defaults$$$Lambda$2023
instanceKlass sbt/Defaults$$$Lambda$2022
instanceKlass sbt/internal/inc/MappedFileConverter
instanceKlass sbt/Defaults$$$Lambda$2021
instanceKlass sbt/Defaults$$$Lambda$2020
instanceKlass sbt/Defaults$$$Lambda$2019
instanceKlass sbt/internal/GroupedAutoPlugins$$Lambda$2018
instanceKlass sbt/internal/GroupedAutoPlugins$$Lambda$2017
instanceKlass sbt/internal/Load$$$Lambda$2016
instanceKlass scala/collection/MapLike$$Lambda$2015
instanceKlass sbt/plugins/SemanticdbPlugin$$$Lambda$2014
instanceKlass sbt/plugins/SemanticdbPlugin$$$Lambda$2013
instanceKlass sbt/plugins/SemanticdbPlugin$$$Lambda$2012
instanceKlass sbt/plugins/SemanticdbPlugin$$$Lambda$2011
instanceKlass sbt/plugins/MiniDependencyTreePlugin$$$Lambda$2010
instanceKlass sbt/plugins/Giter8TemplatePlugin$$$Lambda$2009
instanceKlass scala/collection/immutable/Stream$$Lambda$2008
instanceKlass scala/collection/immutable/Stream$$Lambda$2007
instanceKlass scala/collection/immutable/Stream$$Lambda$2006
instanceKlass scala/collection/immutable/Stream$$Lambda$2005
instanceKlass scala/collection/immutable/Stream$$Lambda$2004
instanceKlass sbt/internal/GroupedAutoPlugins$$Lambda$2003
instanceKlass sbt/internal/GroupedAutoPlugins
instanceKlass scala/collection/immutable/Stream$$Lambda$2002
instanceKlass scala/collection/immutable/Stream$$Lambda$2001
instanceKlass scala/collection/immutable/Stream$ConsWrapper
instanceKlass scala/collection/immutable/Stream$$Lambda$2000
instanceKlass scala/collection/immutable/List$$Lambda$1999
instanceKlass scala/collection/Iterator$$Lambda$1998
instanceKlass sbt/internal/GroupedAutoPlugins$$$Lambda$1997
instanceKlass scala/collection/immutable/Stream$cons$
instanceKlass sbt/internal/GroupedAutoPlugins$$$Lambda$1996
instanceKlass sbt/internal/GroupedAutoPlugins$
instanceKlass sbt/internal/Load$$$Lambda$1995
instanceKlass sbt/internal/Load$$$Lambda$1994
instanceKlass sbt/Scope$$$Lambda$1993
instanceKlass sbt/internal/Load$$$Lambda$1992
instanceKlass sbt/internal/BuildUtil$$$Lambda$1991
instanceKlass sbt/internal/BuildUtil$$$Lambda$1990
instanceKlass sbt/internal/BuildUtil$$$Lambda$1989
instanceKlass sbt/internal/BuildUtil$$$Lambda$1988
instanceKlass sbt/internal/BuildUtil$$$Lambda$1987
instanceKlass sbt/Project$$Lambda$1986
instanceKlass sbt/ResolvedClasspathDependency
instanceKlass sbt/internal/Load$$$Lambda$1985
instanceKlass scala/collection/MapLike$MappedValues$$Lambda$1984
instanceKlass scala/collection/MapLike$MappedValues$$Lambda$1983
instanceKlass sbt/internal/BuildUtil$$$Lambda$1982
instanceKlass sbt/internal/BuildUtil$$$Lambda$1981
instanceKlass sbt/internal/BuildUtil$$$Lambda$1980
instanceKlass sbt/internal/BuildUtil$
instanceKlass sbt/internal/LoadedBuildUnit$$Lambda$1979
instanceKlass sbt/internal/LoadedBuildUnit
instanceKlass sbt/internal/Load$$$Lambda$1978
instanceKlass sbt/internal/Load$$$Lambda$1977
instanceKlass sbt/internal/Load$$$Lambda$1976
instanceKlass sbt/internal/Load$$$Lambda$1975
instanceKlass sbt/internal/Load$$$Lambda$1974
instanceKlass sbt/internal/Load$$$Lambda$1973
instanceKlass sbt/internal/Load$$$Lambda$1972
instanceKlass scala/math/LowPriorityOrderingImplicits$$anon$2
instanceKlass sbt/internal/PluginManagement$$$Lambda$1971
instanceKlass sbt/internal/PluginManagement$$$Lambda$1970
instanceKlass sbt/internal/Load$$$Lambda$1969
instanceKlass sbt/internal/Load$$$Lambda$1968
instanceKlass sbt/RootProject
instanceKlass sbt/internal/RemoteCache$$$Lambda$1967
instanceKlass sbt/internal/SysProp$$$Lambda$1966
instanceKlass sbt/internal/SysProp$$$Lambda$1965
instanceKlass sbt/internal/SysProp$$$Lambda$1964
instanceKlass sbt/internal/SysProp$$$Lambda$1963
instanceKlass sbt/internal/SysProp$$$Lambda$1962
instanceKlass sbt/internal/SysProp$$$Lambda$1961
instanceKlass sbt/internal/SysProp$$$Lambda$1960
instanceKlass sbt/internal/RemoteCache$$$Lambda$1959
instanceKlass sbt/internal/RemoteCache$$$Lambda$1958
instanceKlass sbt/internal/DefaultBackgroundJobService$$$Lambda$1957
instanceKlass sbt/internal/DefaultBackgroundJobService$$$Lambda$1956
instanceKlass sbt/internal/DefaultBackgroundJobService$
instanceKlass sbt/internal/LintUnused$$$Lambda$1955
instanceKlass sbt/internal/LintUnused$$$Lambda$1954
instanceKlass sbt/internal/LintUnused$$$Lambda$1953
instanceKlass sbt/internal/LintUnused$$$Lambda$1952
instanceKlass sbt/internal/LintUnused$$$Lambda$1951
instanceKlass sbt/internal/LintUnused$$$Lambda$1950
instanceKlass sbt/internal/LintUnused$$$Lambda$1949
instanceKlass sbt/internal/LintUnused$
instanceKlass sbt/Defaults$$$Lambda$1948
instanceKlass sbt/Defaults$$$Lambda$1947
instanceKlass sbt/internal/InstallSbtn$$$Lambda$1946
instanceKlass sbt/internal/InstallSbtn$
instanceKlass sbt/Defaults$$$Lambda$1945
instanceKlass sbt/Defaults$$$Lambda$1944
instanceKlass sbt/Defaults$$$Lambda$1943
instanceKlass sbt/Defaults$$$Lambda$1942
instanceKlass sbt/Defaults$$$Lambda$1941
instanceKlass sbt/Defaults$$$Lambda$1940
instanceKlass sbt/Defaults$$$Lambda$1939
instanceKlass sbt/Defaults$$$Lambda$1938
instanceKlass sbt/Defaults$$$Lambda$1937
instanceKlass sbt/Defaults$$$Lambda$1936
instanceKlass sbt/CommandLineUIService
instanceKlass sbt/internal/GCUtil$
instanceKlass sbt/Defaults$$$Lambda$1935
instanceKlass sbt/Defaults$$$Lambda$1934
instanceKlass sbt/Defaults$$$Lambda$1933
instanceKlass sbt/Defaults$$$Lambda$1932
instanceKlass sbt/Defaults$$$Lambda$1931
instanceKlass java/text/DigitList
instanceKlass java/text/FieldPosition
instanceKlass java/text/DateFormatSymbols
instanceKlass sun/util/locale/provider/CalendarDataUtility$CalendarWeekParameterGetter
instanceKlass sun/util/locale/provider/CalendarDataUtility
instanceKlass java/util/Calendar$Builder
instanceKlass java/text/AttributedCharacterIterator$Attribute
instanceKlass sbt/internal/Aggregation$
instanceKlass sbt/Defaults$$$Lambda$1930
instanceKlass sbt/internal/Continuous$$$Lambda$1929
instanceKlass java/nio/file/Files$3
instanceKlass java/nio/file/FileTreeWalker$Event
instanceKlass java/nio/file/FileTreeWalker$DirectoryNode
instanceKlass sbt/nio/file/FileTreeView$$$Lambda$1928
instanceKlass java/nio/file/FileTreeWalker
instanceKlass com/swoval/files/FileTreeViews$1
instanceKlass com/swoval/files/SimpleFileTreeView
instanceKlass com/swoval/runtime/NativeLoader$1
instanceKlass com/swoval/files/NioDirectoryLister
instanceKlass com/swoval/runtime/NativeLoader$2
instanceKlass sun/nio/fs/WindowsChannelFactory$2
instanceKlass java/util/RegularEnumSet$EnumSetIterator
instanceKlass sun/nio/fs/WindowsChannelFactory$Flags
instanceKlass sun/nio/fs/WindowsChannelFactory$1
instanceKlass sun/nio/fs/WindowsChannelFactory
instanceKlass java/nio/file/TempFileHelper
instanceKlass com/swoval/runtime/Platform
instanceKlass java/lang/ClassLoaderHelper
instanceKlass java/nio/file/FileVisitor
instanceKlass com/swoval/runtime/NativeLoader
instanceKlass com/swoval/files/NativeDirectoryLister
instanceKlass com/swoval/files/DirectoryListers
instanceKlass com/swoval/files/DirectoryView
instanceKlass com/swoval/files/FileTreeDataViews$Converter
instanceKlass com/swoval/files/FileTreeView
instanceKlass com/swoval/files/DirectoryLister
instanceKlass com/swoval/files/FileTreeViews
instanceKlass sbt/internal/nio/SwovalFileTreeView$
instanceKlass sbt/nio/file/FileTreeView$
instanceKlass sbt/Defaults$$$Lambda$1927
instanceKlass sbt/Defaults$$$Lambda$1926
instanceKlass sbt/Defaults$$$Lambda$1925
instanceKlass sbt/Previous
instanceKlass sbt/Previous$References
instanceKlass sbt/Previous$
instanceKlass sbt/Defaults$$$Lambda$1924
instanceKlass sbt/Defaults$$$Lambda$1923
instanceKlass sbt/Defaults$$$Lambda$1922
instanceKlass sbt/Defaults$$$Lambda$1921
instanceKlass sbt/Defaults$$$Lambda$1920
instanceKlass sbt/Defaults$$$Lambda$1919
instanceKlass sbt/Defaults$$$Lambda$1918
instanceKlass sbt/Defaults$$$Lambda$1917
instanceKlass sbt/Defaults$$$Lambda$1916
instanceKlass sbt/Defaults$$$Lambda$1915
instanceKlass sbt/Defaults$$$Lambda$1914
instanceKlass sbt/Defaults$$$Lambda$1913
instanceKlass sbt/Defaults$$$Lambda$1912
instanceKlass sbt/Defaults$$$Lambda$1911
instanceKlass sbt/Defaults$$$Lambda$1910
instanceKlass sbt/Defaults$$$Lambda$1909
instanceKlass sbt/Defaults$$$Lambda$1908
instanceKlass sbt/internal/nio/CheckBuildSources$$$Lambda$1907
instanceKlass sbt/Defaults$$$Lambda$1906
instanceKlass sbt/internal/nio/CheckBuildSources$$$Lambda$1905
instanceKlass sbt/Defaults$$$Lambda$1904
instanceKlass sbt/Defaults$$$Lambda$1903
instanceKlass sbt/Defaults$$$Lambda$1902
instanceKlass sbt/Defaults$$$Lambda$1901
instanceKlass sbt/nio/Watch$$$Lambda$1900
instanceKlass sbt/nio/Watch$$$Lambda$1899
instanceKlass sbt/internal/LabeledFunctions$LabeledFunction1
instanceKlass sbt/Watched$$$Lambda$1898
instanceKlass sbt/internal/LabeledFunctions$Function1Ops$
instanceKlass sbt/internal/io/EventMonitor
instanceKlass sbt/Watched$$$Lambda$1897
instanceKlass sbt/Watched$
instanceKlass sbt/nio/Watch$$$Lambda$1896
instanceKlass sbt/nio/Watch$$$Lambda$1895
instanceKlass sbt/nio/Watch$$$Lambda$1894
instanceKlass sbt/nio/Watch$$$Lambda$1893
instanceKlass sbt/internal/LabeledFunctions$LabeledFunction4
instanceKlass sbt/nio/Watch$$$Lambda$1892
instanceKlass java/lang/invoke/LambdaForm$DMH
instanceKlass sbt/internal/LabeledFunctions$Function4Ops$
instanceKlass sbt/internal/LabeledFunctions$LabeledFunction0
instanceKlass sbt/nio/Watch$$$Lambda$1891
instanceKlass sbt/internal/LabeledFunctions$Function0Ops$
instanceKlass sbt/internal/LabeledFunctions$LabeledFunction3
instanceKlass sbt/nio/Watch$$$Lambda$1890
instanceKlass sbt/internal/LabeledFunctions$Function3Ops$
instanceKlass sbt/nio/Watch$ShowOptions$
instanceKlass sbt/nio/Watch$Ignore
instanceKlass sbt/nio/Watch$Run
instanceKlass sbt/nio/Watch$Run$
instanceKlass sbt/nio/Watch$Prompt$
instanceKlass sbt/nio/Watch$Reload$
instanceKlass sbt/nio/Watch$InputOption$impl
instanceKlass sbt/nio/Watch$CancelWatch$
instanceKlass sbt/nio/Watch$CancelWatch
instanceKlass sbt/nio/Watch$InputOption$
instanceKlass sbt/internal/LabeledFunctions$LabeledFunction2
instanceKlass sbt/nio/Watch$$$Lambda$1889
instanceKlass sbt/nio/Watch$Trigger$
instanceKlass sbt/nio/Watch$ContinueWatch
instanceKlass sbt/internal/LabeledFunctions$
instanceKlass sbt/internal/LabeledFunctions$Function2Ops$
instanceKlass sun/util/locale/provider/TimeZoneNameUtility$TimeZoneNameGetter
instanceKlass sun/util/locale/provider/TimeZoneNameUtility
instanceKlass java/time/format/DateTimePrintContext
instanceKlass java/time/ZoneId$1
instanceKlass java/time/temporal/TemporalQueries$$Lambda$1888
instanceKlass java/time/temporal/TemporalQueries$$Lambda$1887
instanceKlass java/time/temporal/TemporalQueries$$Lambda$1886
instanceKlass java/time/temporal/TemporalQueries$$Lambda$1885
instanceKlass java/time/temporal/TemporalQueries$$Lambda$1884
instanceKlass java/time/temporal/TemporalQueries$$Lambda$1883
instanceKlass java/time/temporal/TemporalQueries$$Lambda$1882
instanceKlass java/time/temporal/TemporalQueries
instanceKlass java/time/LocalTime
instanceKlass java/time/zone/ZoneOffsetTransition
instanceKlass java/time/zone/Ser
instanceKlass java/io/Externalizable
instanceKlass java/time/zone/ZoneRulesProvider$1
instanceKlass java/time/zone/ZoneRulesProvider
instanceKlass java/time/format/DateTimeFormatter$$Lambda$1881
instanceKlass java/time/format/DateTimeFormatter$$Lambda$1880
instanceKlass java/time/Period
instanceKlass java/time/chrono/ChronoPeriod
instanceKlass java/time/format/DateTimeFormatterBuilder$TextPrinterParser
instanceKlass java/time/format/DateTimeTextProvider$1
instanceKlass java/time/format/DateTimeTextProvider
instanceKlass java/util/Collections$1
instanceKlass java/util/AbstractMap$SimpleImmutableEntry
instanceKlass java/time/format/DateTimeTextProvider$LocaleStore
instanceKlass java/time/format/DateTimeFormatterBuilder$InstantPrinterParser
instanceKlass java/time/format/DateTimeFormatterBuilder$StringLiteralPrinterParser
instanceKlass java/time/format/DateTimeFormatterBuilder$ZoneIdPrinterParser
instanceKlass java/time/format/DateTimeFormatterBuilder$FractionPrinterParser
instanceKlass java/time/format/DateTimeFormatterBuilder$OffsetIdPrinterParser
instanceKlass java/time/format/DecimalStyle
instanceKlass java/time/format/DateTimeFormatterBuilder$CompositePrinterParser
instanceKlass java/time/chrono/AbstractChronology$$Lambda$1879
instanceKlass java/time/chrono/AbstractChronology$$Lambda$1878
instanceKlass java/time/chrono/AbstractChronology$$Lambda$1877
instanceKlass java/lang/invoke/LambdaForm$DMH
instanceKlass java/time/chrono/AbstractChronology
instanceKlass java/time/chrono/Chronology
instanceKlass java/time/format/DateTimeFormatterBuilder$CharLiteralPrinterParser
instanceKlass java/time/format/DateTimeFormatterBuilder$NumberPrinterParser
instanceKlass java/time/format/DateTimeFormatterBuilder$DateTimePrinterParser
instanceKlass java/time/format/DateTimeFormatterBuilder$2
instanceKlass java/time/temporal/IsoFields
instanceKlass java/time/temporal/ValueRange
instanceKlass java/time/Duration
instanceKlass java/time/temporal/TemporalAmount
instanceKlass java/time/temporal/TemporalUnit
instanceKlass java/time/temporal/TemporalField
instanceKlass java/time/format/DateTimeFormatterBuilder$$Lambda$1876
instanceKlass java/time/temporal/TemporalQuery
instanceKlass java/time/format/DateTimeFormatterBuilder
instanceKlass java/time/format/DateTimeFormatter
instanceKlass sbt/nio/Watch$
instanceKlass sbt/internal/server/BuildServerProtocol$$$Lambda$1875
instanceKlass sbt/internal/server/BuildServerProtocol$$$Lambda$1874
instanceKlass sbt/internal/server/BuildServerProtocol$$$Lambda$1873
instanceKlass sbt/internal/server/BuildServerProtocol$$$Lambda$1872
instanceKlass sbt/internal/server/BuildServerProtocol$$$Lambda$1871
instanceKlass sbt/internal/server/BuildServerProtocol$$$Lambda$1870
instanceKlass sbt/internal/server/BuildServerProtocol$$$Lambda$1869
instanceKlass sbt/internal/server/BuildServerProtocol$$$Lambda$1868
instanceKlass sbt/internal/server/BuildServerProtocol$$$Lambda$1867
instanceKlass sbt/internal/server/BuildServerProtocol$$$Lambda$1866
instanceKlass sbt/internal/server/BuildServerProtocol$$$Lambda$1865
instanceKlass sbt/internal/server/BuildServerProtocol$$$Lambda$1864
instanceKlass sbt/internal/server/BuildServerProtocol$$$Lambda$1863
instanceKlass sbt/internal/server/BuildServerProtocol$$$Lambda$1862
instanceKlass sbt/internal/server/BuildServerProtocol$$$Lambda$1861
instanceKlass sbt/internal/server/BuildServerProtocol$$$Lambda$1860
instanceKlass sbt/internal/server/BuildServerProtocol$$$Lambda$1859
instanceKlass sbt/internal/server/BuildServerProtocol$$$Lambda$1858
instanceKlass sbt/internal/server/BuildServerProtocol$$$Lambda$1857
instanceKlass sbt/internal/server/BuildServerProtocol$$$Lambda$1856
instanceKlass sbt/internal/server/BuildServerProtocol$$$Lambda$1855
instanceKlass sbt/internal/server/BuildServerProtocol$$$Lambda$1854
instanceKlass sbt/internal/server/BuildServerProtocol$$$Lambda$1853
instanceKlass sbt/internal/server/BuildServerProtocol$$$Lambda$1852
instanceKlass sbt/internal/server/BuildServerProtocol$$$Lambda$1851
instanceKlass sbt/internal/server/BuildServerProtocol$$$Lambda$1850
instanceKlass sbt/internal/server/BuildServerProtocol$$$Lambda$1849
instanceKlass sbt/internal/server/BuildServerProtocol$$$Lambda$1848
instanceKlass sbt/internal/server/BuildServerProtocol$$$Lambda$1847
instanceKlass sbt/internal/server/BuildServerProtocol$$$Lambda$1846
instanceKlass sbt/internal/server/BuildServerProtocol$$$Lambda$1845
instanceKlass sbt/internal/server/BuildServerProtocol$$$Lambda$1844
instanceKlass sbt/internal/server/BuildServerProtocol$$$Lambda$1843
instanceKlass sbt/internal/server/BuildServerProtocol$$$Lambda$1842
instanceKlass sbt/internal/server/BuildServerProtocol$$$Lambda$1841
instanceKlass sbt/internal/server/BuildServerProtocol$$$Lambda$1840
instanceKlass sbt/internal/server/BuildServerProtocol$$$Lambda$1839
instanceKlass sbt/internal/server/BuildServerProtocol$$$Lambda$1838
instanceKlass sbt/internal/server/BuildServerProtocol$$$Lambda$1837
instanceKlass sbt/internal/server/BuildServerProtocol$$$Lambda$1836
instanceKlass sbt/Package$$$Lambda$1835
instanceKlass sbt/Package$$$Lambda$1834
instanceKlass sbt/Package$
instanceKlass sbt/Defaults$$$Lambda$1833
instanceKlass sbt/Defaults$$$Lambda$1832
instanceKlass sbt/Defaults$$$Lambda$1831
instanceKlass sbt/Defaults$$$Lambda$1830
instanceKlass sbt/Defaults$$$Lambda$1829
instanceKlass sbt/Defaults$$$Lambda$1828
instanceKlass sbt/Defaults$$$Lambda$1827
instanceKlass sbt/Defaults$$$Lambda$1826
instanceKlass sbt/Defaults$$$Lambda$1825
instanceKlass sbt/Defaults$$$Lambda$1824
instanceKlass sbt/Defaults$$$Lambda$1823
instanceKlass sbt/Defaults$$$Lambda$1822
instanceKlass sbt/Defaults$$$Lambda$1821
instanceKlass sbt/Defaults$$$Lambda$1820
instanceKlass sbt/Defaults$$$Lambda$1819
instanceKlass sbt/Defaults$$$Lambda$1818
instanceKlass sbt/Defaults$$$Lambda$1817
instanceKlass sbt/Defaults$$$Lambda$1816
instanceKlass lmcoursier/syntax/package$ModuleMatchersModule
instanceKlass lmcoursier/definitions/ModuleMatchers$
instanceKlass lmcoursier/syntax/package$
instanceKlass sbt/Defaults$$$Lambda$1815
instanceKlass sbt/coursierint/LMCoursier$$$Lambda$1814
instanceKlass sbt/Defaults$$$Lambda$1813
instanceKlass sbt/Classpaths$$$Lambda$1812
instanceKlass sbt/Defaults$$$Lambda$1811
instanceKlass sbt/Defaults$$$Lambda$1810
instanceKlass sbt/internal/librarymanagement/CustomPomParser$$$Lambda$1809
instanceKlass org/apache/ivy/plugins/repository/Resource
instanceKlass org/apache/ivy/plugins/parser/m2/PomDependencyMgt
instanceKlass org/apache/ivy/plugins/parser/m2/PomModuleDescriptorParser
instanceKlass sbt/internal/librarymanagement/CustomPomParser
instanceKlass sbt/internal/librarymanagement/mavenint/PomExtraDependencyAttributes$
instanceKlass org/apache/ivy/plugins/parser/m2/PomModuleDescriptorBuilder$5
instanceKlass org/apache/ivy/plugins/parser/m2/PomModuleDescriptorBuilder$4
instanceKlass org/apache/ivy/plugins/parser/m2/PomModuleDescriptorBuilder$3
instanceKlass org/apache/ivy/plugins/parser/m2/PomModuleDescriptorBuilder$2
instanceKlass org/apache/ivy/plugins/parser/m2/PomModuleDescriptorBuilder$1
instanceKlass org/apache/ivy/core/module/descriptor/Configuration$Visibility
instanceKlass org/apache/ivy/core/module/descriptor/ExcludeRule
instanceKlass org/apache/ivy/core/module/descriptor/DependencyArtifactDescriptor
instanceKlass org/apache/ivy/core/module/descriptor/DefaultDependencyDescriptor
instanceKlass org/apache/ivy/plugins/matcher/PatternMatcher
instanceKlass org/apache/ivy/plugins/parser/m2/PomModuleDescriptorBuilder
instanceKlass org/apache/ivy/plugins/parser/m2/ReplaceMavenConfigurationMappings$$anon$5
instanceKlass org/apache/ivy/plugins/parser/m2/ReplaceMavenConfigurationMappings$$anon$4
instanceKlass org/apache/ivy/plugins/parser/m2/ReplaceMavenConfigurationMappings$$anon$3
instanceKlass org/apache/ivy/plugins/parser/m2/ReplaceMavenConfigurationMappings$$anon$2
instanceKlass org/apache/ivy/plugins/parser/m2/ReplaceMavenConfigurationMappings$$anon$1
instanceKlass org/apache/ivy/plugins/parser/m2/PomModuleDescriptorBuilder$ConfMapper
instanceKlass org/apache/ivy/plugins/parser/m2/ReplaceMavenConfigurationMappings$
instanceKlass org/apache/ivy/plugins/namespace/NamespaceTransformer
instanceKlass org/apache/ivy/core/module/descriptor/Artifact
instanceKlass org/apache/ivy/core/module/descriptor/ExtendsDescriptor
instanceKlass org/apache/ivy/core/module/descriptor/DependencyDescriptor
instanceKlass org/apache/ivy/core/module/descriptor/InheritableItem
instanceKlass org/apache/ivy/plugins/parser/ModuleDescriptorParser
instanceKlass sbt/internal/librarymanagement/CustomPomParser$
instanceKlass sbt/Defaults$$$Lambda$1808
instanceKlass sbt/Classpaths$$$Lambda$1807
instanceKlass sbt/Defaults$$$Lambda$1806
instanceKlass sbt/Defaults$$$Lambda$1805
instanceKlass sbt/internal/SysProp$$$Lambda$1804
instanceKlass sbt/internal/SysProp$$$Lambda$1803
instanceKlass sbt/internal/SysProp$$$Lambda$1802
instanceKlass sbt/internal/SysProp$$$Lambda$1801
instanceKlass sbt/librarymanagement/ivy/FileCredentials
instanceKlass sbt/Defaults$$$Lambda$1800
instanceKlass sbt/Defaults$$$Lambda$1799
instanceKlass sbt/Defaults$$$Lambda$1798
instanceKlass sbt/Defaults$$$Lambda$1797
instanceKlass sbt/nio/Keys$WarnOnSourceChanges$
instanceKlass sbt/internal/SysProp$$$Lambda$1796
instanceKlass sbt/nio/FileStamper$LastModified$
instanceKlass sbt/nio/file/OrPathFilter
instanceKlass sbt/nio/file/NoPass$
instanceKlass sbt/nio/file/IsDirectory$
instanceKlass sbt/io/NothingFilter$
instanceKlass sbt/io/DirectoryFilter$
instanceKlass sbt/nio/file/PathFilter$Ops$
instanceKlass sbt/nio/file/AllPass$
instanceKlass sbt/io/NotHiddenFileFilter$
instanceKlass sbt/nio/file/PathFilter$
instanceKlass sbt/nio/file/LowPriorityPathFilter
instanceKlass sbt/io/AllPassFilter$
instanceKlass sbt/io/FileFilter$FileFilterOps$
instanceKlass sbt/io/HiddenFileFilter$
instanceKlass sbt/Defaults$$$Lambda$1795
instanceKlass sbt/Defaults$$$Lambda$1794
instanceKlass sbt/Defaults$$$Lambda$1793
instanceKlass sbt/internal/Load$$$Lambda$1792
instanceKlass sbt/Scope$$$Lambda$1791
instanceKlass sbt/Scope$$$Lambda$1790
instanceKlass sbt/Scope$$$Lambda$1789
instanceKlass sbt/BuildRef
instanceKlass sbt/internal/Load$$$Lambda$1788
instanceKlass sbt/internal/Load$$$Lambda$1787
instanceKlass sbt/internal/PartBuildUnit
instanceKlass sbt/internal/BuildUnitBase
instanceKlass sbt/internal/Load$$$Lambda$1786
instanceKlass sbt/internal/Load$$$Lambda$1785
instanceKlass sbt/ProjectDefinition$$Lambda$1784
instanceKlass sbt/internal/Load$$$Lambda$1783
instanceKlass sbt/Project$$Lambda$1782
instanceKlass sbt/ClasspathDependency
instanceKlass sbt/ClasspathDep
instanceKlass sbt/internal/Load$$$Lambda$1781
instanceKlass sbt/internal/Load$$$Lambda$1780
instanceKlass sbt/internal/Load$$$Lambda$1779
instanceKlass sbt/internal/Load$$$Lambda$1778
instanceKlass sbt/internal/Load$$$Lambda$1777
instanceKlass sbt/internal/DetectedModules$$Lambda$1776
instanceKlass sbt/internal/LoadedDefinitions
instanceKlass sbt/internal/Load$$$Lambda$1775
instanceKlass sbt/internal/Load$$$Lambda$1774
instanceKlass sbt/internal/Load$$$Lambda$1773
instanceKlass sbt/internal/Load$$$Lambda$1772
instanceKlass sbt/BuildCommon$$Lambda$1771
instanceKlass sbt/BuildCommon$$Lambda$1770
instanceKlass sbt/BuildCommon$$Lambda$1769
instanceKlass sbt/BuildCommon$$Lambda$1768
instanceKlass sbt/BuildCommon$$Lambda$1767
instanceKlass sbt/internal/Load$$$Lambda$1766
instanceKlass sbt/internal/Load$InjectSettings$$Lambda$1765
instanceKlass sbt/plugins/SemanticdbPlugin$$$Lambda$1764
instanceKlass sbt/plugins/SemanticdbPlugin$$$Lambda$1763
instanceKlass sbt/plugins/SemanticdbPlugin$$$Lambda$1762
instanceKlass sbt/TaskKey$$Lambda$1761
instanceKlass sbt/plugins/SemanticdbPlugin$$$Lambda$1760
instanceKlass sbt/plugins/SemanticdbPlugin$$$Lambda$1759
instanceKlass sbt/plugins/SemanticdbPlugin$$$Lambda$1758
instanceKlass sbt/SettingKey$$Lambda$1757
instanceKlass sbt/Remove$$anon$1
instanceKlass sbt/Remove$Sequence
instanceKlass sbt/Remove$Value
instanceKlass sbt/Remove$
instanceKlass sbt/plugins/SemanticdbPlugin$$$Lambda$1756
instanceKlass sbt/plugins/SemanticdbPlugin$$$Lambda$1755
instanceKlass sbt/plugins/SemanticdbPlugin$$$Lambda$1754
instanceKlass sbt/plugins/SemanticdbPlugin$$$Lambda$1753
instanceKlass sbt/plugins/SemanticdbPlugin$$$Lambda$1752
instanceKlass sbt/plugins/SemanticdbPlugin$$$Lambda$1751
instanceKlass sbt/plugins/DependencyTreeSettings$$$Lambda$1750
instanceKlass sbt/plugins/DependencyTreeSettings$$$Lambda$1749
instanceKlass sbt/plugins/DependencyTreeSettings$$$Lambda$1748
instanceKlass sbt/plugins/DependencyTreeSettings$$$Lambda$1747
instanceKlass sjsonnew/CollectionFormats$$Lambda$1746
instanceKlass sjsonnew/IsoFormats$$anon$1
instanceKlass sjsonnew/IsoLList$$anon$1
instanceKlass sjsonnew/IsoLList
instanceKlass sjsonnew/IsoLList$
instanceKlass sjsonnew/LListFormats$$anon$3
instanceKlass sbt/internal/graph/GraphModuleId$$$Lambda$1745
instanceKlass sbt/internal/graph/GraphModuleId$$$Lambda$1744
instanceKlass sbt/internal/graph/GraphModuleId
instanceKlass sbt/internal/graph/GraphModuleId$
instanceKlass sbt/internal/graph/Module$$$Lambda$1743
instanceKlass sbt/internal/graph/Module$$$Lambda$1742
instanceKlass sbt/internal/graph/Module
instanceKlass sbt/internal/graph/Module$
instanceKlass sbt/internal/graph/ModuleGraph$$$Lambda$1741
instanceKlass sbt/internal/graph/ModuleGraph$$$Lambda$1740
instanceKlass sjsonnew/LCons
instanceKlass sjsonnew/LList$$anon$1
instanceKlass sjsonnew/package$$colon$times$colon$
instanceKlass sjsonnew/LListFormats$$anon$2
instanceKlass sjsonnew/LList$LNil0
instanceKlass sjsonnew/LList
instanceKlass sjsonnew/LList$
instanceKlass sjsonnew/LListFormats
instanceKlass scala/collection/mutable/MultiMap
instanceKlass sbt/internal/graph/ModuleGraph$
instanceKlass sjsonnew/BasicJsonProtocol$
instanceKlass sbt/plugins/DependencyTreeSettings$$$Lambda$1739
instanceKlass sbt/plugins/DependencyTreeKeys
instanceKlass sbt/plugins/DependencyTreeSettings$$$Lambda$1738
instanceKlass sbt/plugins/DependencyTreeSettings$$$Lambda$1737
instanceKlass sbt/plugins/DependencyTreeSettings$$$Lambda$1736
instanceKlass sbt/plugins/DependencyTreeSettings$$$Lambda$1735
instanceKlass sbt/plugins/DependencyTreeSettings$$$Lambda$1734
instanceKlass sbt/plugins/DependencyTreeSettings$$$Lambda$1733
instanceKlass sbt/internal/graph/ModuleGraph
instanceKlass sbt/plugins/MiniDependencyTreeKeys$
instanceKlass sbt/internal/util/complete/Parsers$$Lambda$1732
instanceKlass sbt/internal/util/complete/FileExamples$
instanceKlass sbt/internal/util/complete/FileExamples
instanceKlass sbt/plugins/DependencyTreeSettings$$$Lambda$1731
instanceKlass sbt/plugins/DependencyTreeSettings$$$Lambda$1730
instanceKlass sbt/internal/graph/rendering/DOT$HTMLLabelRendering
instanceKlass sbt/plugins/DependencyTreeSettings$
instanceKlass sbt/plugins/JUnitXmlReportPlugin$autoImport$$$Lambda$1729
instanceKlass sbt/JUnitXmlTestsListener
instanceKlass sbt/TestsListener
instanceKlass sbt/plugins/JUnitXmlReportPlugin$autoImport$$$Lambda$1728
instanceKlass scala/collection/TraversableLike$WithFilter$$Lambda$1727
instanceKlass sbt/internal/Load$$$Lambda$1726
instanceKlass sbt/internal/Load$$$Lambda$1725
instanceKlass sbt/internal/Load$$$Lambda$1724
instanceKlass sbt/internal/Load$$$Lambda$1723
instanceKlass java/lang/invoke/LambdaForm$MH
instanceKlass java/lang/invoke/LambdaForm$DMH
instanceKlass sbt/Plugins$$$Lambda$1722
instanceKlass java/lang/invoke/LambdaForm$DMH
instanceKlass sbt/Plugins$$$Lambda$1721
instanceKlass sbt/Plugins$$$Lambda$1720
instanceKlass sbt/Plugins$$$Lambda$1719
instanceKlass sbt/Plugins$$$Lambda$1718
instanceKlass sbt/Plugins$$$Lambda$1717
instanceKlass sbt/Plugins$$$Lambda$1716
instanceKlass sbt/internal/util/logic/Logic$Matched$$Lambda$1715
instanceKlass sbt/Plugins$$$Lambda$1714
instanceKlass sbt/internal/util/logic/Logic$$$Lambda$1713
instanceKlass sbt/internal/util/logic/Logic$$$Lambda$1712
instanceKlass sbt/internal/util/logic/Logic$$$Lambda$1711
instanceKlass sbt/internal/util/logic/Logic$$$Lambda$1710
instanceKlass sbt/internal/util/logic/Logic$$$Lambda$1709
instanceKlass sbt/internal/util/logic/Logic$$$Lambda$1708
instanceKlass sbt/internal/util/logic/Logic$$$Lambda$1707
instanceKlass sbt/internal/util/logic/Formula$And$$Lambda$1706
instanceKlass sbt/internal/util/logic/Logic$$$Lambda$1705
instanceKlass sbt/internal/util/logic/Logic$$$Lambda$1704
instanceKlass sbt/internal/util/logic/Logic$Matched$
instanceKlass sbt/internal/util/logic/Logic$$$Lambda$1703
instanceKlass sbt/internal/util/logic/Logic$Matched
instanceKlass sbt/internal/util/logic/Logic$$$Lambda$1702
instanceKlass sbt/internal/util/logic/Logic$$$Lambda$1701
instanceKlass sbt/internal/util/logic/Logic$Atoms
instanceKlass sbt/internal/util/logic/Logic$$$Lambda$1700
instanceKlass sbt/internal/util/logic/Logic$$$Lambda$1699
instanceKlass sbt/Plugins$$$Lambda$1698
instanceKlass sbt/internal/util/Dag$DirectedSignedGraph
instanceKlass sbt/internal/util/logic/Logic$
instanceKlass sbt/Plugins$$$Lambda$1697
instanceKlass sbt/internal/util/logic/Clauses$$Lambda$1696
instanceKlass sbt/Plugins$$$Lambda$1695
instanceKlass sbt/internal/util/logic/Clauses
instanceKlass sbt/Plugins$$$Lambda$1694
instanceKlass sbt/Plugins$$$Lambda$1693
instanceKlass sbt/Plugins$$$Lambda$1692
instanceKlass sbt/Plugins$$$Lambda$1691
instanceKlass sbt/Plugins$$$Lambda$1690
instanceKlass sbt/Plugins$$$Lambda$1689
instanceKlass sbt/Plugins$$$Lambda$1688
instanceKlass sbt/internal/util/logic/Clause
instanceKlass sbt/Plugins$$$Lambda$1687
instanceKlass sbt/Plugins$$$Lambda$1686
instanceKlass sbt/Plugins$$$Lambda$1685
instanceKlass scala/collection/generic/Subtractable$$Lambda$1684
instanceKlass scala/collection/immutable/TreeMap
instanceKlass scala/collection/immutable/SortedMap
instanceKlass scala/collection/SortedMap
instanceKlass scala/collection/SortedMapLike
instanceKlass sbt/Plugins$And
instanceKlass sbt/Plugins$$$Lambda$1683
instanceKlass sbt/GeneratedRootProject
instanceKlass sbt/internal/DetectedPlugins$$Lambda$1682
instanceKlass scala/Function$$$Lambda$1681
instanceKlass scala/Function$$$Lambda$1680
instanceKlass sbt/internal/Load$$$Lambda$1679
instanceKlass sbt/internal/Load$$$Lambda$1678
instanceKlass java/lang/invoke/LambdaForm$MH
instanceKlass java/lang/invoke/LambdaForm$DMH
instanceKlass sbt/internal/Load$$$Lambda$1677
instanceKlass java/lang/invoke/LambdaForm$DMH
instanceKlass sbt/ProjectDefinition$$Lambda$1676
instanceKlass sbt/Def$$$Lambda$1675
instanceKlass sbt/internal/util/Init$SettingList
instanceKlass sbt/internal/BuildDef$$$Lambda$1674
instanceKlass sbt/internal/BuildDef$$$Lambda$1673
instanceKlass sbt/internal/util/Dag$$$Lambda$1672
instanceKlass sbt/Project$ProjectDef$$Lambda$1671
instanceKlass sbt/internal/util/Dag$
instanceKlass sbt/Project$ProjectDef
instanceKlass sbt/Project$$$Lambda$1670
instanceKlass sbt/Plugins$Empty$
instanceKlass sbt/internal/Load$$$Lambda$1669
instanceKlass sbt/internal/Load$$$Lambda$1668
instanceKlass sbt/internal/Load$$$Lambda$1667
instanceKlass sbt/internal/Load$$$Lambda$1666
instanceKlass sbt/internal/Load$$$Lambda$1665
instanceKlass sbt/internal/Load$$$Lambda$1664
instanceKlass sbt/internal/Load$DiscoveredProjects
instanceKlass sbt/internal/Load$$$Lambda$1663
instanceKlass sbt/internal/Load$$$Lambda$1662
instanceKlass sbt/internal/DefinedSbtValues
instanceKlass sbt/internal/DefinedSbtValues$
instanceKlass sbt/internal/LoadedSbtFile$
instanceKlass sbt/internal/Load$$$Lambda$1661
instanceKlass sbt/internal/LoadedSbtFile
instanceKlass sbt/internal/Load$$$Lambda$1660
instanceKlass sbt/internal/Load$$$Lambda$1659
instanceKlass sbt/BuildPaths$$$Lambda$1658
instanceKlass sbt/io/AndNameFilter
instanceKlass sbt/io/AbstractAndFilter
instanceKlass sbt/io/FileFilter$$anon$2
instanceKlass sbt/io/FileFilter$$anon$1
instanceKlass sbt/io/FileFilter$
instanceKlass sbt/io/ExtensionFilter
instanceKlass sbt/internal/Load$$$Lambda$1657
instanceKlass sbt/internal/AddSettings
instanceKlass sbt/internal/AddSettings$
instanceKlass sbt/internal/Load$$$Lambda$1656
instanceKlass sbt/internal/Load$$$Lambda$1655
instanceKlass sbt/internal/Load$$$Lambda$1654
instanceKlass sbt/compiler/Eval
instanceKlass java/lang/invoke/LambdaForm$MH
instanceKlass java/lang/invoke/LambdaForm$DMH
instanceKlass sbt/internal/Load$$$Lambda$1653
instanceKlass java/lang/invoke/LambdaForm$DMH
instanceKlass sbt/internal/Load$LoadedProjects
instanceKlass sbt/internal/Load$$$Lambda$1652
instanceKlass sbt/internal/Load$$$Lambda$1651
instanceKlass sbt/internal/Load$$$Lambda$1650
instanceKlass sbt/internal/Load$$$Lambda$1649
instanceKlass sbt/internal/DetectedModules$$Lambda$1648
instanceKlass sbt/internal/Load$$$Lambda$1647
instanceKlass java/lang/invoke/LambdaForm$MH
instanceKlass java/lang/invoke/LambdaForm$DMH
instanceKlass sbt/internal/Load$$$Lambda$1646
instanceKlass java/lang/invoke/LambdaForm$DMH
instanceKlass sbt/internal/DetectedPlugins
instanceKlass sbt/plugins/MiniDependencyTreePlugin$autoImport$
instanceKlass sbt/plugins/MiniDependencyTreeKeys
instanceKlass sbt/plugins/JUnitXmlReportPlugin$autoImport$
instanceKlass sbt/ScriptedPlugin$autoImport$
instanceKlass sbt/Plugins$$$Lambda$1645
instanceKlass sbt/Plugins$$$Lambda$1644
instanceKlass sbt/Plugins$$$Lambda$1643
instanceKlass sbt/Plugins$$$Lambda$1642
instanceKlass scala/util/control/Exception$$$Lambda$1641
instanceKlass scala/util/control/Exception$Catch$$Lambda$1640
instanceKlass scala/util/control/Exception$Catch$$anon$2
instanceKlass scala/util/control/Exception$Catch$$Lambda$1639
instanceKlass sbt/Plugins$$$Lambda$1638
instanceKlass scala/util/control/Exception$$$Lambda$1637
instanceKlass scala/util/control/Exception$Catch$$$Lambda$1636
instanceKlass scala/util/control/Exception$Catch$
instanceKlass scala/util/control/Exception$Catch
instanceKlass scala/util/control/Exception$Described
instanceKlass scala/util/control/Exception$$anon$1
instanceKlass scala/util/control/Exception$$$Lambda$1635
instanceKlass scala/util/control/Exception$$$Lambda$1634
instanceKlass scala/util/control/Exception$
instanceKlass sbt/internal/util/logic/Formula
instanceKlass sbt/Plugins$
instanceKlass sbt/internal/PluginDiscovery$$$Lambda$1633
instanceKlass sbt/internal/DetectedAutoPlugin
instanceKlass sbt/internal/DetectedModules
instanceKlass sbt/internal/inc/ModuleUtilities$$$Lambda$1632
instanceKlass sbt/internal/inc/ModuleUtilities$
instanceKlass sbt/internal/PluginDiscovery$$$Lambda$1631
instanceKlass sbt/internal/BuildDef$$$Lambda$1630
instanceKlass sbt/internal/BuildDef$$anon$2
instanceKlass sbt/internal/BuildDef$$anon$1
instanceKlass sbt/internal/BuildDef
instanceKlass sbt/internal/BuildDef$
instanceKlass scala/collection/mutable/LazyBuilder
instanceKlass sbt/internal/PluginDiscovery$$$Lambda$1629
instanceKlass sbt/internal/PluginDiscovery$$$Lambda$1628
instanceKlass scala/collection/immutable/StreamView
instanceKlass scala/collection/immutable/StreamViewLike
instanceKlass scala/collection/mutable/ArrayOps$ofChar
instanceKlass scala/tools/nsc/transform/patmat/PatternMatchingStats$$Lambda$1627
instanceKlass scala/tools/nsc/typechecker/TypersStats$$Lambda$1626
instanceKlass scala/tools/nsc/typechecker/TypersStats$$Lambda$1625
instanceKlass scala/reflect/internal/ScopeStats$$Lambda$1624
instanceKlass scala/reflect/internal/SymbolsStats$$Lambda$1623
instanceKlass scala/collection/mutable/SynchronizedMap
instanceKlass scala/reflect/internal/TreesStats$$Lambda$1622
instanceKlass scala/reflect/internal/TreesStats$$Lambda$1621
instanceKlass scala/reflect/internal/util/Statistics$TimerStack
instanceKlass scala/reflect/internal/util/Statistics$View
instanceKlass scala/reflect/internal/TypesStats$$Lambda$1620
instanceKlass scala/reflect/internal/util/Statistics$Timer
instanceKlass scala/collection/convert/DecorateAsScala$$Lambda$1619
instanceKlass scala/runtime/RichLong$
instanceKlass scala/reflect/internal/Definitions$DefinitionsClass$RunDefinitions
instanceKlass scala/runtime/RichLong
instanceKlass scala/runtime/IntegralProxy
instanceKlass scala/runtime/RangedProxy
instanceKlass scala/runtime/ScalaWholeNumberProxy
instanceKlass scala/runtime/ScalaNumberProxy
instanceKlass scala/runtime/OrderedProxy
instanceKlass scala/Proxy$Typed
instanceKlass scala/tools/nsc/Global$Run$$Lambda$1618
instanceKlass sbt/Remove$Values
instanceKlass scala/reflect/internal/Phase$$Lambda$1617
instanceKlass scala/reflect/internal/Phase$$Lambda$1616
instanceKlass scala/tools/nsc/Global$Run$$Lambda$1615
instanceKlass java/lang/invoke/LambdaForm$MH
instanceKlass java/lang/invoke/LambdaForm$DMH
instanceKlass java/lang/invoke/LambdaForm$DMH
instanceKlass scala/tools/nsc/Global$Run$$Lambda$1614
instanceKlass java/lang/invoke/LambdaForm$DMH
instanceKlass scala/tools/nsc/plugins/OutputFileWriter
instanceKlass scala/reflect/internal/InfoTransformers$InfoTransformer$$Lambda$1613
instanceKlass sbt/internal/PluginDiscovery$
instanceKlass scala/tools/nsc/symtab/package$
instanceKlass scala/reflect/internal/tpe/TypeConstraints$UndoLog
instanceKlass scala/collection/mutable/MapLike$$Lambda$1612
instanceKlass scala/collection/mutable/HashMap$$Lambda$1611
instanceKlass sbt/internal/PluginManagement$PluginClassLoader$$Lambda$1610
instanceKlass scala/reflect/api/Trees$Traverser
instanceKlass scala/tools/nsc/Global$Run$$Lambda$1609
instanceKlass scala/runtime/LazyInt
instanceKlass scala/collection/IterableLike$$Lambda$1608
instanceKlass sbt/io/Path$$$Lambda$1607
instanceKlass sbt/internal/util/Attributed$$$Lambda$1606
instanceKlass scala/tools/nsc/Global$$Lambda$1605
instanceKlass sbt/io/FilterFiles$$Lambda$1604
instanceKlass scala/tools/nsc/Global$$Lambda$1603
instanceKlass scala/tools/nsc/PhaseAssembly$DependencyGraph$$Lambda$1602
instanceKlass sbt/io/ChildPathFinder$$Lambda$1601
instanceKlass scala/math/Ordering$Tuple2Ordering
instanceKlass scala/collection/mutable/SetLike$$Lambda$1600
instanceKlass scala/tools/nsc/PhaseAssembly$DependencyGraph$$Lambda$1599
instanceKlass scala/tools/nsc/PhaseAssembly$DependencyGraph$$Lambda$1598
instanceKlass sbt/io/NotNameFilter
instanceKlass sbt/io/AbstractNotFilter
instanceKlass scala/tools/nsc/PhaseAssembly$DependencyGraph$$Lambda$1597
instanceKlass sbt/io/ExactFilter
instanceKlass scala/tools/nsc/PhaseAssembly$DependencyGraph$$Lambda$1596
instanceKlass scala/tools/nsc/PhaseAssembly$DependencyGraph$$Lambda$1595
instanceKlass sbt/io/GlobFilter$$$Lambda$1594
instanceKlass sbt/io/GlobFilter$$$Lambda$1593
instanceKlass scala/tools/nsc/PhaseAssembly$DependencyGraph$$Lambda$1592
instanceKlass sbt/io/GlobFilter$
instanceKlass scala/tools/nsc/PhaseAssembly$DependencyGraph$$Lambda$1591
instanceKlass scala/tools/nsc/PhaseAssembly$DependencyGraph$$Lambda$1590
instanceKlass scala/tools/nsc/PhaseAssembly$DependencyGraph$$Lambda$1589
instanceKlass scala/tools/nsc/PhaseAssembly$DependencyGraph$$Lambda$1588
instanceKlass scala/tools/nsc/PhaseAssembly$DependencyGraph$$Lambda$1587
instanceKlass scala/tools/nsc/PhaseAssembly$DependencyGraph$$Lambda$1586
instanceKlass scala/tools/nsc/PhaseAssembly$DependencyGraph$$Lambda$1585
instanceKlass scala/tools/nsc/PhaseAssembly$DependencyGraph$$Lambda$1584
instanceKlass sbt/io/PathFinder
instanceKlass sbt/io/PathFinderDefaults
instanceKlass scala/tools/nsc/PhaseAssembly$DependencyGraph$$Lambda$1583
instanceKlass sbt/io/PathFinder$Combinator
instanceKlass sbt/io/PathLister
instanceKlass sbt/io/PathFinder$
instanceKlass sbt/internal/Load$$$Lambda$1582
instanceKlass sbt/internal/LoadedPlugins
instanceKlass scala/tools/nsc/PhaseAssembly$DependencyGraph$Edge
instanceKlass sbt/internal/Load$$$Lambda$1581
instanceKlass scala/tools/nsc/PhaseAssembly$DependencyGraph$$Lambda$1580
instanceKlass sbt/internal/BuildLoader$$Lambda$1579
instanceKlass scala/tools/nsc/PhaseAssembly$DependencyGraph$Node
instanceKlass sbt/internal/BuildLoader$$$Lambda$1578
instanceKlass sbt/internal/BuildLoader$$$Lambda$1576
instanceKlass scala/tools/nsc/PhaseAssembly$$Lambda$1577
instanceKlass sbt/internal/Load$$$Lambda$1575
instanceKlass sbt/internal/BuildLoader$$$Lambda$1574
instanceKlass scala/tools/nsc/PhaseAssembly$DependencyGraph
instanceKlass sbt/internal/BuildLoader$$$Lambda$1573
instanceKlass sbt/internal/MultiHandler$$Lambda$1572
instanceKlass scala/tools/nsc/plugins/Plugins$$Lambda$1571
instanceKlass sbt/Resolvers$$$Lambda$1570
instanceKlass scala/tools/nsc/plugins/Plugins$$Lambda$1569
instanceKlass sbt/Resolvers$$$Lambda$1568
instanceKlass scala/tools/nsc/plugins/Plugins$$Lambda$1567
instanceKlass sbt/Resolvers$$$Lambda$1566
instanceKlass scala/collection/TraversableLike$WithFilter$$Lambda$1565
instanceKlass sbt/Resolvers$$$Lambda$1563
instanceKlass scala/tools/nsc/plugins/Plugins$$Lambda$1564
instanceKlass scala/collection/TraversableLike$WithFilter
instanceKlass sbt/Resolvers$$$Lambda$1562
instanceKlass sbt/io/Hash$$$Lambda$1560
instanceKlass scala/tools/nsc/plugins/Plugins$$Lambda$1561
instanceKlass sbt/io/Hash$$$Lambda$1559
instanceKlass scala/collection/mutable/FlatHashTable$NullSentinel$
instanceKlass sbt/io/Hash$
instanceKlass scala/tools/nsc/plugins/Plugins$$Lambda$1558
instanceKlass scala/tools/nsc/plugins/Plugins$$Lambda$1557
instanceKlass scala/tools/nsc/plugins/Plugins$$Lambda$1556
instanceKlass sbt/Resolvers$$$Lambda$1555
instanceKlass sbt/Resolvers$DistributedVCS$$Lambda$1553
instanceKlass scala/tools/nsc/plugins/Plugins$$Lambda$1554
instanceKlass scala/tools/nsc/plugins/Plugins$$Lambda$1552
instanceKlass sbt/Resolvers$DistributedVCS
instanceKlass scala/tools/nsc/plugins/Plugins$$Lambda$1551
instanceKlass sbt/Resolvers$$$Lambda$1550
instanceKlass sbt/Resolvers$$$Lambda$1549
instanceKlass sbt/Resolvers$$$Lambda$1548
instanceKlass scala/tools/nsc/plugins/Plugins$$Lambda$1547
instanceKlass scala/tools/nsc/plugins/Plugin
instanceKlass sbt/Resolvers$
instanceKlass scala/tools/nsc/plugins/Plugins$$Lambda$1546
instanceKlass scala/tools/nsc/plugins/Plugins$$Lambda$1545
instanceKlass sbt/RichURI
instanceKlass scala/tools/nsc/plugins/Plugins$$Lambda$1544
instanceKlass sbt/RichURI$
instanceKlass scala/tools/nsc/plugins/Plugins$$Lambda$1543
instanceKlass sbt/internal/RetrieveUnit$Path$
instanceKlass scala/tools/nsc/plugins/Plugins$$Lambda$1542
instanceKlass sbt/internal/RetrieveUnit$Scheme$
instanceKlass scala/tools/nsc/plugins/Plugins$$Lambda$1541
instanceKlass sbt/internal/RetrieveUnit$
instanceKlass sbt/internal/MultiHandler$$Lambda$1540
instanceKlass scala/tools/nsc/plugins/Plugin$
instanceKlass sbt/io/IO$$$Lambda$1539
instanceKlass scala/tools/nsc/plugins/Plugins$$Lambda$1538
instanceKlass sbt/io/IO$$$Lambda$1537
instanceKlass scala/tools/nsc/plugins/Plugins$$Lambda$1536
instanceKlass sbt/internal/BuildLoader$$$Lambda$1535
instanceKlass scala/tools/nsc/plugins/Plugins$$Lambda$1534
instanceKlass sbt/internal/BuildLoader$$$Lambda$1533
instanceKlass scala/tools/nsc/plugins/Plugins$$Lambda$1532
instanceKlass sbt/internal/MultiHandler
instanceKlass scala/tools/nsc/backend/jvm/BackendReporting$MissingBytecodeWarning
instanceKlass scala/tools/nsc/backend/jvm/BackendReporting$OptimizerWarning
instanceKlass sbt/internal/BuildLoader
instanceKlass sbt/internal/BuildLoader$Components
instanceKlass sbt/internal/BuildLoader$$$Lambda$1531
instanceKlass sbt/internal/BuildUnit
instanceKlass sbt/internal/BuildLoader$TransformInfo
instanceKlass sbt/internal/BuildLoader$$$Lambda$1530
instanceKlass sbt/internal/BuildLoader$LoadInfo
instanceKlass sbt/internal/BuildLoader$
instanceKlass scala/tools/nsc/backend/jvm/opt/Inliner$UndoLog
instanceKlass sbt/internal/Load$$$Lambda$1529
instanceKlass sbt/internal/BuildLoader$BuildInfo
instanceKlass sbt/internal/Load$$$Lambda$1528
instanceKlass sbt/internal/BuildLoader$ResolveInfo
instanceKlass sbt/internal/BuildLoader$Info
instanceKlass sbt/internal/Load$$$Lambda$1527
instanceKlass sbt/internal/Load$$$Lambda$1526
instanceKlass sbt/internal/PartBuild
instanceKlass sbt/internal/GlobalPlugin$$$Lambda$1525
instanceKlass sbt/internal/GlobalPlugin$$$Lambda$1524
instanceKlass scala/tools/nsc/backend/jvm/opt/RemovePairDependency
instanceKlass sbt/internal/GlobalPlugin$$$Lambda$1523
instanceKlass sbt/internal/GlobalPlugin$$$Lambda$1522
instanceKlass sbt/internal/GlobalPlugin$$$Lambda$1521
instanceKlass sbt/internal/GlobalPlugin$$$Lambda$1520
instanceKlass scala/tools/asm/tree/analysis/Interpreter
instanceKlass sbt/internal/GlobalPlugin$
instanceKlass scala/tools/nsc/backend/jvm/opt/BoxUnbox$BoxConsumer
instanceKlass sbt/internal/Load$$$Lambda$1519
instanceKlass scala/tools/asm/tree/analysis/Analyzer
instanceKlass scala/tools/asm/Opcodes
instanceKlass sbt/internal/LoadBuildConfiguration
instanceKlass sbt/internal/SysProp$$$Lambda$1518
instanceKlass sbt/internal/SysProp$$$Lambda$1517
instanceKlass java/nio/file/Paths
instanceKlass sbt/internal/SysProp$$$Lambda$1516
instanceKlass scala/tools/nsc/backend/jvm/opt/LocalOptImpls$RemoveHandlersResult
instanceKlass sbt/internal/inc/HashUtil$
instanceKlass scala/tools/nsc/backend/jvm/opt/CopyProp
instanceKlass sbt/internal/SysProp$$$Lambda$1515
instanceKlass sbt/EvaluateTask$$$Lambda$1514
instanceKlass scala/tools/nsc/backend/jvm/opt/BoxUnbox
instanceKlass sbt/RunningTaskEngine
instanceKlass sbt/EvaluateTask$
instanceKlass scala/tools/nsc/backend/jvm/opt/LruMap$
instanceKlass scala/collection/concurrent/TrieMap$MangledHashing
instanceKlass sbt/internal/LogManager$$$Lambda$1513
instanceKlass java/util/concurrent/atomic/AtomicIntegerFieldUpdater$AtomicIntegerFieldUpdaterImpl$1
instanceKlass java/util/concurrent/atomic/AtomicIntegerFieldUpdater
instanceKlass scala/collection/concurrent/KVNode
instanceKlass sbt/internal/LogManager$
instanceKlass scala/collection/concurrent/INode$
instanceKlass scala/math/Equiv$$anon$2
instanceKlass scala/util/hashing/Hashing$Default
instanceKlass scala/util/hashing/Hashing$
instanceKlass sbt/internal/Load$InjectSettings
instanceKlass scala/Array$$$Lambda$1512
instanceKlass scala/collection/concurrent/TrieMap
instanceKlass sbt/internal/PluginManagement
instanceKlass sbt/internal/PluginManagement$Context
instanceKlass scala/runtime/AbstractFunction2
instanceKlass scala/collection/concurrent/Gen
instanceKlass sbt/internal/PluginManagement$
instanceKlass scala/collection/concurrent/BasicNode
instanceKlass sbt/internal/Load$$$Lambda$1511
instanceKlass sbt/internal/Load$$$Lambda$1510
instanceKlass sbt/internal/inc/javac/JavaTools$$anon$1
instanceKlass sbt/internal/inc/javac/JavaTools$$$Lambda$1509
instanceKlass sbt/internal/inc/javac/LocalJavadoc
instanceKlass javax/tools/DocumentationTool$DocumentationTask
instanceKlass com/sun/tools/javadoc/api/JavadocTool
instanceKlass javax/tools/DocumentationTool
instanceKlass javax/tools/JavaFileObject
instanceKlass javax/tools/FileObject
instanceKlass sbt/internal/inc/javac/LocalJava$
instanceKlass scala/tools/asm/tree/AbstractInsnNode
instanceKlass xsbti/compile/Javadoc
instanceKlass sbt/internal/inc/javac/Javadoc$
instanceKlass sbt/internal/inc/javac/JavaTools$$$Lambda$1508
instanceKlass javax/tools/DiagnosticListener
instanceKlass scala/tools/asm/ClassVisitor
instanceKlass javax/tools/ForwardingJavaFileManager
instanceKlass scala/tools/nsc/backend/jvm/ClassfileWriters
instanceKlass sbt/internal/inc/javac/JavaCompiler$$$Lambda$1507
instanceKlass scala/tools/nsc/backend/jvm/BTypesFromClassfile
instanceKlass sbt/internal/inc/javac/LocalJavaCompiler
instanceKlass scala/tools/nsc/backend/jvm/opt/CallGraph
instanceKlass com/sun/tools/javac/main/OptionHelper
instanceKlass scala/tools/nsc/backend/jvm/opt/ClosureOptimizer
instanceKlass com/sun/source/util/JavacTask
instanceKlass javax/tools/JavaCompiler$CompilationTask
instanceKlass javax/tools/StandardJavaFileManager
instanceKlass javax/tools/JavaFileManager
instanceKlass com/sun/tools/javac/api/JavacTool
instanceKlass scala/tools/nsc/backend/jvm/opt/InlinerHeuristics
instanceKlass scala/tools/nsc/backend/jvm/opt/Inliner
instanceKlass java/net/URLClassLoader$6
instanceKlass javax/tools/JavaCompiler
instanceKlass javax/tools/OptionChecker
instanceKlass javax/tools/Tool
instanceKlass javax/tools/ToolProvider
instanceKlass xsbti/compile/JavaCompiler
instanceKlass xsbti/compile/JavaTool
instanceKlass sbt/internal/inc/javac/JavaCompiler$
instanceKlass xsbti/compile/JavaTools
instanceKlass sbt/internal/inc/javac/JavaTools$
instanceKlass scala/tools/nsc/backend/jvm/opt/LocalOpt
instanceKlass sbt/internal/inc/CompilerArguments$$Lambda$1506
instanceKlass sbt/internal/inc/CompilerArguments
instanceKlass scala/tools/nsc/backend/jvm/opt/ByteCodeRepository
instanceKlass sbt/internal/inc/ZincLmUtil$$$Lambda$1505
instanceKlass scala/tools/nsc/backend/jvm/analysis/BackendUtils
instanceKlass sbt/internal/inc/AnalyzingCompiler
instanceKlass sbt/internal/inc/ZincComponentCompiler$ZincCompilerBridgeProvider
instanceKlass scala/tools/nsc/backend/jvm/BCodeIdiomatic
instanceKlass scala/sys/process/ProcessLogger
instanceKlass sbt/util/Logger$
instanceKlass sbt/internal/inc/ZincComponentManager
instanceKlass sbt/internal/inc/ZincComponentCompiler$$anon$1
instanceKlass sbt/internal/librarymanagement/JsonUtil$
instanceKlass xsbti/compile/CompilerBridgeProvider
instanceKlass sbt/internal/inc/ZincComponentCompiler$
instanceKlass scala/reflect/internal/util/JavaClearable$
instanceKlass sbt/librarymanagement/ArtifactFunctions$$Lambda$1504
instanceKlass sbt/internal/inc/ResourceLoader$
instanceKlass sbt/internal/inc/ZincComponentManager$
instanceKlass scala/tools/nsc/backend/jvm/BTypes$Lazy
instanceKlass sbt/librarymanagement/ModuleIDFunctions
instanceKlass scala/math/Ordering$Tuple3Ordering
instanceKlass sbt/internal/librarymanagement/SemComparatorExtra$$Lambda$1503
instanceKlass scala/tools/nsc/backend/jvm/BTypes$BType
instanceKlass sbt/internal/librarymanagement/SemComparatorExtra$$Lambda$1502
instanceKlass sbt/internal/librarymanagement/SemComparatorExtra$$Lambda$1501
instanceKlass sbt/internal/librarymanagement/SemComparatorExtra$$Lambda$1500
instanceKlass sbt/internal/librarymanagement/SemComparatorExtra$$Lambda$1499
instanceKlass sbt/internal/librarymanagement/SemComparatorExtra$$Lambda$1498
instanceKlass scala/tools/nsc/backend/jvm/CoreBTypes
instanceKlass java/lang/invoke/LambdaForm$DMH
instanceKlass sbt/internal/librarymanagement/SemSelAndChunk$$Lambda$1497
instanceKlass sbt/librarymanagement/SemanticSelector$$Lambda$1496
instanceKlass sbt/librarymanagement/SemanticSelector
instanceKlass sbt/internal/librarymanagement/SemSelAndChunkFunctions$$Lambda$1495
instanceKlass scala/collection/mutable/GrowingBuilder
instanceKlass scala/tools/nsc/backend/jvm/PostProcessorFrontendAccess$CompilerSettings
instanceKlass scala/tools/nsc/backend/jvm/PostProcessorFrontendAccess$BackendReporting
instanceKlass scala/tools/nsc/backend/jvm/PostProcessorFrontendAccess$BackendClassPath
instanceKlass sbt/internal/librarymanagement/SemComparatorFunctions$$Lambda$1494
instanceKlass sbt/internal/librarymanagement/SemComparatorFunctions$$Lambda$1493
instanceKlass sbt/internal/librarymanagement/SemComparatorFunctions$$Lambda$1492
instanceKlass scala/tools/nsc/backend/jvm/PostProcessor
instanceKlass sbt/internal/librarymanagement/SemComparatorFunctions$$Lambda$1491
instanceKlass sbt/internal/librarymanagement/SemComparatorFunctions$$Lambda$1490
instanceKlass scala/tools/nsc/backend/jvm/CodeGen
instanceKlass scala/tools/nsc/backend/jvm/BTypes
instanceKlass sbt/internal/librarymanagement/SemComparatorFunctions
instanceKlass sbt/internal/librarymanagement/SemSelAndChunkFunctions$$Lambda$1489
instanceKlass sbt/internal/librarymanagement/SemComparatorExtra
instanceKlass scala/collection/IndexedSeqOptimized$$Lambda$1488
instanceKlass sbt/internal/librarymanagement/SemSelAndChunkFunctions$$Lambda$1487
instanceKlass scala/tools/nsc/backend/jvm/PerRunInit
instanceKlass scala/tools/nsc/backend/jvm/PostProcessorFrontendAccess
instanceKlass sbt/internal/librarymanagement/SemSelOperator
instanceKlass sbt/internal/librarymanagement/SemSelAndChunkFunctions
instanceKlass sbt/librarymanagement/SemanticSelector$$$Lambda$1486
instanceKlass sbt/internal/librarymanagement/SemSelAndChunk
instanceKlass sbt/librarymanagement/SemanticSelector$$$Lambda$1485
instanceKlass sbt/librarymanagement/SemanticSelector$
instanceKlass sbt/librarymanagement/VersionNumber
instanceKlass scala/tools/nsc/Global$$Lambda$1484
instanceKlass sbt/librarymanagement/VersionNumber$$$Lambda$1483
instanceKlass sbt/librarymanagement/VersionNumber$$$Lambda$1482
instanceKlass sbt/librarymanagement/VersionNumber$$$Lambda$1481
instanceKlass scala/collection/SetLike$$Lambda$1480
instanceKlass scala/collection/mutable/MapBuilder
instanceKlass sbt/librarymanagement/VersionNumber$
instanceKlass scala/tools/nsc/transform/Statics$StaticsTransformer
instanceKlass sbt/librarymanagement/ScalaArtifacts$
instanceKlass sbt/internal/inc/ZincLmUtil$
instanceKlass sbt/internal/inc/ScalaInstance$$Lambda$1479
instanceKlass sbt/internal/inc/ScalaInstance$$$Lambda$1478
instanceKlass java/lang/invoke/LambdaForm$BMH
instanceKlass java/lang/invoke/LambdaForm$MH
instanceKlass scala/runtime/MethodCache
instanceKlass scala/runtime/StructuralCallSite
instanceKlass sbt/internal/inc/ScalaInstance$$$Lambda$1477
instanceKlass sbt/internal/inc/ScalaInstance$$$Lambda$1476
instanceKlass sbt/internal/inc/ScalaInstance$
instanceKlass org/apache/ivy/util/url/URLHandler
instanceKlass org/apache/ivy/Ivy
instanceKlass org/apache/ivy/util/MessageLogger
instanceKlass sbt/librarymanagement/ivy/IvyDependencyResolution
instanceKlass sbt/librarymanagement/DependencyResolution$
instanceKlass sbt/librarymanagement/DependencyResolutionInterface
instanceKlass scala/tools/nsc/transform/async/AnfTransform$Tracing
instanceKlass sbt/librarymanagement/ivy/IvyDependencyResolution$
instanceKlass scala/collection/immutable/Vector$$Lambda$1475
instanceKlass scala/tools/nsc/transform/async/AsyncNames$NameCache
instanceKlass scala/tools/nsc/transform/async/AsyncNames
instanceKlass sbt/librarymanagement/FileConfiguration
instanceKlass scala/tools/nsc/transform/async/TransformUtils$$Lambda$1474
instanceKlass sbt/librarymanagement/FileConfiguration$
instanceKlass sbt/librarymanagement/FileRepository$
instanceKlass sbt/librarymanagement/ivy/IvyPaths$
instanceKlass sbt/librarymanagement/ivy/IvyDefaults$
instanceKlass sbt/internal/librarymanagement/LMSysProp$$$Lambda$1473
instanceKlass sbt/librarymanagement/ivy/CircularDependencyLevel$$anon$3
instanceKlass sbt/librarymanagement/ivy/CircularDependencyLevel$$anon$2
instanceKlass scala/tools/nsc/transform/async/ExprBuilder$AsyncBlock
instanceKlass sbt/librarymanagement/ivy/CircularDependencyLevel$$anon$1
instanceKlass scala/tools/nsc/transform/async/ExprBuilder$StateTransitionStyle
instanceKlass sbt/librarymanagement/ivy/CircularDependencyLevel
instanceKlass sbt/librarymanagement/ivy/CircularDependencyLevel$
instanceKlass sbt/librarymanagement/ivy/UpdateOptions$
instanceKlass scala/tools/nsc/transform/async/LiveVariables
instanceKlass sbt/librarymanagement/ivy/InlineIvyConfiguration$
instanceKlass scala/tools/nsc/transform/async/Lifter
instanceKlass scala/tools/nsc/transform/async/ExprBuilder
instanceKlass scala/tools/nsc/transform/async/AsyncAnalysis
instanceKlass sbt/internal/util/Attributed$$$Lambda$1472
instanceKlass sbt/internal/util/Attributed$
instanceKlass scala/tools/nsc/transform/async/AnfTransform
instanceKlass scala/tools/nsc/transform/async/TransformUtils
instanceKlass sbt/BuildPaths$$$Lambda$1471
instanceKlass scala/tools/nsc/transform/async/AsyncTransformStates
instanceKlass sbt/BuildPaths$$$Lambda$1470
instanceKlass sbt/BuildPaths$$$Lambda$1469
instanceKlass sbt/BuildPaths$$$Lambda$1468
instanceKlass sbt/internal/librarymanagement/cross/CrossVersionUtil$$$Lambda$1467
instanceKlass sbt/internal/librarymanagement/cross/CrossVersionUtil$
instanceKlass java/lang/invoke/LambdaForm$MH
instanceKlass java/lang/invoke/LambdaForm$DMH
instanceKlass scala/tools/nsc/transform/PostErasure
instanceKlass sbt/internal/Load$$$Lambda$1466
instanceKlass java/lang/invoke/LambdaForm$DMH
instanceKlass sbt/internal/Load$$$Lambda$1465
instanceKlass sbt/TaskKey$$Lambda$1464
instanceKlass sbt/internal/Load$$$Lambda$1463
instanceKlass sbt/internal/Load$$$Lambda$1462
instanceKlass sbt/internal/GCMonitor$$Lambda$1461
instanceKlass sbt/internal/KeyIndex
instanceKlass sbt/internal/GCMonitor$$Lambda$1460
instanceKlass scala/runtime/java8/JFunction0$mcD$sp
instanceKlass java/lang/invoke/LambdaForm$DMH
instanceKlass sbt/internal/GCMonitor$$Lambda$1459
instanceKlass sbt/internal/GCMonitor$$Lambda$1458
instanceKlass scala/util/Try$
instanceKlass sbt/internal/GCMonitorBase$$Lambda$1457
instanceKlass sbt/internal/Load$
instanceKlass sbt/internal/GCMonitorBase$$Lambda$1456
instanceKlass java/util/concurrent/LinkedBlockingQueue$Itr
instanceKlass sbt/internal/GCMonitorBase$$Lambda$1455
instanceKlass java/lang/invoke/LambdaForm$DMH
instanceKlass sun/management/GarbageCollectionNotifInfoCompositeData$1
instanceKlass scala/tools/nsc/transform/TypeAdaptingTransformer
instanceKlass java/util/TreeMap$PrivateEntryIterator
instanceKlass sbt/internal/inc/FreshCompilerCache
instanceKlass java/util/NavigableSet
instanceKlass java/util/SortedSet
instanceKlass xsbti/compile/CompilerCache
instanceKlass javax/management/openmbean/CompositeDataSupport
instanceKlass sbt/BuiltinCommands$$$Lambda$1454
instanceKlass javax/management/openmbean/TabularDataSupport
instanceKlass sbt/Project$$$Lambda$1453
instanceKlass sun/management/GcInfoCompositeData$2
instanceKlass sun/management/GcInfoCompositeData$1
instanceKlass sbt/internal/util/AbstractRMap
instanceKlass com/sun/management/GarbageCollectionNotificationInfo
instanceKlass java/util/ComparableTimSort
instanceKlass scala/reflect/internal/Trees$UnderConstructionTransformer
instanceKlass com/sun/jmx/mbeanserver/Util
instanceKlass javax/management/ObjectName$Property
instanceKlass sbt/internal/util/IMap
instanceKlass sbt/internal/util/RMap
instanceKlass sun/management/Util
instanceKlass com/sun/jmx/mbeanserver/GetPropertyAction
instanceKlass sbt/internal/util/IMap$
instanceKlass java/lang/reflect/WildcardType
instanceKlass sun/reflect/generics/tree/Wildcard
instanceKlass sun/reflect/generics/tree/BottomSignature
instanceKlass sun/management/MappedMXBeanType$CompositeDataMXBeanType$2
instanceKlass sbt/SessionVar$
instanceKlass sun/management/MappedMXBeanType$CompositeDataMXBeanType$1
instanceKlass sbt/BuiltinCommands$$$Lambda$1452
instanceKlass sbt/BuiltinCommands$$$Lambda$1451
instanceKlass javax/management/ObjectName
instanceKlass javax/management/QueryExp
instanceKlass scala/tools/nsc/transform/SpecializeTypes$$Lambda$1450
instanceKlass sbt/io/IO$$$Lambda$1449
instanceKlass javax/management/openmbean/TabularData
instanceKlass sun/management/MappedMXBeanType
instanceKlass sun/reflect/generics/reflectiveObjects/LazyReflectiveObjectGenerator
instanceKlass sbt/internal/BootServerSocket$2$$Lambda$1448
instanceKlass sbt/internal/util/Terminal$TerminalImpl$$anon$5$$Lambda$1447
instanceKlass sun/reflect/generics/tree/ClassSignature
instanceKlass sun/reflect/generics/reflectiveObjects/ParameterizedTypeImpl
instanceKlass java/lang/reflect/ParameterizedType
instanceKlass sbt/internal/BootServerSocket$2$$Lambda$1446
instanceKlass java/lang/invoke/LambdaForm$DMH
instanceKlass sun/reflect/generics/tree/MethodTypeSignature
instanceKlass sun/reflect/generics/tree/Signature
instanceKlass sun/reflect/generics/tree/FormalTypeParameter
instanceKlass sbt/internal/util/Terminal$TerminalImpl$$anon$5$$Lambda$1445
instanceKlass javax/management/openmbean/OpenType
instanceKlass scala/tools/nsc/transform/SpecializeTypes$SpecializedInfo
instanceKlass sun/management/LazyCompositeData
instanceKlass sbt/internal/util/Terminal$TerminalImpl$$Lambda$1444
instanceKlass sun/management/GcInfoBuilder
instanceKlass com/sun/management/GcInfo
instanceKlass javax/management/openmbean/CompositeDataView
instanceKlass sbt/internal/util/Terminal$TerminalImpl$$anon$6$$Lambda$1443
instanceKlass javax/management/openmbean/CompositeData
instanceKlass sbt/internal/util/Terminal$TerminalImpl$$anon$6$$Lambda$1442
instanceKlass java/lang/invoke/LambdaForm$MH
instanceKlass java/lang/invoke/LambdaForm$DMH
instanceKlass java/lang/invoke/LambdaForm$DMH
instanceKlass sbt/internal/util/Terminal$TerminalImpl$$anon$6$$Lambda$1441
instanceKlass java/lang/invoke/LambdaForm$DMH
instanceKlass sbt/internal/util/Terminal$LinePrintStream$$Lambda$1440
instanceKlass sbt/BuiltinCommands$$$Lambda$1439
instanceKlass sbt/BasicCommands$$$Lambda$1438
instanceKlass scala/tools/nsc/transform/AccessorSynthesis$CheckedAccessorTreeSynthesis
instanceKlass scala/tools/nsc/transform/AccessorSynthesis$AccessorTreeSynthesis
instanceKlass sbt/internal/util/complete/ParserMain$$anon$1$$Lambda$1437
instanceKlass scala/tools/nsc/transform/AccessorSynthesis
instanceKlass sbt/BuiltinCommands$$$Lambda$1436
instanceKlass sbt/io/IO$$$Lambda$1435
instanceKlass sbt/io/IO$$$Lambda$1434
instanceKlass sbt/io/Using$$$Lambda$1433
instanceKlass sbt/BuiltinCommands$$$Lambda$1432
instanceKlass sbt/BuiltinCommands$$$Lambda$1431
instanceKlass scala/tools/nsc/transform/InfoTransform
instanceKlass scala/collection/convert/DecorateAsScala$$Lambda$1430
instanceKlass scala/Function$$$Lambda$1429
instanceKlass scala/Function$
instanceKlass sbt/BasicCommands$$$Lambda$1428
instanceKlass sbt/BasicCommands$$$Lambda$1427
instanceKlass sbt/BuiltinCommands$$$Lambda$1426
instanceKlass scala/reflect/api/Trees$Transformer
instanceKlass scala/tools/nsc/transform/patmat/PatternMatching
instanceKlass scala/tools/nsc/transform/patmat/PatternExpansion
instanceKlass scala/tools/nsc/transform/patmat/MatchWarnings
instanceKlass scala/tools/nsc/transform/patmat/MatchOptimization
instanceKlass scala/tools/nsc/transform/patmat/MatchAnalysis
instanceKlass scala/tools/nsc/transform/patmat/MatchApproximation
instanceKlass scala/tools/nsc/transform/patmat/MatchTreeMaking
instanceKlass scala/tools/nsc/transform/patmat/MatchCodeGen
instanceKlass scala/tools/nsc/transform/patmat/ScalaLogic
instanceKlass scala/tools/nsc/transform/patmat/TreeAndTypeAnalysis
instanceKlass scala/tools/nsc/transform/patmat/Interface
instanceKlass scala/tools/nsc/transform/patmat/Solving
instanceKlass scala/tools/nsc/transform/patmat/Logic
instanceKlass scala/tools/nsc/transform/patmat/Debugging
instanceKlass scala/tools/nsc/transform/patmat/MatchCps
instanceKlass scala/tools/nsc/transform/patmat/MatchTranslation
instanceKlass scala/tools/nsc/transform/Transform
instanceKlass scala/tools/nsc/ast/parser/Scanners$$Lambda$1425
instanceKlass scala/tools/nsc/ast/parser/ScannersCommon$$Lambda$1424
instanceKlass scala/tools/nsc/ast/parser/ScannersCommon$$Lambda$1423
instanceKlass scala/tools/nsc/ast/parser/ScannersCommon$$Lambda$1422
instanceKlass sbt/internal/util/complete/Filter$$Lambda$1421
instanceKlass sbt/internal/util/complete/Repeat$$Lambda$1420
instanceKlass scala/reflect/internal/Definitions$DefinitionsClass$$Lambda$1419
instanceKlass sbt/internal/util/complete/Parser$$$Lambda$1418
instanceKlass scala/reflect/internal/Definitions$DefinitionsClass$$Lambda$1417
instanceKlass scala/runtime/BooleanRef
instanceKlass scala/tools/nsc/classpath/ZipArchiveFileLookup$$Lambda$1416
instanceKlass scala/tools/nsc/classpath/ZipArchiveFileLookup$$Lambda$1415
instanceKlass scala/tools/nsc/classpath/AggregateClassPath$$Lambda$1414
instanceKlass scala/tools/nsc/classpath/AggregateClassPath$$Lambda$1413
instanceKlass sbt/State$StateOpsImpl$$$Lambda$1411
instanceKlass scala/tools/nsc/classpath/AggregateClassPath$$Lambda$1412
instanceKlass sbt/CommandUtil$$$Lambda$1410
instanceKlass scala/tools/nsc/classpath/PackageNameUtils$
instanceKlass sbt/CommandUtil$$$Lambda$1409
instanceKlass sbt/CommandUtil$$$Lambda$1408
instanceKlass scala/tools/nsc/symtab/classfile/ClassfileParser$innerClasses$$$Lambda$1407
instanceKlass sbt/CommandUtil$
instanceKlass scala/reflect/internal/StdNames$TermNames$raw$
instanceKlass scala/reflect/internal/Definitions$DefinitionsClass$$Lambda$1406
instanceKlass scala/reflect/internal/util/package$
instanceKlass scala/reflect/internal/Definitions$DefinitionsClass$$Lambda$1405
instanceKlass scala/reflect/internal/Definitions$DefinitionsClass$$Lambda$1404
instanceKlass scala/reflect/internal/Definitions$DefinitionsClass$$Lambda$1403
instanceKlass scala/reflect/internal/Definitions$DefinitionsClass$$Lambda$1402
instanceKlass scala/reflect/internal/Definitions$DefinitionsClass$$Lambda$1401
instanceKlass scala/reflect/internal/Symbols$Symbol$$Lambda$1400
instanceKlass scala/reflect/internal/Definitions$DefinitionsClass$$Lambda$1399
instanceKlass scala/reflect/internal/Definitions$DefinitionsClass$$Lambda$1398
instanceKlass scala/tools/nsc/symtab/classfile/ClassfileParser$$Lambda$1397
instanceKlass scala/tools/nsc/symtab/classfile/ClassfileParser$$Lambda$1396
instanceKlass scala/runtime/ObjectRef
instanceKlass sbt/internal/util/complete/ParserMain$$Lambda$1395
instanceKlass sbt/TemplateCommandUtil$$$Lambda$1394
instanceKlass sbt/internal/util/complete/Parsers$$Lambda$1393
instanceKlass scala/reflect/internal/Symbols$Symbol$$Lambda$1392
instanceKlass scala/reflect/internal/Symbols$Symbol$$Lambda$1391
instanceKlass sbt/internal/util/complete/And$$Lambda$1390
instanceKlass sbt/internal/util/complete/ParserMain$$anon$3$$Lambda$1389
instanceKlass sbt/BasicCommands$$$Lambda$1388
instanceKlass sbt/BasicCommands$$$Lambda$1387
instanceKlass sbt/internal/util/complete/Not
instanceKlass sbt/BasicCommands$$$Lambda$1386
instanceKlass sbt/BasicCommands$$$Lambda$1385
instanceKlass sbt/BasicCommands$$$Lambda$1384
instanceKlass sbt/BasicCommands$$$Lambda$1383
instanceKlass sbt/internal/util/complete/Parsers$$Lambda$1382
instanceKlass java/lang/invoke/LambdaForm$MH
instanceKlass java/lang/invoke/LambdaForm$DMH
instanceKlass java/lang/invoke/LambdaForm$DMH
instanceKlass sbt/internal/util/complete/Parsers$$Lambda$1381
instanceKlass java/lang/invoke/LambdaForm$DMH
instanceKlass sbt/internal/util/complete/And$$Lambda$1380
instanceKlass sbt/BasicCommands$$$Lambda$1379
instanceKlass sbt/internal/util/complete/Parser$$$Lambda$1378
instanceKlass sbt/internal/util/complete/And
instanceKlass sbt/internal/util/complete/Parser$$$Lambda$1377
instanceKlass sbt/BasicCommands$$$Lambda$1376
instanceKlass sbt/BasicCommands$$$Lambda$1375
instanceKlass scala/reflect/internal/Definitions$DefinitionsClass$$Lambda$1374
instanceKlass scala/collection/immutable/HashMap$HashMapKeys$$Lambda$1373
instanceKlass sbt/internal/ContinuousCommands$$$Lambda$1372
instanceKlass sbt/internal/ContinuousCommands$$$Lambda$1371
instanceKlass sbt/BasicCommands$$$Lambda$1370
instanceKlass sbt/BasicCommands$$$Lambda$1369
instanceKlass sbt/internal/Act$$$Lambda$1368
instanceKlass sbt/internal/Act$$$Lambda$1367
instanceKlass sbt/internal/Act$ActAction
instanceKlass sbt/internal/Act$$$Lambda$1366
instanceKlass scala/reflect/internal/Symbols$$Lambda$1365
instanceKlass scala/reflect/internal/Symbols$$Lambda$1364
instanceKlass scala/reflect/internal/Mirrors$RootsBase$$Lambda$1363
instanceKlass scala/tools/nsc/symtab/classfile/ClassfileParser$ClassTypeCompleter$$Lambda$1362
instanceKlass scala/tools/nsc/symtab/classfile/ClassfileParser$ClassTypeCompleter$$Lambda$1361
instanceKlass sbt/internal/Act$ParsedAxis
instanceKlass scala/reflect/internal/PrivateWithin$$Lambda$1360
instanceKlass sbt/internal/Act$
instanceKlass sbt/BasicCommands$$$Lambda$1359
instanceKlass sbt/BasicCommands$$$Lambda$1358
instanceKlass sbt/Cross$$$Lambda$1357
instanceKlass sbt/internal/server/BuildServerProtocol$$$Lambda$1356
instanceKlass sbt/BasicCommands$$$Lambda$1355
instanceKlass sbt/BasicCommands$$$Lambda$1354
instanceKlass sbt/BasicCommands$$$Lambda$1353
instanceKlass sbt/BasicCommands$$$Lambda$1352
instanceKlass sbt/BasicCommands$$$Lambda$1351
instanceKlass scala/reflect/internal/SymbolTable$$Lambda$1350
instanceKlass sbt/BasicCommands$$$Lambda$1349
instanceKlass scala/reflect/internal/Symbols$Symbol$$Lambda$1348
instanceKlass sbt/BasicCommands$$$Lambda$1347
instanceKlass scala/reflect/internal/util/ThreeValues$
instanceKlass sbt/BasicCommands$$$Lambda$1346
instanceKlass scala/reflect/internal/Types$TypeRef$$Lambda$1345
instanceKlass sbt/BasicCommands$$$Lambda$1344
instanceKlass scala/reflect/internal/SymbolTable$$Lambda$1343
instanceKlass sbt/BasicCommands$$$Lambda$1342
instanceKlass scala/reflect/internal/SymbolTable$$Lambda$1341
instanceKlass sbt/BasicCommands$$$Lambda$1340
instanceKlass sbt/BasicCommands$$$Lambda$1339
instanceKlass sbt/BasicCommands$$$Lambda$1338
instanceKlass scala/compat/Platform$
instanceKlass sbt/BasicCommands$$$Lambda$1337
instanceKlass scala/reflect/internal/pickling/UnPickler$Scan$LazyTypeRef$$Lambda$1336
instanceKlass sbt/BasicCommands$$$Lambda$1335
instanceKlass scala/reflect/internal/pickling/UnPickler$Scan$LazyTypeRef$$Lambda$1334
instanceKlass sbt/BasicCommands$$$Lambda$1333
instanceKlass sbt/BasicCommands$$$Lambda$1332
instanceKlass sbt/BasicCommands$$$Lambda$1331
instanceKlass scala/reflect/internal/AnnotationInfos$AnnotationInfo$
instanceKlass sbt/BasicCommands$$$Lambda$1330
instanceKlass sbt/BasicCommands$$$Lambda$1329
instanceKlass sbt/BasicCommands$$$Lambda$1328
instanceKlass sbt/BasicCommands$$$Lambda$1327
instanceKlass scala/reflect/internal/pickling/UnPickler$Scan$$Lambda$1326
instanceKlass sbt/BasicCommands$$$Lambda$1325
instanceKlass sbt/BasicCommands$$$Lambda$1324
instanceKlass sbt/BasicCommands$$$Lambda$1323
instanceKlass scala/reflect/internal/pickling/UnPickler$Scan$$Lambda$1322
instanceKlass sbt/BasicCommands$$$Lambda$1321
instanceKlass sbt/BasicCommands$$$Lambda$1320
instanceKlass scala/reflect/internal/pickling/UnPickler$Scan$$Lambda$1319
instanceKlass sbt/BasicCommands$$$Lambda$1318
instanceKlass scala/reflect/internal/pickling/UnPickler$Scan$$Lambda$1317
instanceKlass sbt/BasicCommands$$$Lambda$1316
instanceKlass scala/reflect/internal/Symbols$$Lambda$1315
instanceKlass sbt/BasicCommands$$$Lambda$1314
instanceKlass java/lang/invoke/LambdaForm$MH
instanceKlass java/lang/invoke/LambdaForm$DMH
instanceKlass sbt/BuiltinCommands$$$Lambda$1313
instanceKlass java/lang/invoke/LambdaForm$DMH
instanceKlass sbt/BuiltinCommands$$$Lambda$1312
instanceKlass scala/reflect/internal/Symbols$$Lambda$1311
instanceKlass sbt/internal/server/NetworkChannel$$$Lambda$1310
instanceKlass java/lang/invoke/LambdaForm$DMH
instanceKlass sbt/internal/server/NetworkChannel$$$Lambda$1309
instanceKlass scala/reflect/internal/pickling/UnPickler$Scan$$Lambda$1308
instanceKlass sbt/internal/server/NetworkChannel$
instanceKlass scala/reflect/internal/pickling/UnPickler$Scan$$Lambda$1307
instanceKlass sbt/BuiltinCommands$$$Lambda$1306
instanceKlass sbt/BuiltinCommands$$$Lambda$1305
instanceKlass sbt/internal/Continuous$$$Lambda$1304
instanceKlass scala/reflect/internal/Flags$$Lambda$1302
instanceKlass sbt/BuiltinCommands$$$Lambda$1303
instanceKlass scala/runtime/java8/JFunction1$mcZJ$sp
instanceKlass sbt/BuiltinCommands$$$Lambda$1301
instanceKlass sbt/BuiltinCommands$$$Lambda$1300
instanceKlass java/lang/invoke/LambdaForm$DMH
instanceKlass sbt/BuiltinCommands$$$Lambda$1299
instanceKlass scala/reflect/internal/Flags$$Lambda$1298
instanceKlass scala/runtime/java8/JFunction1$mcJJ$sp
instanceKlass sbt/BuiltinCommands$$$Lambda$1297
instanceKlass java/lang/invoke/LambdaForm$DMH
instanceKlass sbt/BuiltinCommands$$$Lambda$1296
instanceKlass scala/reflect/internal/Flags$$Lambda$1295
instanceKlass sbt/BuiltinCommands$$$Lambda$1294
instanceKlass scala/runtime/java8/JFunction1$mcJI$sp
instanceKlass sbt/BuiltinCommands$$$Lambda$1293
instanceKlass java/lang/invoke/LambdaForm$DMH
instanceKlass sbt/BuiltinCommands$$$Lambda$1292
instanceKlass scala/collection/mutable/ArrayOps$ofLong$
instanceKlass scala/reflect/internal/Flags$MapFlags$$Lambda$1291
instanceKlass sbt/Command$$$Lambda$1290
instanceKlass scala/runtime/java8/JFunction2$mcJJJ$sp
instanceKlass sbt/BuiltinCommands$$$Lambda$1289
instanceKlass java/lang/invoke/LambdaForm$DMH
instanceKlass sbt/BuiltinCommands$$$Lambda$1288
instanceKlass sbt/BuiltinCommands$$$Lambda$1287
instanceKlass sbt/BuiltinCommands$$$Lambda$1286
instanceKlass scala/collection/mutable/ArrayOps$ofLong
instanceKlass sbt/BuiltinCommands$$$Lambda$1285
instanceKlass sbt/BuiltinCommands$$$Lambda$1284
instanceKlass sbt/BuiltinCommands$$$Lambda$1283
instanceKlass sbt/BasicCommands$$$Lambda$1282
instanceKlass scala/reflect/internal/Flags$MapFlags
instanceKlass scala/Function1$mcJJ$sp
instanceKlass sbt/BasicCommands$$$Lambda$1281
instanceKlass sbt/BuiltinCommands$$$Lambda$1280
instanceKlass scala/reflect/internal/Flags$$Lambda$1279
instanceKlass sbt/BuiltinCommands$$$Lambda$1277
instanceKlass scala/reflect/internal/Flags$$Lambda$1278
instanceKlass sbt/BuiltinCommands$$$Lambda$1276
instanceKlass scala/reflect/internal/ModifierFlags
instanceKlass sbt/BasicCommandStrings$$$Lambda$1275
instanceKlass sbt/internal/util/complete/ParserMain$$Lambda$1274
instanceKlass sbt/BuiltinCommands$$$Lambda$1273
instanceKlass scala/reflect/internal/pickling/UnPickler$Scan$$Lambda$1272
instanceKlass sbt/Cross$$$Lambda$1270
instanceKlass scala/reflect/internal/pickling/UnPickler$Scan$$Lambda$1271
instanceKlass sbt/Cross$$$Lambda$1269
instanceKlass scala/reflect/internal/pickling/PickleFormat$
instanceKlass sbt/PluginCross$$$Lambda$1268
instanceKlass sbt/PluginCross$$$Lambda$1267
instanceKlass sbt/PluginCross$$$Lambda$1266
instanceKlass sbt/PluginCross$$$Lambda$1265
instanceKlass sbt/PluginCross$
instanceKlass sbt/internal/CrossJava$$$Lambda$1264
instanceKlass scala/reflect/internal/pickling/PickleBuffer
instanceKlass sbt/internal/CrossJava$CrossArgs
instanceKlass sbt/internal/CrossJava$$$Lambda$1263
instanceKlass sbt/internal/CrossJava$$$Lambda$1262
instanceKlass sbt/internal/CrossJava$SwitchJavaHome
instanceKlass sbt/internal/CrossJava$$$Lambda$1261
instanceKlass scala/reflect/internal/pickling/UnPickler
instanceKlass sbt/internal/CrossJava$
instanceKlass scala/reflect/internal/Mirrors$RootsBase$$Lambda$1260
instanceKlass scala/reflect/internal/pickling/ByteCodecs$
instanceKlass scala/reflect/internal/Types$GenPolyType$
instanceKlass sbt/Cross$$$Lambda$1259
instanceKlass scala/reflect/ScalaLongSignature
instanceKlass sbt/Cross$Switch
instanceKlass sbt/Cross$$$Lambda$1258
instanceKlass sbt/Cross$$$Lambda$1257
instanceKlass sbt/Cross$CrossArgs
instanceKlass sbt/Cross$$$Lambda$1256
instanceKlass sbt/Cross$$$Lambda$1255
instanceKlass scala/reflect/ScalaSignature
instanceKlass sbt/Cross$
instanceKlass sbt/BuiltinCommands$$$Lambda$1254
instanceKlass sbt/BuiltinCommands$$$Lambda$1253
instanceKlass sbt/BuiltinCommands$$$Lambda$1252
instanceKlass sbt/BuiltinCommands$$$Lambda$1251
instanceKlass sbt/BuiltinCommands$$$Lambda$1250
instanceKlass sbt/BuiltinCommands$$$Lambda$1249
instanceKlass sbt/internal/Inspect$$$Lambda$1248
instanceKlass sbt/internal/Inspect$$$Lambda$1247
instanceKlass sbt/internal/Inspect$$$Lambda$1246
instanceKlass sbt/internal/Inspect$DefinitionsMode$
instanceKlass sbt/internal/Inspect$UsesMode$
instanceKlass sbt/internal/Inspect$DependencyTreeMode$
instanceKlass sbt/internal/Inspect$Mode
instanceKlass sbt/internal/Inspect$
instanceKlass sbt/BuiltinCommands$$$Lambda$1245
instanceKlass sbt/internal/SessionSettings$
instanceKlass sbt/BuiltinCommands$$$Lambda$1244
instanceKlass sbt/BuiltinCommands$$$Lambda$1243
instanceKlass sbt/BuiltinCommands$$$Lambda$1242
instanceKlass sbt/BuiltinCommands$$$Lambda$1241
instanceKlass sbt/BuiltinCommands$$$Lambda$1240
instanceKlass sbt/TemplateCommandUtil$$$Lambda$1239
instanceKlass sbt/TemplateCommandUtil$$$Lambda$1238
instanceKlass sbt/TemplateCommandUtil$
instanceKlass sbt/BuiltinCommands$$$Lambda$1237
instanceKlass sbt/BuiltinCommands$$$Lambda$1236
instanceKlass sbt/BuiltinCommands$$$Lambda$1235
instanceKlass java/lang/invoke/LambdaForm$MH
instanceKlass java/lang/invoke/LambdaForm$DMH
instanceKlass sbt/BuiltinCommands$$$Lambda$1234
instanceKlass scala/reflect/internal/Mirrors$RootsBase$$Lambda$1233
instanceKlass java/lang/invoke/LambdaForm$DMH
instanceKlass scala/reflect/internal/Mirrors$RootsBase$$Lambda$1232
instanceKlass sbt/BuiltinCommands$$$Lambda$1231
instanceKlass scala/annotation/Annotation
instanceKlass scala/annotation/StaticAnnotation
instanceKlass sbt/BuiltinCommands$$$Lambda$1230
instanceKlass sbt/BuiltinCommands$$$Lambda$1229
instanceKlass scala/tools/nsc/symtab/classfile/ClassfileParser$$Lambda$1228
instanceKlass scala/tools/nsc/symtab/classfile/ClassfileParser$InnerClassEntry
instanceKlass scala/tools/nsc/symtab/classfile/ClassfileParser$$Lambda$1227
instanceKlass scala/math/Ordering$Ops
instanceKlass scala/math/Ordering$BigDecimal$
instanceKlass sbt/internal/TaskProgress$$Lambda$1226
instanceKlass sbt/internal/TaskProgress$$Lambda$1225
instanceKlass sbt/util/LoggerContext$LoggerContextImpl$$Lambda$1224
instanceKlass scala/math/Numeric$BigDecimalAsIfIntegral$
instanceKlass sbt/internal/GCMonitor$$Lambda$1223
instanceKlass scala/math/Ordering$BigDecimalOrdering
instanceKlass sbt/MainLoop$$$Lambda$1222
instanceKlass scala/math/Numeric$BigDecimalAsIfIntegral
instanceKlass sbt/MainLoop$$$Lambda$1221
instanceKlass scala/math/Numeric$BigDecimalIsConflicted
instanceKlass sbt/internal/CommandExchange$$Lambda$1220
instanceKlass sbt/MainLoop$ExitCode$
instanceKlass sbt/MainLoop$$$Lambda$1219
instanceKlass scala/math/Ordering$Double$
instanceKlass sbt/MainLoop$$$Lambda$1218
instanceKlass sbt/MainLoop$$$Lambda$1217
instanceKlass sbt/internal/util/complete/ParserMain$$Lambda$1216
instanceKlass scala/math/Numeric$DoubleAsIfIntegral$
instanceKlass scala/math/Ordering$DoubleOrdering
instanceKlass sbt/internal/util/complete/ParserMain$$Lambda$1215
instanceKlass scala/math/Numeric$DoubleAsIfIntegral
instanceKlass scala/math/Numeric$DoubleIsConflicted
instanceKlass scala/util/Either$LeftProjection
instanceKlass sbt/Command$$$Lambda$1214
instanceKlass scala/math/Ordering$Float$
instanceKlass sbt/internal/util/complete/ParserMain$$anon$2$$Lambda$1213
instanceKlass scala/math/Numeric$FloatAsIfIntegral$
instanceKlass scala/math/Ordering$FloatOrdering
instanceKlass sbt/Command$$$Lambda$1212
instanceKlass sbt/internal/util/complete/ParserMain$$Lambda$1211
instanceKlass scala/math/Numeric$FloatAsIfIntegral
instanceKlass scala/math/Numeric$FloatIsConflicted
instanceKlass sbt/internal/util/complete/SoftInvalid
instanceKlass sbt/Command$$$Lambda$1210
instanceKlass scala/math/Ordering$Long$
instanceKlass scala/math/Numeric$LongIsIntegral$
instanceKlass scala/math/Ordering$LongOrdering
instanceKlass scala/math/Numeric$LongIsIntegral
instanceKlass scala/math/Ordering$Char$
instanceKlass scala/math/Numeric$CharIsIntegral$
instanceKlass scala/math/Ordering$CharOrdering
instanceKlass scala/math/Numeric$CharIsIntegral
instanceKlass scala/math/Ordering$Byte$
instanceKlass scala/math/Numeric$ByteIsIntegral$
instanceKlass scala/math/Ordering$ByteOrdering
instanceKlass sbt/internal/util/complete/BindParser$$Lambda$1209
instanceKlass scala/math/Numeric$ByteIsIntegral
instanceKlass sbt/internal/util/complete/SeqParser$$Lambda$1208
instanceKlass scala/math/Ordering$Short$
instanceKlass scala/math/Numeric$ShortIsIntegral$
instanceKlass sbt/BasicCommands$$$Lambda$1207
instanceKlass scala/math/Ordering$ShortOrdering
instanceKlass scala/math/Numeric$ShortIsIntegral
instanceKlass sbt/internal/util/complete/ParserMain$$Lambda$1206
instanceKlass sbt/Command$$$Lambda$1205
instanceKlass scala/math/Ordering$BigInt$
instanceKlass sbt/internal/util/complete/StringLiteral$$Lambda$1204
instanceKlass sbt/internal/util/complete/Parser$$$Lambda$1203
instanceKlass scala/math/Numeric$BigIntIsIntegral$
instanceKlass sbt/internal/util/complete/Parser$Failure$$Lambda$1202
instanceKlass scala/math/Ordering$BigIntOrdering
instanceKlass sbt/internal/util/complete/Repeat$$Lambda$1201
instanceKlass scala/math/Numeric$BigIntIsIntegral
instanceKlass sbt/internal/util/complete/HomParser$$Lambda$1200
instanceKlass sbt/internal/util/complete/Parser$Result$$Lambda$1199
instanceKlass scala/collection/immutable/NumericRange$
instanceKlass sbt/internal/util/complete/SeqParser$$Lambda$1198
instanceKlass scala/math/Numeric$Ops
instanceKlass sbt/Command$$$Lambda$1197
instanceKlass scala/math/Numeric$IntIsIntegral$
instanceKlass scala/math/Numeric$IntIsIntegral
instanceKlass sbt/Command$$$Lambda$1196
instanceKlass scala/reflect/internal/ClassfileConstants$FlagTranslation
instanceKlass scala/tools/nsc/symtab/classfile/ClassfileParser$innerClasses$
instanceKlass sbt/Command$$$Lambda$1195
instanceKlass sbt/Command$$$Lambda$1194
instanceKlass scala/reflect/internal/JavaAccFlags$
instanceKlass sbt/Command$$$Lambda$1193
instanceKlass sbt/Command$$$Lambda$1192
instanceKlass sbt/Command$$$Lambda$1191
instanceKlass scala/tools/nsc/symtab/classfile/ClassfileParser$NameOrString
instanceKlass sbt/BasicCommands$$$Lambda$1190
instanceKlass sbt/BasicCommands$$$Lambda$1189
instanceKlass scala/tools/nsc/symtab/classfile/ClassfileParser$ConstantPool
instanceKlass sbt/BasicCommands$$$Lambda$1188
instanceKlass sbt/Command$$$Lambda$1187
instanceKlass sbt/Command$$$Lambda$1186
instanceKlass sbt/internal/util/Util$$$Lambda$1185
instanceKlass sbt/Command$$$Lambda$1184
instanceKlass scala/tools/nsc/symtab/SymbolLoaders$$Lambda$1183
instanceKlass sbt/State$$Lambda$1182
instanceKlass scala/tools/nsc/symtab/classfile/ReusableDataReader
instanceKlass sbt/MainLoop$$$Lambda$1181
instanceKlass sbt/BuiltinCommands$$$Lambda$1180
instanceKlass sbt/BuiltinCommands$$$Lambda$1179
instanceKlass scala/tools/nsc/symtab/classfile/DataReader
instanceKlass sbt/internal/ContinuousCommands$$$Lambda$1178
instanceKlass java/lang/invoke/LambdaForm$DMH
instanceKlass sbt/internal/ContinuousCommands$$$Lambda$1177
instanceKlass sbt/internal/ContinuousCommands$$$Lambda$1176
instanceKlass scala/math/Integral
instanceKlass sbt/internal/ContinuousCommands$$$Lambda$1175
instanceKlass sbt/internal/ContinuousCommands$$$Lambda$1174
instanceKlass sbt/internal/ContinuousCommands$$$Lambda$1173
instanceKlass sbt/internal/ContinuousCommands$$$Lambda$1172
instanceKlass sbt/internal/ContinuousCommands$$$Lambda$1171
instanceKlass scala/tools/nsc/symtab/classfile/ClassfileParser
instanceKlass sbt/internal/Continuous$ContinuousState
instanceKlass sbt/internal/ContinuousCommands$
instanceKlass sbt/BuiltinCommands$$$Lambda$1170
instanceKlass sbt/BasicCommands$$$Lambda$1169
instanceKlass sbt/internal/FastTrackCommands$$$Lambda$1168
instanceKlass java/lang/invoke/LambdaForm$DMH
instanceKlass java/lang/invoke/LambdaForm$DMH
instanceKlass sbt/BasicCommands$$$Lambda$1167
instanceKlass sbt/internal/FastTrackCommands$$$Lambda$1166
instanceKlass sbt/internal/FastTrackCommands$
instanceKlass sbt/Terminal$$anon$1
instanceKlass sbt/Terminal$
instanceKlass sbt/MainLoop$$$Lambda$1165
instanceKlass sbt/MainLoop$$$Lambda$1164
instanceKlass sbt/internal/nio/CheckBuildSources
instanceKlass sbt/internal/nio/CheckBuildSources$
instanceKlass sbt/internal/CommandExchange$$Lambda$1163
instanceKlass sbt/protocol/ExecStatusEvent$
instanceKlass sbt/internal/ui/UserThread$$Lambda$1162
instanceKlass sbt/internal/ui/UserThread
instanceKlass java/util/concurrent/ConcurrentLinkedQueue$Node
instanceKlass sbt/internal/CommandExchange$$Lambda$1161
instanceKlass sbt/internal/ui/UITask
instanceKlass sbt/internal/ConsoleChannel$
instanceKlass sbt/internal/CommandExchange$$anon$1
instanceKlass sbt/internal/CommandExchange$$Lambda$1160
instanceKlass sbt/internal/nio/Observer
instanceKlass java/lang/invoke/LambdaForm$MH
instanceKlass java/lang/invoke/LambdaForm$MH
instanceKlass scala/reflect/internal/Symbols$Symbol$$Lambda$1159
instanceKlass scala/tools/nsc/symtab/SymbolLoaders$$Lambda$1158
instanceKlass sbt/internal/CommandChannel
instanceKlass sbt/protocol/EventMessage
instanceKlass scala/tools/nsc/classpath/ClassFileEntryImpl
instanceKlass scala/tools/nsc/classpath/ClassFileEntry
instanceKlass sbt/internal/CommandExchange
instanceKlass scala/tools/nsc/symtab/SymbolLoaders$PackageLoader$$Lambda$1157
instanceKlass sbt/MainLoop$$$Lambda$1156
instanceKlass scala/reflect/internal/Mirrors$RootsBase$$Lambda$1155
instanceKlass sbt/CommandSource
instanceKlass scala/collection/mutable/ArrayOps$ofByte$
instanceKlass scala/reflect/internal/Mirrors$RootsBase$$Lambda$1154
instanceKlass scala/reflect/internal/Mirrors$RootsBase$$Lambda$1153
instanceKlass scala/reflect/internal/Symbols$ClassSymbol$$Lambda$1152
instanceKlass scala/collection/mutable/ArrayOps$ofByte
instanceKlass scala/ref/ReferenceWithWrapper
instanceKlass scala/ref/WeakReference
instanceKlass scala/ref/ReferenceWrapper
instanceKlass scala/Proxy
instanceKlass scala/ref/Reference
instanceKlass scala/reflect/internal/Types$$Lambda$1151
instanceKlass scala/reflect/internal/Types$$Lambda$1150
instanceKlass scala/reflect/internal/Scopes$ScopeEntry
instanceKlass scala/tools/nsc/symtab/SymbolLoaders$PackageLoader$$Lambda$1149
instanceKlass java/lang/invoke/LambdaForm$MH
instanceKlass java/lang/invoke/LambdaForm$DMH
instanceKlass scala/tools/nsc/classpath/ClassPathEntries
instanceKlass java/lang/invoke/LambdaForm$DMH
instanceKlass sbt/internal/util/Appender$$Lambda$1148
instanceKlass scala/tools/nsc/classpath/AggregateClassPath$$Lambda$1147
instanceKlass java/lang/invoke/LambdaForm$DMH
instanceKlass scala/collection/immutable/StringLike$$Lambda$1146
instanceKlass sbt/util/LoggerContext$LoggerContextImpl$Log$$Lambda$1145
instanceKlass sbt/util/LoggerContext$LoggerContextImpl$Log$$Lambda$1144
instanceKlass sbt/util/LoggerContext$LoggerContextImpl$Log$$Lambda$1143
instanceKlass sbt/State$StateOpsImpl$$$Lambda$1142
instanceKlass sbt/MainLoop$$$Lambda$1141
instanceKlass sbt/MainLoop$$$Lambda$1140
instanceKlass sbt/internal/util/ErrorHandling$
instanceKlass sbt/internal/GCMonitor$$Lambda$1139
instanceKlass sun/management/NotificationEmitterSupport$ListenerInfo
instanceKlass sbt/internal/GCMonitor$$Lambda$1138
instanceKlass java/lang/invoke/LambdaForm$DMH
instanceKlass java/util/EventObject
instanceKlass sbt/internal/GCMonitor$$Lambda$1137
instanceKlass com/sun/management/GarbageCollectorMXBean
instanceKlass java/lang/management/GarbageCollectorMXBean
instanceKlass java/lang/management/MemoryManagerMXBean
instanceKlass scala/collection/convert/DecorateAsScala$$Lambda$1136
instanceKlass sbt/internal/GCMonitor
instanceKlass sbt/internal/GCMonitorBase
instanceKlass sbt/internal/SysProp$$$Lambda$1135
instanceKlass sbt/internal/TaskProgress$$Lambda$1134
instanceKlass java/util/concurrent/RunnableScheduledFuture
instanceKlass java/util/concurrent/ScheduledFuture
instanceKlass java/util/concurrent/Delayed
instanceKlass java/util/concurrent/ScheduledExecutorService
instanceKlass sbt/internal/TaskProgress$$Lambda$1133
instanceKlass sbt/util/Show$$$Lambda$1132
instanceKlass sbt/util/Show
instanceKlass sbt/Def$$$Lambda$1131
instanceKlass sbt/util/Show$
instanceKlass sbt/MainLoop$$$Lambda$1130
instanceKlass scala/concurrent/duration/package$DurationLong$
instanceKlass scala/concurrent/duration/package$DurationLong
instanceKlass sbt/MainLoop$$$Lambda$1129
instanceKlass sbt/MainLoop$$$Lambda$1128
instanceKlass sbt/internal/util/MainAppender$$$Lambda$1127
instanceKlass sbt/util/LoggerContext$LoggerContextImpl$Log$$Lambda$1126
instanceKlass sbt/internal/util/MainAppender$$$Lambda$1125
instanceKlass sbt/internal/util/MainAppender$MainAppenderConfig
instanceKlass sbt/internal/util/ConsoleOut$$anon$6
instanceKlass sbt/internal/util/MainAppender$$$Lambda$1124
instanceKlass sun/nio/fs/WindowsSecurityDescriptor
instanceKlass sbt/io/IO$$$Lambda$1123
instanceKlass sbt/MainLoop$$$Lambda$1122
instanceKlass sbt/io/Using$$$Lambda$1121
instanceKlass sbt/io/Using$$$Lambda$1120
instanceKlass sbt/io/Using$$$Lambda$1119
instanceKlass sbt/io/Using$$$Lambda$1118
instanceKlass sbt/io/Using$$$Lambda$1117
instanceKlass sbt/io/Using$$$Lambda$1116
instanceKlass sbt/io/Using$$$Lambda$1115
instanceKlass sbt/io/Using$$$Lambda$1114
instanceKlass sbt/io/Using$$$Lambda$1113
instanceKlass sbt/io/Using$$$Lambda$1112
instanceKlass sbt/io/Using$$$Lambda$1111
instanceKlass sbt/io/Using$$$Lambda$1110
instanceKlass sbt/io/Using$$$Lambda$1109
instanceKlass sbt/io/Using$$$Lambda$1108
instanceKlass sbt/io/Using$$$Lambda$1107
instanceKlass sbt/io/Using$$$Lambda$1106
instanceKlass sbt/io/Using$$$Lambda$1105
instanceKlass sbt/io/Using$$$Lambda$1104
instanceKlass sbt/io/OpenFile
instanceKlass sbt/io/Using
instanceKlass sbt/io/Using$
instanceKlass sbt/MainLoop$$$Lambda$1103
instanceKlass sbt/MainLoop$RunNext
instanceKlass sbt/MainLoop$
instanceKlass sbt/internal/ShutdownHooks$$$Lambda$1102
instanceKlass java/lang/invoke/LambdaForm$DMH
instanceKlass sbt/internal/ShutdownHooks$$$Lambda$1101
instanceKlass sbt/internal/ShutdownHooks$
instanceKlass sbt/State$StateOpsImpl$$$Lambda$1100
instanceKlass sbt/State$StateOpsImpl$$$Lambda$1099
instanceKlass sbt/State$StateOpsImpl$$$Lambda$1098
instanceKlass sbt/internal/classpath/ClassLoaderCache$$Lambda$1097
instanceKlass java/lang/invoke/LambdaForm$DMH
instanceKlass sbt/internal/classpath/ClassLoaderCache$$Lambda$1096
instanceKlass sbt/internal/classpath/ClassLoaderCache$Key$$Lambda$1095
instanceKlass java/util/concurrent/ConcurrentHashMap$MapEntry
instanceKlass java/util/concurrent/ConcurrentHashMap$Traverser
instanceKlass sbt/internal/classpath/ClassLoaderCache$$Lambda$1094
instanceKlass scala/collection/convert/DecorateAsScala$$Lambda$1093
instanceKlass sbt/internal/classpath/ClassLoaderCache$$Lambda$1092
instanceKlass sun/reflect/ClassDefiner$1
instanceKlass sun/reflect/ClassDefiner
instanceKlass sun/reflect/MethodAccessorGenerator$1
instanceKlass sun/reflect/Label$PatchInfo
instanceKlass sun/reflect/Label
instanceKlass sun/reflect/UTF8
instanceKlass sun/reflect/ClassFileAssembler
instanceKlass sun/reflect/ByteVectorImpl
instanceKlass sun/reflect/ByteVector
instanceKlass sun/reflect/ByteVectorFactory
instanceKlass sun/reflect/AccessorGenerator
instanceKlass sun/reflect/ClassFileConstants
instanceKlass sbt/internal/io/MilliUtimensat
instanceKlass sbt/internal/io/Milli
instanceKlass sbt/internal/io/Milli$
instanceKlass sbt/internal/io/Retry$$$Lambda$1091
instanceKlass sbt/io/IO$$$Lambda$1090
instanceKlass sbt/State$StateOpsImpl$$$Lambda$1089
instanceKlass sbt/State$StateOpsImpl$$$Lambda$1088
instanceKlass sbt/internal/classpath/ClassLoaderCache$
instanceKlass sbt/internal/classpath/ClassLoaderCache$$Lambda$1087
instanceKlass java/lang/management/MemoryUsage
instanceKlass sbt/internal/classpath/ClassLoaderCache$$Lambda$1086
instanceKlass scala/collection/convert/Wrappers$IterableWrapperTrait
instanceKlass scala/collection/convert/DecorateAsScala$$Lambda$1085
instanceKlass sun/management/Sensor
instanceKlass sun/management/MemoryPoolImpl
instanceKlass sun/management/ManagementFactory
instanceKlass java/lang/management/MemoryPoolMXBean
instanceKlass sun/management/NotificationEmitterSupport
instanceKlass javax/management/NotificationEmitter
instanceKlass javax/management/NotificationBroadcaster
instanceKlass java/lang/management/MemoryMXBean
instanceKlass java/lang/management/PlatformManagedObject
instanceKlass sun/management/VMManagementImpl
instanceKlass sun/management/VMManagement
instanceKlass sun/management/ManagementFactoryHelper$4
instanceKlass sun/management/ManagementFactoryHelper
instanceKlass java/lang/management/ManagementFactory
instanceKlass sbt/internal/classpath/ClassLoaderCache$$Lambda$1084
instanceKlass scala/util/control/NonFatal$
instanceKlass scala/collection/IndexedSeqOptimized$$Lambda$1083
instanceKlass sbt/internal/classpath/ClassLoaderCache$Key
instanceKlass sbt/State$StateOpsImpl$$$Lambda$1082
instanceKlass sbt/State$Continue$
instanceKlass sbt/StandardMain$$$Lambda$1081
instanceKlass sbt/internal/io/Retry$$$Lambda$1080
instanceKlass sbt/StandardMain$$$Lambda$1079
instanceKlass sbt/internal/io/Retry$
instanceKlass sbt/internal/util/GlobalLogBacking$
instanceKlass sbt/util/LoggerContext$LoggerContextImpl$Log$$Lambda$1078
instanceKlass java/util/function/UnaryOperator
instanceKlass sbt/internal/util/ConsoleAppender$Properties$$anon$1
instanceKlass sbt/internal/util/ConsoleAppender$Properties
instanceKlass sbt/internal/util/ConsoleAppender$Properties$
instanceKlass sbt/internal/util/ConsoleAppender
instanceKlass sbt/internal/util/Terminal$ProxyTerminal$
instanceKlass sbt/util/LoggerContext$LoggerContextImpl$Log
instanceKlass sbt/internal/util/MiniLogger
instanceKlass sbt/util/LoggerContext$LoggerContextImpl
instanceKlass sbt/util/LoggerContext$
instanceKlass sbt/StandardMain$$$Lambda$1077
instanceKlass sbt/internal/util/MainAppender$$$Lambda$1076
instanceKlass sbt/internal/util/GlobalLogging
instanceKlass sbt/internal/util/GlobalLogBacking
instanceKlass sbt/internal/util/MainAppender$
instanceKlass sbt/internal/util/GlobalLogging$
instanceKlass sbt/io/IOSyntax1
instanceKlass sbt/io/BaseSyntax
instanceKlass sbt/io/RichFile$
instanceKlass sbt/BuildPaths$
instanceKlass sbt/internal/util/complete/HistoryCommands$$$Lambda$1075
instanceKlass sbt/internal/util/complete/HistoryCommands$$$Lambda$1074
instanceKlass sbt/internal/util/complete/HistoryCommands$$$Lambda$1073
instanceKlass sbt/internal/util/complete/BindParser$$Lambda$1072
instanceKlass sbt/internal/util/complete/BindParser
instanceKlass sbt/internal/util/complete/Parser$$$Lambda$1071
instanceKlass sbt/internal/util/complete/Parsers$$Lambda$1070
instanceKlass sbt/internal/util/complete/Parsers$$Lambda$1069
instanceKlass sbt/internal/util/complete/HistoryCommands$$$Lambda$1068
instanceKlass sbt/internal/util/complete/HistoryCommands$$$Lambda$1067
instanceKlass sbt/internal/util/complete/HistoryCommands$$$Lambda$1066
instanceKlass sbt/internal/util/complete/History
instanceKlass sbt/internal/util/complete/HistoryCommands$
instanceKlass sbt/State$History
instanceKlass sbt/Exec$
instanceKlass sbt/StandardMain$$$Lambda$1065
instanceKlass scala/collection/TraversableLike$$Lambda$1064
instanceKlass sbt/BasicCommandStrings$$$Lambda$1063
instanceKlass scala/collection/TraversableLike$$Lambda$1062
instanceKlass sbt/StandardMain$$$Lambda$1061
instanceKlass sbt/StandardMain$$$Lambda$1060
instanceKlass sbt/StandardMain$$$Lambda$1059
instanceKlass scala/sys/SystemProperties$$Lambda$1058
instanceKlass sbt/Command$$$Lambda$1057
instanceKlass sbt/BasicCommands$$$Lambda$1056
instanceKlass sbt/BasicCommands$$$Lambda$1055
instanceKlass sbt/ArbitraryCommand
instanceKlass sbt/BasicCommands$$$Lambda$1054
instanceKlass sbt/BasicCommands$
instanceKlass sbt/SimpleCommand$$Lambda$1053
instanceKlass sbt/internal/util/complete/ParserMain$$tilde$
instanceKlass sbt/internal/util/complete/Repeat$$Lambda$1052
instanceKlass sbt/internal/util/complete/Repeat$$Lambda$1051
instanceKlass java/lang/invoke/LambdaForm$MH
instanceKlass java/lang/invoke/LambdaForm$DMH
instanceKlass sbt/internal/util/complete/Parser$$$Lambda$1050
instanceKlass java/lang/invoke/LambdaForm$DMH
instanceKlass sbt/internal/util/complete/Parser$$$Lambda$1049
instanceKlass sbt/internal/util/complete/CharacterClass$$Lambda$1048
instanceKlass sbt/internal/util/complete/Parser$$$Lambda$1047
instanceKlass sbt/internal/util/complete/ParserMain$$anon$2
instanceKlass sbt/internal/util/complete/ParserMain$$Lambda$1046
instanceKlass sbt/internal/util/complete/Parsers$$Lambda$1045
instanceKlass sbt/internal/util/complete/Parsers$$Lambda$1044
instanceKlass scala/tools/nsc/classpath/PackageEntryImpl
instanceKlass sbt/internal/util/complete/Parsers$$Lambda$1043
instanceKlass sbt/internal/util/complete/Parsers$$Lambda$1042
instanceKlass scala/tools/nsc/classpath/ZipArchiveFileLookup$$Lambda$1041
instanceKlass sbt/SimpleCommand
instanceKlass sbt/Command$$$Lambda$1040
instanceKlass scala/reflect/io/FileZipArchive$zipFilePool$
instanceKlass sbt/BuiltinCommands$$$Lambda$1039
instanceKlass sbt/Help0
instanceKlass sbt/Help
instanceKlass sbt/Help$
instanceKlass sbt/internal/CommandStrings$
instanceKlass sbt/Command$
instanceKlass sbt/BuiltinCommands$$$Lambda$1038
instanceKlass sbt/BuiltinCommands$$$Lambda$1037
instanceKlass sbt/BuiltinCommands$$$Lambda$1036
instanceKlass sbt/BuiltinCommands$$$Lambda$1035
instanceKlass sbt/BuiltinCommands$$$Lambda$1034
instanceKlass sbt/BuiltinCommands$$$Lambda$1033
instanceKlass sbt/BuiltinCommands$$$Lambda$1032
instanceKlass sbt/BuiltinCommands$
instanceKlass sbt/internal/util/ConsoleOut$$anon$2
instanceKlass sbt/internal/util/ConsoleOut$Proxy$
instanceKlass sbt/internal/util/ConsoleOut$$anon$1
instanceKlass sbt/internal/util/ConsoleOut$$$Lambda$1031
instanceKlass sbt/internal/util/ConsoleOut
instanceKlass sbt/internal/util/ConsoleOut$
instanceKlass sbt/StandardMain$$$Lambda$1030
instanceKlass scala/concurrent/ExecutionContext
instanceKlass sbt/StandardMain$
instanceKlass sbt/StateOps
instanceKlass sbt/State$
instanceKlass sun/util/calendar/CalendarUtils
instanceKlass sun/util/calendar/CalendarDate
instanceKlass java/util/TimeZone$1
instanceKlass java/util/zip/CRC32
instanceKlass java/util/zip/Checksum
instanceKlass sun/util/calendar/ZoneInfoFile$ZoneOffsetTransitionRule
instanceKlass sbt/State$Next
instanceKlass sbt/State$StateOpsImpl$
instanceKlass sbt/internal/util/Terminal$$$Lambda$1029
instanceKlass sun/util/calendar/ZoneInfoFile$1
instanceKlass sun/util/calendar/ZoneInfoFile
instanceKlass sbt/internal/util/Terminal$$$Lambda$1028
instanceKlass scala/collection/mutable/ArrayOps$ofInt$
instanceKlass java/util/TimeZone
instanceKlass sun/util/calendar/CalendarSystem
instanceKlass java/util/Date
instanceKlass scala/collection/mutable/ArrayOps$ofInt
instanceKlass java/util/zip/ZipFile$ZipEntryIterator
instanceKlass sbt/internal/util/WindowsSupport$
instanceKlass scala/concurrent/duration/Deadline
instanceKlass scala/concurrent/duration/Deadline$
instanceKlass java/lang/invoke/LambdaForm$MH
instanceKlass scala/concurrent/duration/package$DurationInt$
instanceKlass scala/tools/nsc/classpath/AggregateClassPath$$Lambda$1027
instanceKlass scala/concurrent/duration/package$
instanceKlass scala/tools/nsc/classpath/AggregateClassPath$$Lambda$1026
instanceKlass scala/tools/nsc/classpath/AggregateClassPath$$Lambda$1025
instanceKlass scala/concurrent/duration/package$DurationInt
instanceKlass scala/tools/nsc/classpath/PackageEntry
instanceKlass scala/concurrent/duration/DurationConversions
instanceKlass scala/tools/nsc/classpath/PackageName
instanceKlass sbt/internal/util/Terminal$WriteableInputStream$$Lambda$1024
instanceKlass sbt/internal/util/Terminal$WriteableInputStream$$Lambda$1023
instanceKlass sbt/internal/util/Terminal$TerminalImpl
instanceKlass org/jline/utils/Log$$Lambda$1022
instanceKlass org/jline/terminal/TerminalBuilder$$Lambda$1021
instanceKlass org/jline/terminal/TerminalBuilder$$Lambda$1020
instanceKlass org/jline/utils/Log$$Lambda$1019
instanceKlass java/util/logging/LogRecord
instanceKlass scala/reflect/internal/Types$AbstractTypeRef
instanceKlass org/jline/utils/Log
instanceKlass org/jline/utils/ShutdownHooks
instanceKlass scala/reflect/internal/Types$AliasTypeRef
instanceKlass scala/reflect/internal/Types$NonClassTypeRef
instanceKlass org/jline/terminal/impl/AbstractWindowsTerminal$$Lambda$1018
instanceKlass org/jline/utils/ShutdownHooks$Task
instanceKlass scala/collection/generic/GenericTraversableTemplate$$Lambda$1017
instanceKlass scala/tools/nsc/classpath/ClassPathFactory$$Lambda$1016
instanceKlass scala/tools/reflect/WrappedProperties$$Lambda$1015
instanceKlass sbt/Defaults$$$Lambda$1014
instanceKlass scala/collection/SeqLike$$Lambda$1013
instanceKlass sbt/Defaults$$$Lambda$1012
instanceKlass sbt/internal/util/Init$$anon$2
instanceKlass scala/LowPriorityImplicits$$anon$4
instanceKlass sbt/Defaults$$$Lambda$1011
instanceKlass scala/tools/nsc/util/ClassPath$$$Lambda$1010
instanceKlass sbt/Defaults$$$Lambda$1009
instanceKlass scala/util/PropertiesTrait$$Lambda$1008
instanceKlass sbt/Defaults$$$Lambda$1007
instanceKlass sbt/Defaults$$$Lambda$1006
instanceKlass sbt/TestResultLogger$$$Lambda$1005
instanceKlass sbt/TestResultLogger$$$Lambda$1004
instanceKlass sbt/Defaults$$$Lambda$1003
instanceKlass sbt/Defaults$$$Lambda$1002
instanceKlass sbt/Defaults$$$Lambda$1001
instanceKlass sbt/Defaults$$$Lambda$1000
instanceKlass sbt/Defaults$$$Lambda$999
instanceKlass sbt/Defaults$$$Lambda$998
instanceKlass sbt/Defaults$$$Lambda$997
instanceKlass sbt/Defaults$$$Lambda$996
instanceKlass sbt/Defaults$$$Lambda$995
instanceKlass sbt/Defaults$$$Lambda$994
instanceKlass sbt/internal/ClassLoaders$$$Lambda$993
instanceKlass sbt/internal/ClassLoaders$$$Lambda$992
instanceKlass sbt/internal/ClassLoaders$$$Lambda$991
instanceKlass sbt/Defaults$$$Lambda$990
instanceKlass sbt/TestResultLogger$Defaults$$$Lambda$989
instanceKlass sbt/TestResultLogger$Defaults$$$Lambda$988
instanceKlass sbt/TestResultLogger$Defaults$$$Lambda$987
instanceKlass sbt/TestResultLogger$Defaults$$$Lambda$986
instanceKlass sbt/TestResultLogger$Defaults$$$Lambda$985
instanceKlass sbt/protocol/testing/TestResult
instanceKlass scala/tools/nsc/classpath/ClassPathFactory$$Lambda$984
instanceKlass sbt/TestResultLogger$Defaults$
instanceKlass scala/tools/nsc/util/ClassPath$$$Lambda$983
instanceKlass scala/runtime/AbstractFunction5
instanceKlass scala/Function5
instanceKlass scala/reflect/io/PlainFile$$Lambda$982
instanceKlass scala/reflect/io/PlainFile$$Lambda$981
instanceKlass scala/reflect/io/Directory$$Lambda$980
instanceKlass sbt/TestResultLogger$Defaults$Main
instanceKlass sbt/TestResultLogger$$anonfun$apply$2
instanceKlass sbt/TestResultLogger$$$Lambda$979
instanceKlass scala/tools/nsc/util/ClassPath$$$Lambda$978
instanceKlass sbt/TestResultLogger$$$Lambda$977
instanceKlass scala/tools/nsc/classpath/ClassPathFactory$$Lambda$976
instanceKlass sbt/TestResultLogger$
instanceKlass sbt/TestFunction
instanceKlass java/util/stream/Sink$ChainedReference
instanceKlass sbt/TestFramework$
instanceKlass java/util/stream/ForEachOps$ForEachOp
instanceKlass java/util/stream/ForEachOps
instanceKlass org/jline/utils/InfoCmp$$Lambda$975
instanceKlass org/jline/utils/InfoCmp$$Lambda$974
instanceKlass org/jline/utils/InfoCmp$$Lambda$973
instanceKlass java/util/function/Predicate
instanceKlass sbt/TestFrameworks$
instanceKlass org/jline/utils/InfoCmp$$Lambda$972
instanceKlass java/util/TimerTask
instanceKlass scala/tools/nsc/classpath/FileBasedCache$$anon$1
instanceKlass sbt/Defaults$$$Lambda$971
instanceKlass scala/tools/nsc/classpath/FileBasedCache$Entry
instanceKlass sbt/Defaults$$$Lambda$970
instanceKlass sbt/Defaults$$$Lambda$969
instanceKlass scala/tools/nsc/util/ClassRepresentation
instanceKlass sbt/Defaults$$$Lambda$968
instanceKlass sbt/Defaults$$$Lambda$967
instanceKlass scala/tools/nsc/classpath/ZipAndJarClassPathFactory$ZipArchiveClassPath
instanceKlass sbt/Defaults$$$Lambda$966
instanceKlass scala/tools/nsc/classpath/NoSourcePaths
instanceKlass scala/tools/nsc/classpath/ZipArchiveFileLookup
instanceKlass sbt/internal/util/Init$Bind$$Lambda$965
instanceKlass scala/tools/nsc/util/EfficientClassPath
instanceKlass sbt/Append$$anon$6
instanceKlass sun/nio/fs/AbstractBasicFileAttributeView
instanceKlass sun/nio/fs/DynamicFileAttributeView
instanceKlass sun/nio/fs/WindowsFileAttributeViews
instanceKlass sbt/Classpaths$$$Lambda$964
instanceKlass java/nio/file/attribute/BasicFileAttributeView
instanceKlass java/nio/file/attribute/FileAttributeView
instanceKlass java/nio/file/attribute/AttributeView
instanceKlass sbt/Classpaths$$$Lambda$963
instanceKlass scala/tools/nsc/classpath/FileBasedCache$$Lambda$962
instanceKlass scala/tools/nsc/classpath/FileBasedCache$Stamp
instanceKlass scala/tools/nsc/classpath/ZipAndJarFileLookupFactory$$Lambda$960
instanceKlass sbt/internal/server/BuildServerProtocol$$$Lambda$961
instanceKlass java/util/stream/ReduceOps$Box
instanceKlass java/util/stream/ReduceOps$AccumulatingSink
instanceKlass java/util/stream/TerminalSink
instanceKlass sbt/internal/server/BuildServerProtocol$$$Lambda$959
instanceKlass java/util/stream/Sink
instanceKlass java/util/function/Consumer
instanceKlass sbt/internal/server/BuildServerProtocol$BspCompileState
instanceKlass java/util/stream/ReduceOps$ReduceOp
instanceKlass java/util/stream/TerminalOp
instanceKlass java/util/stream/ReduceOps
instanceKlass sbt/internal/server/BuildServerProtocol$$$Lambda$958
instanceKlass java/util/stream/Collectors$$Lambda$957
instanceKlass sbt/internal/server/BuildServerProtocol$$$Lambda$955
instanceKlass java/util/stream/Collectors$$Lambda$956
instanceKlass java/util/function/BinaryOperator
instanceKlass java/util/stream/Collectors$$Lambda$954
instanceKlass sbt/internal/server/BuildServerProtocol$$$Lambda$953
instanceKlass java/util/function/BiConsumer
instanceKlass sbt/internal/server/BuildServerProtocol$$$Lambda$952
instanceKlass java/util/stream/Collectors$$Lambda$951
instanceKlass scala/tools/nsc/classpath/FileBasedCache$$Lambda$950
instanceKlass java/util/StringJoiner
instanceKlass sbt/internal/server/BuildServerProtocol$$$Lambda$949
instanceKlass java/util/stream/Collectors$CollectorImpl
instanceKlass java/util/stream/Collector
instanceKlass sbt/internal/server/BuildServerProtocol$$$Lambda$948
instanceKlass java/util/stream/Collectors
instanceKlass sbt/internal/server/BuildServerProtocol$$$Lambda$947
instanceKlass scala/tools/nsc/io/Jar$
instanceKlass sbt/internal/server/BuildServerProtocol$$$Lambda$946
instanceKlass sbt/internal/server/BuildServerProtocol$$$Lambda$945
instanceKlass scala/tools/nsc/classpath/FileBasedCache$$Lambda$944
instanceKlass java/util/stream/StreamOpFlag$MaskBuilder
instanceKlass sbt/internal/server/BuildServerProtocol$$$Lambda$943
instanceKlass java/util/stream/PipelineHelper
instanceKlass sbt/internal/server/BuildServerProtocol$$$Lambda$942
instanceKlass java/util/stream/Stream
instanceKlass java/util/stream/BaseStream
instanceKlass sbt/internal/server/BuildServerProtocol$$$Lambda$940
instanceKlass scala/tools/nsc/classpath/FileBasedCache$$Lambda$941
instanceKlass scala/tools/nsc/classpath/FileBasedCache$$Lambda$939
instanceKlass java/util/stream/StreamSupport
instanceKlass java/util/Spliterators$IteratorSpliterator
instanceKlass java/util/Spliterator$OfDouble
instanceKlass java/util/Spliterator$OfLong
instanceKlass scala/tools/nsc/classpath/ZipAndJarFileLookupFactory$ZipSettings
instanceKlass java/util/Spliterator$OfInt
instanceKlass java/util/Spliterator$OfPrimitive
instanceKlass java/util/Spliterators$EmptySpliterator
instanceKlass java/util/Spliterator
instanceKlass scala/tools/nsc/classpath/ZipAndJarClassPathFactory$
instanceKlass scala/tools/nsc/classpath/ZipAndJarFileLookupFactory
instanceKlass java/util/Spliterators
instanceKlass java/io/BufferedReader$1
instanceKlass scala/tools/nsc/classpath/FileUtils$
instanceKlass scala/tools/nsc/classpath/FileUtils$AbstractFileOps$
instanceKlass sbt/internal/server/BuildServerProtocol$$$Lambda$938
instanceKlass scala/tools/nsc/classpath/ClassPathFactory$
instanceKlass sbt/internal/server/BuildServerProtocol$$$Lambda$937
instanceKlass sbt/internal/server/BuildServerProtocol$$$Lambda$936
instanceKlass org/jline/utils/InfoCmp$$Lambda$935
instanceKlass sbt/internal/server/BuildServerProtocol$$$Lambda$934
instanceKlass sbt/InputTask$$$Lambda$933
instanceKlass org/jline/utils/InfoCmp
instanceKlass sbt/std/FullInstance$$$Lambda$932
instanceKlass sbt/internal/server/BuildServerProtocol$$$Lambda$931
instanceKlass sbt/internal/server/BuildServerProtocol$$$Lambda$930
instanceKlass sbt/InputTask$
instanceKlass sbt/internal/server/BuildServerProtocol$$$Lambda$929
instanceKlass java/lang/invoke/LambdaForm$DMH
instanceKlass org/jline/utils/NonBlocking
instanceKlass sbt/internal/server/BuildServerProtocol$$$Lambda$928
instanceKlass sbt/Result
instanceKlass sbt/Scoped$RichInitializeTask$$Lambda$927
instanceKlass scala/reflect/io/ZipArchive$
instanceKlass sbt/internal/server/BuildServerProtocol$$$Lambda$926
instanceKlass sbt/internal/server/BuildServerProtocol$$$Lambda$925
instanceKlass scala/tools/nsc/classpath/ClassPathFactory$$Lambda$924
instanceKlass org/jline/terminal/Attributes
instanceKlass sbt/internal/server/BuildServerProtocol$$$Lambda$923
instanceKlass sbt/internal/server/BuildServerProtocol$$$Lambda$922
instanceKlass scala/tools/nsc/util/ClassPath$$$Lambda$921
instanceKlass sbt/internal/server/BuildServerProtocol$$$Lambda$920
instanceKlass sbt/internal/server/BuildServerProtocol$$$Lambda$919
instanceKlass sbt/internal/server/BuildServerProtocol$$$Lambda$918
instanceKlass sbt/internal/server/BuildServerProtocol$$$Lambda$917
instanceKlass org/jline/terminal/MouseEvent
instanceKlass sbt/internal/server/BuildServerProtocol$$$Lambda$916
instanceKlass scala/util/Try
instanceKlass scala/tools/nsc/classpath/FileBasedCache
instanceKlass sbt/internal/server/BuildServerProtocol$$$Lambda$915
instanceKlass scala/tools/nsc/classpath/JrtClassPath$
instanceKlass scala/tools/util/PathResolver$Calculated$
instanceKlass sbt/internal/server/BuildServerProtocol$Method$
instanceKlass scala/tools/nsc/classpath/AggregateClassPath
instanceKlass sbt/internal/bsp/BuildServerCapabilities
instanceKlass org/jline/utils/Colors
instanceKlass scala/tools/nsc/classpath/ClassPathFactory
instanceKlass sbt/internal/bsp/RunProvider
instanceKlass scala/tools/nsc/CloseableRegistry
instanceKlass sbt/internal/bsp/RunProvider$
instanceKlass org/jline/utils/ColorPalette
instanceKlass scala/tools/nsc/util/ClassPath
instanceKlass sbt/internal/bsp/TestProvider
instanceKlass scala/tools/util/PathResolver
instanceKlass java/nio/charset/Charset$1
instanceKlass java/nio/charset/Charset$2
instanceKlass sbt/internal/bsp/TestProvider$
instanceKlass scala/tools/nsc/Global$GlobalPlatform
instanceKlass sbt/internal/bsp/CompileProvider
instanceKlass java/lang/invoke/LambdaForm$MH
instanceKlass sbt/internal/bsp/BuildServerConnection$
instanceKlass java/lang/invoke/LambdaForm$MH
instanceKlass java/util/Collections$UnmodifiableList$1
instanceKlass java/lang/invoke/LambdaForm$MH
instanceKlass java/lang/invoke/LambdaForm$DMH
instanceKlass java/lang/invoke/LambdaForm$MH
instanceKlass java/lang/invoke/LambdaForm$DMH
instanceKlass sbt/internal/bsp/CompileProvider$
instanceKlass java/lang/invoke/LambdaForm$BMH
instanceKlass java/lang/invoke/LambdaForm$MH
instanceKlass java/lang/invoke/LambdaForm$MH
instanceKlass sbt/internal/bsp/BuildServerCapabilities$
instanceKlass java/lang/invoke/LambdaForm$DMH
instanceKlass scala/runtime/ZippedTraversable3
instanceKlass java/util/EnumMap$1
instanceKlass sun/invoke/util/ValueConversions$WrapperCache
instanceKlass java/lang/invoke/MethodHandles$1
instanceKlass java/nio/charset/Charset$ExtendedProviderHolder$1
instanceKlass scala/reflect/internal/util/AlmostFinalValue
instanceKlass java/nio/charset/Charset$ExtendedProviderHolder
instanceKlass scala/reflect/internal/util/StatisticsStatics
instanceKlass scala/reflect/internal/settings/MutableSettings$SettingsOps$
instanceKlass sbt/internal/server/BuildServerProtocol$
instanceKlass scala/reflect/internal/Mirrors$Roots$RootSymbol
instanceKlass scala/reflect/internal/Mirrors$RootSymbol
instanceKlass scala/reflect/internal/Mirrors$Roots$WellKnownSymbol
instanceKlass sbt/Defaults$$$Lambda$914
instanceKlass sbt/Classpaths$$$Lambda$913
instanceKlass sbt/Classpaths$$$Lambda$912
instanceKlass sbt/Defaults$$$Lambda$911
instanceKlass sbt/Defaults$$$Lambda$910
instanceKlass sbt/Defaults$$$Lambda$909
instanceKlass sbt/Defaults$$$Lambda$908
instanceKlass sbt/Defaults$$$Lambda$907
instanceKlass sbt/Defaults$$$Lambda$906
instanceKlass sbt/Defaults$$$Lambda$905
instanceKlass sbt/Defaults$$$Lambda$904
instanceKlass sbt/Defaults$$$Lambda$903
instanceKlass sbt/Defaults$$$Lambda$902
instanceKlass sbt/Defaults$$$Lambda$901
instanceKlass sbt/Defaults$$$Lambda$900
instanceKlass sbt/Defaults$$$Lambda$899
instanceKlass sbt/Defaults$$$Lambda$898
instanceKlass sbt/Defaults$$$Lambda$897
instanceKlass sbt/Defaults$$$Lambda$896
instanceKlass sbt/Defaults$$$Lambda$895
instanceKlass sbt/Defaults$$$Lambda$894
instanceKlass sbt/Defaults$$$Lambda$893
instanceKlass sbt/Defaults$$$Lambda$892
instanceKlass sbt/Defaults$$$Lambda$891
instanceKlass sbt/Defaults$$$Lambda$890
instanceKlass sbt/Defaults$$$Lambda$889
instanceKlass sbt/Defaults$$$Lambda$888
instanceKlass sbt/Defaults$$$Lambda$887
instanceKlass sbt/Defaults$$$Lambda$886
instanceKlass sbt/Defaults$$$Lambda$885
instanceKlass sbt/Defaults$$$Lambda$884
instanceKlass sbt/Defaults$$$Lambda$883
instanceKlass scala/reflect/api/StandardDefinitions$DefinitionsApi$VarArityClassApi
instanceKlass sbt/Defaults$$$Lambda$882
instanceKlass sbt/Defaults$$$Lambda$881
instanceKlass sbt/Defaults$$$Lambda$880
instanceKlass sbt/Defaults$$$Lambda$879
instanceKlass scala/tools/nsc/Global$Run$SyncedCompilationBuffer
instanceKlass sbt/Defaults$$$Lambda$878
instanceKlass scala/tools/nsc/profile/ProfileSnap
instanceKlass sbt/Defaults$$$Lambda$877
instanceKlass javax/management/NotificationListener
instanceKlass java/util/EventListener
instanceKlass sbt/Defaults$$$Lambda$876
instanceKlass sbt/Defaults$$$Lambda$875
instanceKlass scala/tools/nsc/profile/ProfileReporter
instanceKlass sbt/Defaults$$$Lambda$874
instanceKlass scala/tools/nsc/profile/Profiler
instanceKlass scala/tools/nsc/profile/Profiler$
instanceKlass sbt/Defaults$$$Lambda$873
instanceKlass scala/tools/nsc/Parsing$PerRunParsing
instanceKlass sbt/Classpaths$$$Lambda$872
instanceKlass sbt/Defaults$$$Lambda$871
instanceKlass scala/reflect/io/Streamable$
instanceKlass sbt/Defaults$$$Lambda$870
instanceKlass sbt/nio/FileStamper$Hash$
instanceKlass scala/reflect/io/File$
instanceKlass scala/tools/nsc/io/package$
instanceKlass sbt/Defaults$$$Lambda$869
instanceKlass scala/tools/nsc/util/ClassPath$$$Lambda$868
instanceKlass sbt/Defaults$$$Lambda$867
instanceKlass sbt/Defaults$$$Lambda$866
instanceKlass scala/tools/nsc/util/ClassPath$
instanceKlass sbt/Defaults$$$Lambda$865
instanceKlass scala/tools/nsc/Reporting$Action
instanceKlass sbt/Defaults$$$Lambda$864
instanceKlass scala/tools/nsc/Reporting$Message
instanceKlass scala/reflect/internal/Types$FlagAssigningCompleter
instanceKlass sbt/Defaults$$$Lambda$863
instanceKlass scala/reflect/internal/Definitions$DefinitionsClass
instanceKlass sbt/Defaults$$$Lambda$862
instanceKlass sbt/Defaults$$$Lambda$861
instanceKlass sbt/Defaults$$$Lambda$860
instanceKlass sbt/Defaults$$$Lambda$859
instanceKlass sbt/Defaults$$$Lambda$858
instanceKlass sbt/Defaults$$$Lambda$857
instanceKlass scala/reflect/internal/Definitions$ValueClassDefinitions
instanceKlass sbt/Defaults$$$Lambda$856
instanceKlass sbt/internal/ClassLoaders$$$Lambda$855
instanceKlass sbt/internal/NativeLoader
instanceKlass sbt/internal/ClassLoaders$
instanceKlass scala/tools/nsc/Global$Run
instanceKlass sbt/Defaults$$$Lambda$854
instanceKlass scala/reflect/macros/Universe$RunContextApi
instanceKlass sbt/Defaults$$$Lambda$853
instanceKlass sbt/Defaults$$$Lambda$852
instanceKlass sbt/Defaults$$$Lambda$851
instanceKlass sbt/Defaults$$$Lambda$850
instanceKlass scala/tools/nsc/typechecker/ContextMode
instanceKlass sbt/Defaults$$$Lambda$849
instanceKlass scala/tools/nsc/typechecker/ContextMode$
instanceKlass sbt/Defaults$$$Lambda$848
instanceKlass scala/tools/nsc/typechecker/Contexts$ContextReporter$
instanceKlass sbt/Defaults$$$Lambda$847
instanceKlass sbt/Defaults$$$Lambda$846
instanceKlass scala/tools/nsc/typechecker/Contexts$Context$
instanceKlass sbt/BuildCommon$$Lambda$845
instanceKlass sbt/BuildCommon$$Lambda$844
instanceKlass sbt/Defaults$$$Lambda$843
instanceKlass sbt/Defaults$$$Lambda$842
instanceKlass sbt/Defaults$$$Lambda$841
instanceKlass sbt/internal/util/complete/TokenCompletions$Fixed
instanceKlass sbt/internal/util/complete/Parsers$$Lambda$840
instanceKlass sbt/internal/util/complete/Parsers$$Lambda$839
instanceKlass sbt/internal/util/complete/Parsers$$Lambda$838
instanceKlass sbt/internal/util/complete/Parsers$$Lambda$837
instanceKlass sbt/internal/util/complete/Parsers$$Lambda$836
instanceKlass sbt/internal/util/complete/Finite$$Lambda$835
instanceKlass sbt/internal/util/complete/Finite
instanceKlass sbt/internal/util/complete/UpperBound$
instanceKlass sbt/internal/util/complete/Parsers$$Lambda$834
instanceKlass scala/tools/nsc/typechecker/Contexts$ContextReporter
instanceKlass sbt/internal/util/complete/Parsers$$Lambda$833
instanceKlass sbt/internal/util/complete/Parsers$$Lambda$832
instanceKlass sbt/internal/util/complete/ParserMain$$anon$3
instanceKlass sbt/internal/util/complete/Filter
instanceKlass sbt/internal/util/complete/Parser$$$Lambda$831
instanceKlass sbt/internal/util/complete/Parsers$$Lambda$830
instanceKlass sbt/internal/util/complete/Parsers$$Lambda$829
instanceKlass scala/runtime/RichDouble$
instanceKlass sbt/internal/util/complete/ParserMain$$anon$1$$Lambda$828
instanceKlass sbt/internal/util/complete/Parsers$$Lambda$827
instanceKlass scala/reflect/internal/util/WeakHashSet$
instanceKlass sbt/Defaults$$$Lambda$826
instanceKlass sbt/Defaults$$$Lambda$825
instanceKlass sbt/Defaults$$$Lambda$824
instanceKlass sbt/Defaults$$$Lambda$823
instanceKlass sbt/Defaults$$$Lambda$822
instanceKlass sbt/Defaults$$$Lambda$821
instanceKlass sbt/Defaults$$$Lambda$820
instanceKlass sbt/Defaults$$$Lambda$819
instanceKlass sbt/Defaults$$$Lambda$818
instanceKlass scala/reflect/internal/util/Set
instanceKlass sbt/Defaults$$$Lambda$817
instanceKlass sbt/Defaults$$$Lambda$816
instanceKlass sbt/Project$RichTaskSessionVar$$Lambda$815
instanceKlass scala/reflect/internal/util/TriState$
instanceKlass scala/reflect/internal/Symbols$TypeHistory
instanceKlass sbt/util/SingletonCache
instanceKlass sbt/util/Cache
instanceKlass sbt/util/CacheImplicits$
instanceKlass sbt/util/CacheImplicits
instanceKlass sbt/util/BasicCacheImplicits
instanceKlass scala/tools/nsc/typechecker/Implicits$$Lambda$814
instanceKlass scala/runtime/java8/JFunction0$mcI$sp
instanceKlass java/lang/invoke/LambdaForm$DMH
instanceKlass sbt/Project$RichTaskSessionVar
instanceKlass sbt/Defaults$$$Lambda$813
instanceKlass sbt/Defaults$$$Lambda$812
instanceKlass sbt/Defaults$$$Lambda$811
instanceKlass sbt/Defaults$$$Lambda$810
instanceKlass sbt/internal/server/Definition$$$Lambda$809
instanceKlass sbt/internal/server/Definition$
instanceKlass sbt/Defaults$$$Lambda$808
instanceKlass sbt/Defaults$$$Lambda$807
instanceKlass scala/reflect/internal/Scopes$NameLookup
instanceKlass sbt/Defaults$$$Lambda$806
instanceKlass scala/tools/nsc/typechecker/Contexts$$Lambda$805
instanceKlass sbt/Defaults$$$Lambda$804
instanceKlass scala/tools/nsc/typechecker/Contexts$SymbolLookup
instanceKlass sbt/Defaults$$$Lambda$803
instanceKlass sbt/Defaults$$$Lambda$802
instanceKlass sbt/Defaults$$$Lambda$801
instanceKlass scala/reflect/internal/util/ReusableInstance$
instanceKlass sbt/Defaults$$$Lambda$800
instanceKlass sbt/Defaults$$$Lambda$799
instanceKlass sbt/Defaults$$$Lambda$798
instanceKlass sbt/Defaults$$$Lambda$797
instanceKlass sbt/Defaults$$$Lambda$796
instanceKlass sbt/Defaults$$$Lambda$795
instanceKlass sbt/Defaults$$$Lambda$794
instanceKlass sbt/Defaults$$$Lambda$793
instanceKlass sbt/Defaults$$$Lambda$792
instanceKlass sbt/Defaults$$$Lambda$791
instanceKlass sbt/Defaults$$$Lambda$790
instanceKlass sbt/Defaults$$$Lambda$789
instanceKlass sbt/internal/InternalDependencies$$$Lambda$788
instanceKlass sbt/internal/InternalDependencies$
instanceKlass sbt/Defaults$$$Lambda$787
instanceKlass scala/tools/nsc/typechecker/AnalyzerPlugins$NonCumulativeOp
instanceKlass scala/tools/nsc/typechecker/AnalyzerPlugins$CumulativeOp
instanceKlass sbt/Defaults$$$Lambda$786
instanceKlass sbt/Defaults$$$Lambda$785
instanceKlass sbt/Defaults$$$Lambda$784
instanceKlass sbt/Defaults$$$Lambda$783
instanceKlass sbt/Defaults$$$Lambda$782
instanceKlass sbt/Defaults$$$Lambda$781
instanceKlass sbt/Defaults$$$Lambda$780
instanceKlass sbt/Defaults$$$Lambda$779
instanceKlass sbt/Defaults$$$Lambda$778
instanceKlass sbt/Defaults$$$Lambda$777
instanceKlass scala/tools/nsc/typechecker/ContextErrors$AbsTypeError
instanceKlass sbt/Defaults$$$Lambda$776
instanceKlass sbt/Defaults$$$Lambda$775
instanceKlass sbt/Defaults$$$Lambda$774
instanceKlass sbt/Defaults$$$Lambda$773
instanceKlass sbt/Defaults$$$Lambda$772
instanceKlass sbt/Defaults$$$Lambda$771
instanceKlass sbt/Defaults$$$Lambda$770
instanceKlass sbt/Defaults$$$Lambda$769
instanceKlass sbt/Defaults$$$Lambda$768
instanceKlass sbt/Defaults$$$Lambda$767
instanceKlass sbt/Scoped$RichInitializeTask$$Lambda$766
instanceKlass scala/reflect/macros/compiler/DefaultMacroCompiler
instanceKlass sbt/Defaults$$$Lambda$765
instanceKlass scala/reflect/macros/compiler/Errors
instanceKlass sbt/Defaults$$$Lambda$764
instanceKlass scala/reflect/macros/compiler/Validators
instanceKlass scala/reflect/macros/compiler/Resolvers
instanceKlass sbt/Defaults$$$Lambda$763
instanceKlass sbt/Defaults$$$Lambda$762
instanceKlass sbt/Defaults$$$Lambda$761
instanceKlass sbt/Defaults$$$Lambda$760
instanceKlass sbt/Defaults$$$Lambda$759
instanceKlass sbt/internal/inc/LoggedReporter
instanceKlass scala/tools/nsc/typechecker/Macros$MacroStatus
instanceKlass scala/reflect/macros/contexts/Context
instanceKlass sbt/Defaults$$$Lambda$758
instanceKlass scala/reflect/macros/contexts/Internals
instanceKlass scala/tools/nsc/transform/TypingTransformers
instanceKlass sbt/Defaults$$$Lambda$757
instanceKlass sbt/Defaults$$$Lambda$756
instanceKlass scala/reflect/macros/contexts/Traces
instanceKlass scala/reflect/macros/contexts/ExprUtils
instanceKlass sbt/Defaults$$$Lambda$755
instanceKlass sbt/Defaults$$$Lambda$754
instanceKlass scala/reflect/macros/contexts/Evals
instanceKlass sbt/Classpaths$$$Lambda$753
instanceKlass scala/reflect/macros/contexts/Parsers
instanceKlass sbt/Classpaths$$$Lambda$752
instanceKlass scala/reflect/macros/contexts/Typers
instanceKlass sbt/Classpaths$$$Lambda$751
instanceKlass sbt/Classpaths$$$Lambda$750
instanceKlass scala/reflect/macros/contexts/Infrastructure
instanceKlass sbt/Classpaths$$$Lambda$749
instanceKlass scala/reflect/macros/contexts/FrontEnds
instanceKlass sbt/Classpaths$$$Lambda$748
instanceKlass scala/reflect/macros/contexts/Reifiers
instanceKlass sbt/Project$RichTaskPromise$$Lambda$747
instanceKlass scala/reflect/macros/contexts/Names
instanceKlass scala/reflect/macros/contexts/Enclosures
instanceKlass scala/reflect/macros/contexts/Aliases
instanceKlass scala/reflect/macros/whitebox/Context
instanceKlass scala/concurrent/duration/Duration$$$Lambda$746
instanceKlass scala/reflect/macros/blackbox/Context
instanceKlass scala/reflect/macros/Internals
instanceKlass scala/reflect/macros/ExprUtils
instanceKlass scala/concurrent/duration/Duration$$$Lambda$745
instanceKlass scala/reflect/macros/Evals
instanceKlass scala/reflect/macros/Parsers
instanceKlass scala/concurrent/duration/Duration$$$Lambda$744
instanceKlass scala/reflect/macros/Typers
instanceKlass scala/reflect/macros/Infrastructure
instanceKlass scala/reflect/macros/FrontEnds
instanceKlass scala/reflect/macros/Reifiers
instanceKlass scala/reflect/macros/Names
instanceKlass scala/reflect/macros/Enclosures
instanceKlass scala/reflect/macros/Aliases
instanceKlass scala/collection/DefaultMap
instanceKlass scala/collection/immutable/DefaultMap
instanceKlass scala/tools/nsc/typechecker/Implicits$SearchResult
instanceKlass scala/tools/nsc/typechecker/Implicits$ImplicitInfo
instanceKlass scala/tools/nsc/typechecker/Typers$Typer
instanceKlass scala/concurrent/duration/Duration$$$Lambda$743
instanceKlass scala/tools/nsc/typechecker/ContextErrors$TyperContextErrors
instanceKlass scala/tools/nsc/typechecker/PatternTypers$PatternTyper
instanceKlass scala/tools/nsc/typechecker/Tags$Tag
instanceKlass scala/tools/nsc/typechecker/Adaptations$Adaptation
instanceKlass org/fusesource/jansi/internal/OSInfo
instanceKlass scala/tools/nsc/typechecker/TypeDiagnostics$TyperDiagnostics
instanceKlass scala/concurrent/duration/Duration$
instanceKlass org/fusesource/jansi/internal/JansiLoader$1
instanceKlass scala/concurrent/Awaitable
instanceKlass org/fusesource/jansi/internal/JansiLoader
instanceKlass sbt/Project$RichTaskPromise
instanceKlass org/fusesource/jansi/internal/Kernel32
instanceKlass sbt/Classpaths$$$Lambda$742
instanceKlass sbt/Classpaths$$$Lambda$741
instanceKlass sbt/Classpaths$$$Lambda$740
instanceKlass sbt/internal/ClasspathImpl$$$Lambda$739
instanceKlass sbt/internal/ClasspathImpl$$$Lambda$738
instanceKlass sbt/internal/ClasspathImpl$$$Lambda$737
instanceKlass sbt/Classpaths$$$Lambda$736
instanceKlass scala/tools/nsc/typechecker/Namers$Namer
instanceKlass sbt/internal/ClasspathImpl$$$Lambda$735
instanceKlass scala/tools/nsc/typechecker/ContextErrors$NamerContextErrors
instanceKlass scala/tools/nsc/typechecker/MethodSynthesis$MethodSynth
instanceKlass sbt/Classpaths$$$Lambda$734
instanceKlass sbt/Classpaths$$$Lambda$733
instanceKlass sbt/Taskable$$anon$2
instanceKlass sbt/Classpaths$$$Lambda$732
instanceKlass sbt/Taskable$
instanceKlass sbt/TaskableImplicits
instanceKlass sbt/Classpaths$$$Lambda$731
instanceKlass sbt/Classpaths$$$Lambda$730
instanceKlass sbt/Classpaths$$$Lambda$729
instanceKlass scala/tools/nsc/typechecker/Namers$LockingTypeCompleter
instanceKlass sbt/Classpaths$$$Lambda$728
instanceKlass sbt/Classpaths$$$Lambda$727
instanceKlass scala/tools/nsc/Global$$anon$5
instanceKlass sbt/Classpaths$$$Lambda$726
instanceKlass sbt/Classpaths$$$Lambda$725
instanceKlass sbt/Classpaths$$$Lambda$724
instanceKlass org/jline/terminal/impl/AbstractTerminal
instanceKlass sbt/Classpaths$$$Lambda$723
instanceKlass sbt/Classpaths$$$Lambda$722
instanceKlass sbt/Classpaths$$$Lambda$721
instanceKlass org/jline/utils/OSUtils
instanceKlass scala/collection/immutable/Map$$Lambda$720
instanceKlass sbt/Classpaths$$$Lambda$719
instanceKlass java/util/Collections$EmptyEnumeration
instanceKlass org/jline/terminal/TerminalBuilder$TerminalBuilderSupport
instanceKlass sbt/internal/ClasspathImpl$$$Lambda$718
instanceKlass org/jline/terminal/impl/NativeSignalHandler
instanceKlass scala/tools/nsc/io/SourceReader
instanceKlass sbt/Classpaths$$$Lambda$717
instanceKlass scala/tools/nsc/ast/TreeBrowsers$SwingBrowser
instanceKlass sbt/Classpaths$$$Lambda$716
instanceKlass scala/tools/nsc/ast/TreeBrowsers
instanceKlass org/jline/terminal/Terminal$SignalHandler
instanceKlass scala/tools/nsc/ast/NodePrinters$nodeToRegularString$
instanceKlass sbt/Classpaths$$$Lambda$715
instanceKlass scala/tools/nsc/ast/NodePrinters$DefaultPrintAST
instanceKlass scala/tools/nsc/ast/NodePrinters$PrintAST
instanceKlass sbt/internal/ClasspathImpl$$$Lambda$714
instanceKlass sbt/internal/ClasspathImpl$$$Lambda$713
instanceKlass sbt/Classpaths$$$Lambda$712
instanceKlass org/jline/terminal/TerminalBuilder
instanceKlass scala/reflect/internal/MissingRequirementError$
instanceKlass sbt/librarymanagement/TrackLevel$NoTracking$
instanceKlass scala/reflect/internal/Mode
instanceKlass sbt/internal/util/JLine3$$$Lambda$711
instanceKlass scala/reflect/internal/Mode$$$Lambda$710
instanceKlass scala/reflect/internal/Mode$
instanceKlass sbt/Classpaths$$$Lambda$709
instanceKlass sbt/internal/util/JLine3$$$Lambda$708
instanceKlass sbt/librarymanagement/TrackLevel$TrackIfMissing$
instanceKlass scala/tools/nsc/package$
instanceKlass sbt/internal/util/JLine3$$$Lambda$707
instanceKlass sbt/Classpaths$$$Lambda$706
instanceKlass sbt/internal/ClasspathImpl$$$Lambda$705
instanceKlass sbt/internal/util/JLine3$$$Lambda$704
instanceKlass scala/tools/nsc/ast/NodePrinters
instanceKlass sbt/internal/ClasspathImpl$$$Lambda$703
instanceKlass sbt/librarymanagement/TrackLevel$TrackAlways$
instanceKlass scala/reflect/internal/settings/MutableSettings$
instanceKlass sbt/internal/util/JLine3$$$Lambda$702
instanceKlass scala/collection/mutable/Map$$Lambda$701
instanceKlass sbt/Classpaths$$$Lambda$700
instanceKlass org/fusesource/jansi/AnsiConsole
instanceKlass sbt/Classpaths$$$Lambda$699
instanceKlass sbt/internal/ClasspathImpl$$$Lambda$698
instanceKlass org/jline/terminal/spi/Pty
instanceKlass org/jline/terminal/impl/jansi/JansiSupportImpl
instanceKlass sbt/Classpaths$$$Lambda$697
instanceKlass org/jline/terminal/spi/JansiSupport
instanceKlass sbt/internal/ClasspathImpl$$$Lambda$696
instanceKlass scala/reflect/internal/SymbolTable$$Lambda$695
instanceKlass scala/reflect/internal/util/package$StringContextStripMarginOps
instanceKlass scala/reflect/internal/util/StripMarginInterpolator
instanceKlass scala/StringContext
instanceKlass org/jline/terminal/Terminal
instanceKlass sbt/internal/util/JLine3$
instanceKlass sbt/internal/ClasspathImpl$
instanceKlass scala/collection/mutable/ArrayBuilder$
instanceKlass sbt/xMain$$$Lambda$694
instanceKlass sbt/internal/util/ConsoleAppender$$$Lambda$693
instanceKlass sbt/internal/util/SuppressedTraceContext
instanceKlass sbt/Classpaths$$$Lambda$692
instanceKlass sbt/Classpaths$$$Lambda$691
instanceKlass sbt/Classpaths$$$Lambda$690
instanceKlass sbt/internal/util/LogOption
instanceKlass sbt/Classpaths$$$Lambda$689
instanceKlass sbt/Classpaths$$$Lambda$688
instanceKlass sbt/internal/util/ConsoleAppender$
instanceKlass sbt/Defaults$$$Lambda$687
instanceKlass sbt/Defaults$$$Lambda$686
instanceKlass sbt/Defaults$$$Lambda$685
instanceKlass sbt/Defaults$$$Lambda$684
instanceKlass sbt/Defaults$$$Lambda$683
instanceKlass sbt/Defaults$$$Lambda$682
instanceKlass sbt/Defaults$$$Lambda$681
instanceKlass sbt/Defaults$$$Lambda$680
instanceKlass sbt/Defaults$$$Lambda$679
instanceKlass sbt/Defaults$$$Lambda$678
instanceKlass sbt/Defaults$$$Lambda$677
instanceKlass sbt/Defaults$$$Lambda$676
instanceKlass scala/reflect/internal/util/FreshNameCreator$
instanceKlass sbt/Defaults$$$Lambda$675
instanceKlass sbt/Defaults$$$Lambda$674
instanceKlass sbt/Defaults$$$Lambda$673
instanceKlass sbt/Defaults$$$Lambda$672
instanceKlass scala/reflect/api/Internals$ReificationSupportApi$SyntacticClassDefExtractor
instanceKlass sbt/Defaults$$$Lambda$671
instanceKlass scala/reflect/api/Internals$ReificationSupportApi$SyntacticTraitDefExtractor
instanceKlass scala/reflect/api/Internals$ReificationSupportApi$SyntacticMatchExtractor
instanceKlass sbt/internal/util/Terminal$$$Lambda$670
instanceKlass scala/reflect/api/Internals$ReificationSupportApi$SyntacticValFromExtractor
instanceKlass sbt/Defaults$$$Lambda$669
instanceKlass scala/reflect/api/Internals$ReificationSupportApi$SyntacticPatDefExtractor
instanceKlass scala/reflect/api/Internals$ReificationSupportApi$ScalaDotExtractor
instanceKlass scala/reflect/api/Internals$ReificationSupportApi$SyntacticImportExtractor
instanceKlass sbt/internal/util/Init$DefaultSetting$$Lambda$668
instanceKlass scala/reflect/api/Internals$ReificationSupportApi$SyntacticAssignExtractor
instanceKlass scala/reflect/api/Internals$ReificationSupportApi$ImplicitParamsExtractor
instanceKlass sbt/Defaults$$$Lambda$667
instanceKlass scala/reflect/api/Internals$ReificationSupportApi$SyntacticDefDefExtractor
instanceKlass scala/reflect/api/Internals$ReificationSupportApi$SyntacticFilterExtractor
instanceKlass scala/reflect/api/Internals$ReificationSupportApi$SyntacticValDefExtractor
instanceKlass scala/reflect/api/Internals$ReificationSupportApi$SyntacticNewExtractor
instanceKlass scala/reflect/api/Internals$ReificationSupportApi$SyntacticAppliedExtractor
instanceKlass scala/reflect/api/Internals$ReificationSupportApi$SyntacticTryExtractor
instanceKlass sbt/internal/util/Init$$Lambda$666
instanceKlass scala/reflect/api/Internals$ReificationSupportApi$FlagsReprExtractor
instanceKlass scala/reflect/api/Internals$ReificationSupportApi$SyntacticValEqExtractor
instanceKlass sbt/internal/util/Init$$Lambda$665
instanceKlass sbt/Def$$$Lambda$664
instanceKlass scala/reflect/api/Internals$ReificationSupportApi$UnliftListElementwise
instanceKlass sbt/Def$$$Lambda$663
instanceKlass scala/reflect/api/Internals$ReificationSupportApi$SyntacticPartialFunctionExtractor
instanceKlass scala/reflect/api/Internals$ReificationSupportApi$SyntacticPackageObjectDefExtractor
instanceKlass sbt/internal/util/Init$$Lambda$662
instanceKlass sbt/internal/util/Init$$Lambda$661
instanceKlass scala/reflect/api/Internals$ReificationSupportApi$SyntacticForExtractor
instanceKlass scala/reflect/api/Internals$ReificationSupportApi$SyntacticEmptyTypeTreeExtractor
instanceKlass sbt/internal/util/AList$$Lambda$660
instanceKlass scala/reflect/api/Internals$ReificationSupportApi$SyntacticTupleExtractor
instanceKlass scala/reflect/api/Internals$ReificationSupportApi$SyntacticObjectDefExtractor
instanceKlass scala/reflect/api/Internals$ReificationSupportApi$SyntacticFunctionTypeExtractor
instanceKlass scala/reflect/api/Internals$ReificationSupportApi$SyntacticTypeAppliedExtractor
instanceKlass sbt/Def$$$Lambda$659
instanceKlass scala/reflect/api/Internals$ReificationSupportApi$SyntacticFunctionExtractor
instanceKlass scala/reflect/api/Internals$ReificationSupportApi$UnliftListOfListsElementwise
instanceKlass scala/reflect/api/Internals$ReificationSupportApi$SyntacticCompoundTypeExtractor
instanceKlass scala/reflect/api/Internals$ReificationSupportApi$SyntacticAnnotatedTypeExtractor
instanceKlass sbt/Def$$$Lambda$658
instanceKlass scala/reflect/api/Internals$ReificationSupportApi$SyntacticTypeProjectionExtractor
instanceKlass scala/reflect/api/Internals$ReificationSupportApi$SyntacticTermIdentExtractor
instanceKlass scala/reflect/api/Internals$ReificationSupportApi$SyntacitcSingletonTypeExtractor
instanceKlass sbt/BuildCommon$$Lambda$657
instanceKlass scala/reflect/api/Internals$ReificationSupportApi$SyntacticSelectTypeExtractor
instanceKlass scala/reflect/api/Internals$ReificationSupportApi$SyntacticSelectTermExtractor
instanceKlass scala/reflect/api/Internals$ReificationSupportApi$SyntacticExistentialTypeExtractor
instanceKlass scala/reflect/api/Internals$ReificationSupportApi$SyntacticTypeIdentExtractor
instanceKlass sbt/Defaults$$$Lambda$656
instanceKlass scala/reflect/api/Internals$ReificationSupportApi$SyntacticBlockExtractor
instanceKlass sbt/Defaults$$$Lambda$655
instanceKlass scala/reflect/internal/ReificationSupport$ReificationSupportImpl
instanceKlass xsbti/compile/ClasspathOptionsUtil
instanceKlass sbt/Defaults$$$Lambda$654
instanceKlass sbt/Defaults$$$Lambda$653
instanceKlass sbt/Defaults$$$Lambda$652
instanceKlass sbt/Defaults$$$Lambda$651
instanceKlass sbt/internal/DeprecatedContinuous$$$Lambda$650
instanceKlass sbt/internal/Continuous$$$Lambda$649
instanceKlass scala/reflect/internal/Positions$WrappingPosAccumulator
instanceKlass sbt/internal/Continuous$$$Lambda$648
instanceKlass scala/Function1$$Lambda$647
instanceKlass sbt/internal/util/Terminal$$$Lambda$646
instanceKlass scala/reflect/internal/Positions$$Lambda$645
instanceKlass sbt/internal/Continuous$$$Lambda$644
instanceKlass sbt/internal/util/Terminal$$$Lambda$643
instanceKlass scala/reflect/internal/Positions$SetChildrenPosAccumulator
instanceKlass sbt/internal/util/complete/ParserMain$$anon$1$$Lambda$642
instanceKlass scala/reflect/internal/Positions$$anon$1
instanceKlass sbt/internal/util/complete/MatchedString
instanceKlass sbt/internal/util/Prompt$NoPrompt$$Lambda$641
instanceKlass sbt/internal/util/complete/Parsers$$Lambda$640
instanceKlass sbt/internal/util/Prompt$Batch$
instanceKlass sbt/internal/util/Prompt$NoPrompt
instanceKlass sbt/internal/util/Prompt
instanceKlass sbt/internal/util/complete/Parsers$
instanceKlass sbt/internal/util/Terminal$DefaultTerminal
instanceKlass sbt/internal/nio/FileEventMonitor
instanceKlass org/scalasbt/ipcsocket/JNAWin32NamedPipeLibraryProvider$JNAOverlapped
instanceKlass java/io/Console$2
instanceKlass sun/misc/JavaIOAccess
instanceKlass java/io/Console$1
instanceKlass java/io/Console
instanceKlass jline/internal/Urls
instanceKlass jline/internal/Preconditions
instanceKlass scala/reflect/internal/Trees$ImportSelector
instanceKlass jline/internal/Configuration
instanceKlass sbt/internal/nio/TimeSource
instanceKlass jline/internal/Log
instanceKlass sbt/internal/Continuous$
instanceKlass jline/Terminal
instanceKlass sbt/internal/DeprecatedContinuous
instanceKlass jline/console/ConsoleReader
instanceKlass sbt/internal/BootServerSocket$ClientSocket
instanceKlass sbt/internal/DeprecatedContinuous$$$Lambda$639
instanceKlass sbt/Defaults$$$Lambda$638
instanceKlass scala/reflect/internal/Trees$$Lambda$637
instanceKlass scala/reflect/internal/Trees$OnlyChildAccumulator
instanceKlass sbt/internal/DeprecatedContinuous$$$Lambda$636
instanceKlass sbt/internal/util/Terminal$SimpleInputStream
instanceKlass sbt/Defaults$$$Lambda$635
instanceKlass sbt/Defaults$$$Lambda$634
instanceKlass sbt/internal/util/Terminal
instanceKlass sbt/Scoped$DefinableTask$$Lambda$633
instanceKlass sbt/Defaults$$$Lambda$632
instanceKlass sbt/internal/DeprecatedContinuous$
instanceKlass sbt/Defaults$$$Lambda$631
instanceKlass sbt/internal/WatchTransitiveDependencies$$$Lambda$630
instanceKlass sbt/internal/WatchTransitiveDependencies$Arguments
instanceKlass sbt/internal/util/Terminal$
instanceKlass sbt/internal/WatchTransitiveDependencies$$$Lambda$629
instanceKlass sbt/internal/WatchTransitiveDependencies$$$Lambda$628
instanceKlass sbt/xMain$$$Lambda$627
instanceKlass sbt/internal/WatchTransitiveDependencies$
instanceKlass org/scalasbt/ipcsocket/JNAWin32NamedPipeLibraryProvider$JNAHandle
instanceKlass sbt/Defaults$$$Lambda$626
instanceKlass scala/reflect/internal/StdNames$TermNames$$Lambda$625
instanceKlass sbt/Defaults$$$Lambda$624
instanceKlass sbt/Defaults$$$Lambda$623
instanceKlass scala/reflect/internal/Names$NameOps
instanceKlass com/sun/jna/NativeString
instanceKlass sbt/Defaults$$$Lambda$622
instanceKlass sbt/Defaults$$$Lambda$621
instanceKlass sbt/Defaults$$$Lambda$620
instanceKlass sbt/Defaults$$$Lambda$619
instanceKlass scala/collection/immutable/StringLike$$Lambda$618
instanceKlass com/sun/jna/platform/win32/WinBase$THREAD_START_ROUTINE
instanceKlass com/sun/jna/platform/win32/WinBase$COMPUTER_NAME_FORMAT
instanceKlass sbt/Defaults$$$Lambda$617
instanceKlass scala/reflect/NameTransformer$OpCodes
instanceKlass scala/reflect/NameTransformer$
instanceKlass sbt/librarymanagement/URLRepository$
instanceKlass sbt/librarymanagement/ResolverFunctions$$Lambda$616
instanceKlass sbt/librarymanagement/ResolverFunctions$url$$$Lambda$615
instanceKlass scala/reflect/internal/StdNames$JavaKeywords
instanceKlass sbt/librarymanagement/Patterns
instanceKlass sbt/librarymanagement/PatternsFunctions
instanceKlass sbt/librarymanagement/ResolverFunctions$url$
instanceKlass sbt/Classpaths$$anon$7
instanceKlass sbt/Classpaths$$$Lambda$614
instanceKlass com/sun/jna/platform/win32/Advapi32Util
instanceKlass scala/reflect/internal/StdNames$KeywordSetBuilder
instanceKlass sbt/Classpaths$$$Lambda$613
instanceKlass sbt/Classpaths$$$Lambda$612
instanceKlass sbt/Classpaths$$$Lambda$611
instanceKlass sbt/coursierint/LMCoursier$$$Lambda$610
instanceKlass sbt/coursierint/CoursierArtifactsTasks$$$Lambda$609
instanceKlass sbt/coursierint/CoursierArtifactsTasks$
instanceKlass sbt/Classpaths$$$Lambda$608
instanceKlass sbt/internal/util/Init$SettingsDefinition$
instanceKlass sbt/internal/librarymanagement/IvyXml$$$Lambda$607
instanceKlass sbt/Scoped$RichInitializeTask$$Lambda$606
instanceKlass sbt/internal/librarymanagement/IvyXml$$$Lambda$605
instanceKlass sbt/internal/librarymanagement/IvyXml$$$Lambda$604
instanceKlass com/sun/jna/platform/win32/Kernel32Util
instanceKlass scala/reflect/internal/StdNames$CommonNames
instanceKlass com/sun/jna/platform/win32/WinNT$SID_NAME_USE
instanceKlass com/sun/jna/platform/win32/WinNT$WELL_KNOWN_SID_TYPE
instanceKlass com/sun/jna/Klass
instanceKlass scala/reflect/internal/transform/Transforms$$Lambda$603
instanceKlass scala/reflect/internal/transform/Transforms$$anon$3
instanceKlass com/sun/jna/NativeMappedConverter
instanceKlass scala/reflect/internal/transform/Transforms$$Lambda$602
instanceKlass scala/xml/Attribute
instanceKlass scala/reflect/internal/transform/Transforms$$anon$2
instanceKlass sbt/internal/librarymanagement/IvyXml$
instanceKlass scala/reflect/internal/transform/Transforms$$Lambda$601
instanceKlass scala/reflect/internal/transform/Transforms$$anon$1
instanceKlass scala/reflect/internal/transform/Transforms$Lazy
instanceKlass scala/reflect/internal/Scopes$$Lambda$600
instanceKlass java/lang/invoke/LambdaForm$BMH
instanceKlass sbt/Classpaths$$$Lambda$599
instanceKlass java/lang/invoke/LambdaForm$MH
instanceKlass sbt/coursierint/CoursierInputsTasks$$$Lambda$598
instanceKlass sbt/Classpaths$$$Lambda$597
instanceKlass sbt/coursierint/CoursierInputsTasks$$$Lambda$596
instanceKlass scala/reflect/internal/Kinds$KindErrors
instanceKlass sbt/Classpaths$$$Lambda$595
instanceKlass sbt/coursierint/CoursierInputsTasks$$$Lambda$594
instanceKlass scala/reflect/internal/Variances$varianceInType$$Lambda$593
instanceKlass sbt/Classpaths$$$Lambda$592
instanceKlass java/lang/invoke/LambdaForm$MH
instanceKlass java/lang/invoke/LambdaForm$MH
instanceKlass sbt/coursierint/CoursierRepositoriesTasks$$$Lambda$591
instanceKlass java/lang/invoke/LambdaForm$MH
instanceKlass sbt/Classpaths$$$Lambda$590
instanceKlass java/lang/invoke/LambdaForm$BMH
instanceKlass java/lang/invoke/LambdaForm$BMH
instanceKlass sbt/coursierint/CoursierRepositoriesTasks$$$Lambda$589
instanceKlass java/lang/invoke/LambdaForm$BMH
instanceKlass sbt/Classpaths$$$Lambda$588
instanceKlass java/lang/invoke/LambdaForm$BMH
instanceKlass sbt/Classpaths$$$Lambda$587
instanceKlass scala/reflect/internal/Variance$Extractor
instanceKlass sbt/coursierint/LMCoursier$$$Lambda$586
instanceKlass sbt/Classpaths$$$Lambda$585
instanceKlass scala/reflect/internal/Variances$$Lambda$584
instanceKlass sbt/coursierint/CoursierInputsTasks$$$Lambda$583
instanceKlass scala/reflect/internal/Variances$varianceInType
instanceKlass sbt/Classpaths$$$Lambda$582
instanceKlass scala/reflect/api/Types$ThisTypeApi
instanceKlass sbt/internal/LibraryManagement$$$Lambda$581
instanceKlass scala/reflect/api/Types$SuperTypeApi
instanceKlass sbt/internal/LibraryManagement$$anon$1
instanceKlass sbt/dsl/LinterLevelLowPriority$Ignore$
instanceKlass scala/reflect/api/Types$SingleTypeApi
instanceKlass sbt/dsl/LinterLevel
instanceKlass sbt/dsl/LinterLevel$
instanceKlass sbt/dsl/LinterLevelLowPriority
instanceKlass scala/reflect/internal/Types$$Lambda$580
instanceKlass scala/reflect/internal/Types$$Lambda$579
instanceKlass scala/reflect/internal/Variance$
instanceKlass scala/reflect/internal/Types$$Lambda$578
instanceKlass scala/reflect/internal/AnnotationInfos$AnnotationInfo
instanceKlass sbt/internal/LibraryManagement$
instanceKlass scala/reflect/api/Types$BoundedWildcardTypeApi
instanceKlass sbt/Classpaths$$$Lambda$577
instanceKlass sbt/coursierint/LMCoursier$$$Lambda$576
instanceKlass sbt/Classpaths$$$Lambda$575
instanceKlass scala/reflect/internal/Types$$Lambda$574
instanceKlass sbt/Classpaths$$$Lambda$573
instanceKlass sbt/Classpaths$$$Lambda$572
instanceKlass scala/collection/immutable/HashSet$HashSetBuilder
instanceKlass sbt/Classpaths$$$Lambda$571
instanceKlass sbt/Classpaths$$$Lambda$570
instanceKlass sbt/Classpaths$$$Lambda$569
instanceKlass sbt/Classpaths$$$Lambda$568
instanceKlass sbt/Classpaths$$$Lambda$567
instanceKlass java/lang/invoke/LambdaForm$MH
instanceKlass java/lang/invoke/LambdaForm$DMH
instanceKlass java/lang/invoke/LambdaForm$DMH
instanceKlass sbt/Classpaths$$$Lambda$566
instanceKlass java/lang/invoke/LambdaForm$DMH
instanceKlass java/lang/invoke/LambdaForm$DMH
instanceKlass sbt/Defaults$$$Lambda$564
instanceKlass scala/reflect/internal/tpe/FindMembers$$Lambda$565
instanceKlass scala/reflect/internal/tpe/FindMembers$FindMemberBase
instanceKlass scala/reflect/internal/util/ReusableInstance
instanceKlass scala/reflect/internal/Depth$
instanceKlass scala/collection/mutable/FlatHashTable$
instanceKlass sbt/Classpaths$$$Lambda$563
instanceKlass sbt/Classpaths$$$Lambda$562
instanceKlass sbt/Classpaths$$$Lambda$561
instanceKlass sbt/Classpaths$$$Lambda$560
instanceKlass sbt/Classpaths$$$Lambda$559
instanceKlass sbt/Defaults$$$Lambda$558
instanceKlass sbt/internal/util/Init$Bind
instanceKlass com/sun/jna/platform/win32/WinBase$EnumResNameProc
instanceKlass com/sun/jna/platform/win32/WinBase$EnumResTypeProc
instanceKlass sbt/ScopeFilter$TaskKeyAll$$Lambda$557
instanceKlass sbt/Defaults$$$Lambda$556
instanceKlass sbt/ScopeFilter$TaskKeyAll
instanceKlass sbt/ScopeFilter$$$Lambda$555
instanceKlass java/lang/invoke/LambdaForm$MH
instanceKlass java/lang/invoke/LambdaForm$DMH
instanceKlass java/lang/invoke/LambdaForm$DMH
instanceKlass sbt/ScopeFilter$$$Lambda$554
instanceKlass scala/collection/mutable/FlatHashTable
instanceKlass scala/collection/mutable/FlatHashTable$HashUtils
instanceKlass java/lang/invoke/LambdaForm$DMH
instanceKlass sbt/ThisProject$
instanceKlass sbt/ScopeFilter$$$Lambda$553
instanceKlass scala/reflect/internal/Symbols$SymbolOps
instanceKlass sbt/ScopeFilter$Data
instanceKlass scala/reflect/internal/Symbols$$Lambda$552
instanceKlass sbt/internal/util/Init$StaticScopes$
instanceKlass scala/reflect/api/Internals$FreeTypeSymbolApi
instanceKlass sbt/ScopeFilter$$anon$4
instanceKlass scala/reflect/api/Internals$FreeTermSymbolApi
instanceKlass scala/reflect/internal/Symbols$FreeSymbol
instanceKlass scala/reflect/internal/util/JavaClearable
instanceKlass scala/collection/mutable/AnyRefMap$$$Lambda$551
instanceKlass com/sun/jna/platform/win32/Kernel32
instanceKlass com/sun/jna/platform/win32/Wincon
instanceKlass sbt/ScopeFilter$Base
instanceKlass sbt/ScopeFilter$Make
instanceKlass scala/collection/mutable/AnyRefMap$$anon$2
instanceKlass com/sun/jna/Function$PostCallRead
instanceKlass scala/collection/mutable/AnyRefMap$ExceptionDefault
instanceKlass sbt/ScopeFilter$
instanceKlass scala/collection/mutable/AnyRefMap$
instanceKlass scala/reflect/internal/SymbolTable$perRunCaches$
instanceKlass sbt/Classpaths$$$Lambda$550
instanceKlass sbt/coursierint/LMCoursier$$$Lambda$549
instanceKlass com/sun/jna/Library$Handler$FunctionInfo
instanceKlass sbt/ThisBuild$
instanceKlass com/sun/jna/internal/ReflectionUtils
instanceKlass sbt/SlashSyntax$RichReference
instanceKlass scala/reflect/api/Trees$TypeApplyApi
instanceKlass sbt/LocalRootProject$
instanceKlass scala/reflect/api/Trees$StarApi
instanceKlass sbt/Classpaths$$$Lambda$548
instanceKlass scala/reflect/api/Trees$TypedApi
instanceKlass scala/reflect/api/Trees$UnApplyApi
instanceKlass scala/reflect/api/Trees$ThisApi
instanceKlass sbt/Classpaths$$$Lambda$547
instanceKlass scala/reflect/api/Trees$ReturnApi
instanceKlass scala/reflect/api/Trees$PackageDefApi
instanceKlass scala/reflect/api/Trees$IfApi
instanceKlass scala/reflect/api/Trees$CompoundTypeTreeApi
instanceKlass scala/reflect/api/Trees$AppliedTypeTreeApi
instanceKlass scala/reflect/api/Trees$AlternativeApi
instanceKlass scala/reflect/api/Trees$LabelDefApi
instanceKlass scala/reflect/api/Trees$FunctionApi
instanceKlass sbt/Classpaths$$$Lambda$546
instanceKlass scala/reflect/api/Trees$ImportApi
instanceKlass scala/reflect/api/Trees$AssignOrNamedArgApi
instanceKlass scala/reflect/api/Trees$AssignApi
instanceKlass scala/reflect/api/Trees$AnnotatedApi
instanceKlass scala/reflect/api/Trees$SingletonTypeTreeApi
instanceKlass scala/reflect/api/Trees$SelectFromTypeTreeApi
instanceKlass scala/reflect/api/Trees$ExistentialTypeTreeApi
instanceKlass scala/reflect/api/Trees$MatchApi
instanceKlass sbt/Classpaths$$$Lambda$545
instanceKlass sbt/Classpaths$$$Lambda$544
instanceKlass scala/reflect/api/Trees$ClassDefApi
instanceKlass sbt/internal/util/AList$$anon$15
instanceKlass scala/reflect/api/Trees$TreeCopierOps
instanceKlass sbt/Classpaths$$$Lambda$543
instanceKlass scala/Tuple11
instanceKlass scala/Product11
instanceKlass sbt/internal/util/AList$$anon$11
instanceKlass sbt/Classpaths$$$Lambda$542
instanceKlass scala/Tuple7
instanceKlass scala/Product7
instanceKlass sbt/Classpaths$$$Lambda$541
instanceKlass sbt/Classpaths$$$Lambda$540
instanceKlass sbt/Classpaths$$$Lambda$539
instanceKlass sbt/Classpaths$$$Lambda$538
instanceKlass sbt/Classpaths$$$Lambda$537
instanceKlass scala/tools/nsc/CompilationUnits$CompilationUnit
instanceKlass scala/reflect/macros/Universe$CompilationUnitContextApi
instanceKlass sbt/SettingKey$$Lambda$536
instanceKlass sbt/Classpaths$$$Lambda$535
instanceKlass sbt/Classpaths$$$Lambda$534
instanceKlass scala/tools/nsc/Parsing$RunParsing
instanceKlass sbt/Classpaths$$$Lambda$533
instanceKlass scala/reflect/internal/Reporting$RunReporting
instanceKlass sbt/Classpaths$$$Lambda$532
instanceKlass sbt/Classpaths$$$Lambda$531
instanceKlass sbt/Classpaths$$$Lambda$530
instanceKlass sbt/Classpaths$$$Lambda$529
instanceKlass sbt/Classpaths$$$Lambda$528
instanceKlass sbt/Classpaths$$$Lambda$527
instanceKlass sbt/Classpaths$$$Lambda$526
instanceKlass sbt/Classpaths$$$Lambda$525
instanceKlass scala/reflect/internal/Types$FlagAgnosticCompleter
instanceKlass sbt/Classpaths$$$Lambda$524
instanceKlass sbt/Classpaths$$$Lambda$523
instanceKlass sbt/Classpaths$$$Lambda$522
instanceKlass sbt/Classpaths$$$Lambda$521
instanceKlass sbt/Classpaths$$$Lambda$520
instanceKlass sbt/Classpaths$$$Lambda$519
instanceKlass sbt/Classpaths$$$Lambda$518
instanceKlass sbt/Classpaths$$$Lambda$517
instanceKlass sbt/Classpaths$$$Lambda$516
instanceKlass sbt/Classpaths$$$Lambda$515
instanceKlass sbt/Classpaths$$$Lambda$514
instanceKlass com/sun/jna/platform/win32/WinBase$FE_EXPORT_FUNC
instanceKlass sbt/Classpaths$$$Lambda$513
instanceKlass sbt/Classpaths$$$Lambda$512
instanceKlass scala/tools/nsc/javac/JavaParsers
instanceKlass com/sun/jna/platform/win32/Winsvc$HandlerEx
instanceKlass scala/tools/nsc/javac/JavaScanners
instanceKlass sbt/Classpaths$$$Lambda$511
instanceKlass sbt/Classpaths$$$Lambda$510
instanceKlass com/sun/jna/platform/win32/WinBase$FE_IMPORT_FUNC
instanceKlass sbt/Classpaths$$$Lambda$509
instanceKlass sbt/Classpaths$$$Lambda$508
instanceKlass sbt/Classpaths$$$Lambda$507
instanceKlass sbt/Classpaths$$$Lambda$506
instanceKlass sbt/Classpaths$$$Lambda$505
instanceKlass sbt/Classpaths$$$Lambda$504
instanceKlass sbt/Scoped$RichInitialize$$Lambda$503
instanceKlass sbt/Classpaths$$$Lambda$502
instanceKlass scala/tools/nsc/symtab/SymbolLoaders
instanceKlass sbt/Scoped$RichInitialize
instanceKlass com/sun/jna/platform/win32/Advapi32
instanceKlass sbt/Classpaths$$$Lambda$501
instanceKlass scala/tools/nsc/backend/JavaPlatform
instanceKlass scala/tools/nsc/backend/Platform
instanceKlass com/sun/jna/Memory$MemoryDisposer
instanceKlass com/sun/jna/Structure$StructField
instanceKlass com/sun/jna/Structure$LayoutInfo
instanceKlass java/util/LinkedList$ListItr
instanceKlass java/lang/annotation/Target
instanceKlass sbt/Classpaths$$$Lambda$500
instanceKlass sun/reflect/annotation/AnnotationInvocationHandler
instanceKlass sbt/Classpaths$$$Lambda$499
instanceKlass sun/reflect/annotation/AnnotationParser$1
instanceKlass sun/reflect/annotation/ExceptionProxy
instanceKlass java/lang/Class$4
instanceKlass sbt/Classpaths$$$Lambda$498
instanceKlass scala/tools/nsc/typechecker/Analyzer
instanceKlass sbt/Classpaths$$$Lambda$497
instanceKlass java/lang/annotation/Documented
instanceKlass java/lang/annotation/Inherited
instanceKlass java/lang/annotation/Retention
instanceKlass sun/reflect/annotation/AnnotationType$1
instanceKlass sbt/Classpaths$$$Lambda$496
instanceKlass java/lang/reflect/GenericArrayType
instanceKlass sun/reflect/generics/visitor/Reifier
instanceKlass sun/reflect/generics/visitor/TypeTreeVisitor
instanceKlass sbt/Classpaths$$$Lambda$495
instanceKlass sun/reflect/generics/factory/CoreReflectionFactory
instanceKlass sun/reflect/generics/factory/GenericsFactory
instanceKlass sbt/Classpaths$$$Lambda$494
instanceKlass sun/reflect/generics/scope/AbstractScope
instanceKlass sun/reflect/generics/scope/Scope
instanceKlass sun/reflect/generics/tree/ClassTypeSignature
instanceKlass sun/reflect/generics/tree/SimpleClassTypeSignature
instanceKlass sbt/Classpaths$$$Lambda$493
instanceKlass sun/reflect/generics/tree/FieldTypeSignature
instanceKlass sun/reflect/generics/tree/BaseType
instanceKlass sun/reflect/generics/tree/TypeSignature
instanceKlass sun/reflect/generics/tree/ReturnType
instanceKlass sun/reflect/generics/tree/TypeArgument
instanceKlass sun/reflect/generics/tree/TypeTree
instanceKlass sun/reflect/generics/tree/Tree
instanceKlass sbt/Classpaths$$$Lambda$492
instanceKlass sun/reflect/generics/parser/SignatureParser
instanceKlass sbt/Classpaths$$$Lambda$491
instanceKlass sun/reflect/annotation/AnnotationParser
instanceKlass sbt/Classpaths$$$Lambda$490
instanceKlass com/sun/jna/Structure$FieldOrder
instanceKlass sbt/Classpaths$$$Lambda$489
instanceKlass sbt/Classpaths$$$Lambda$488
instanceKlass sbt/Classpaths$$$Lambda$487
instanceKlass sbt/Classpaths$$$Lambda$486
instanceKlass sbt/Classpaths$$$Lambda$485
instanceKlass com/sun/jna/platform/win32/WinNT$OVERLAPPED_COMPLETION_ROUTINE
instanceKlass com/sun/jna/win32/StdCallLibrary$StdCallCallback
instanceKlass sbt/Classpaths$$$Lambda$484
instanceKlass scala/tools/nsc/typechecker/AnalyzerPlugins
instanceKlass sbt/Classpaths$$$Lambda$483
instanceKlass sbt/Classpaths$$$Lambda$482
instanceKlass sbt/Classpaths$$$Lambda$481
instanceKlass sbt/coursierint/CoursierRepositoriesTasks$$$Lambda$480
instanceKlass scala/tools/nsc/typechecker/StdAttachments
instanceKlass sbt/coursierint/CoursierRepositoriesTasks$
instanceKlass scala/tools/nsc/typechecker/ContextErrors
instanceKlass sbt/Classpaths$$$Lambda$479
instanceKlass sbt/Classpaths$$$Lambda$478
instanceKlass com/sun/jna/platform/win32/WinNT$LOGICAL_PROCESSOR_RELATIONSHIP
instanceKlass com/sun/jna/platform/win32/WinNT$PROCESSOR_CACHE_TYPE
instanceKlass com/sun/jna/platform/win32/WinNT$POWER_ACTION
instanceKlass scala/tools/nsc/typechecker/TypeDiagnostics
instanceKlass com/sun/jna/platform/win32/WinNT$SYSTEM_POWER_STATE
instanceKlass sbt/Classpaths$$$Lambda$477
instanceKlass sbt/internal/util/AList$$anon$14
instanceKlass sbt/Classpaths$$$Lambda$476
instanceKlass scala/tools/nsc/typechecker/NamesDefaults
instanceKlass scala/Tuple10
instanceKlass scala/Product10
instanceKlass com/sun/jna/platform/win32/WinNT$LocaleMacros
instanceKlass com/sun/jna/Structure$ByReference
instanceKlass scala/tools/nsc/typechecker/Macros
instanceKlass sbt/Classpaths$$$Lambda$475
instanceKlass sbt/coursierint/LMCoursier$$$Lambda$474
instanceKlass scala/reflect/macros/util/Helpers
instanceKlass sbt/Classpaths$$$Lambda$473
instanceKlass org/scalasbt/ipcsocket/Win32SecurityLibrary
instanceKlass sbt/Classpaths$$$Lambda$472
instanceKlass scala/reflect/macros/util/Traces
instanceKlass org/scalasbt/ipcsocket/Win32NamedPipeServerSocket$$Lambda$471
instanceKlass sbt/Classpaths$$$Lambda$470
instanceKlass org/scalasbt/ipcsocket/Win32NamedPipeSocket$CloseCallback
instanceKlass scala/reflect/macros/runtime/MacroRuntimes
instanceKlass scala/reflect/macros/runtime/JavaReflectionRuntimes
instanceKlass org/scalasbt/ipcsocket/Handle
instanceKlass sbt/Classpaths$$$Lambda$469
instanceKlass com/sun/jna/WeakMemoryHolder
instanceKlass sbt/Classpaths$$$Lambda$468
instanceKlass sbt/Classpaths$$$Lambda$467
instanceKlass sbt/Classpaths$$$Lambda$466
instanceKlass scala/tools/nsc/typechecker/Unapplies
instanceKlass sbt/Classpaths$$$Lambda$465
instanceKlass sbt/Classpaths$$$Lambda$464
instanceKlass java/lang/reflect/WeakCache$Value
instanceKlass sbt/Classpaths$$$Lambda$463
instanceKlass sbt/Classpaths$$$Lambda$462
instanceKlass sbt/Classpaths$$$Lambda$461
instanceKlass sbt/Classpaths$$$Lambda$460
instanceKlass sbt/Classpaths$$$Lambda$459
instanceKlass java/lang/invoke/LambdaForm$DMH
instanceKlass java/lang/invoke/LambdaForm$DMH
instanceKlass sbt/Classpaths$$$Lambda$458
instanceKlass sbt/Classpaths$$$Lambda$457
instanceKlass sun/misc/ProxyGenerator$ExceptionTableEntry
instanceKlass sbt/internal/ui/UITask$NoShellPrompt$
instanceKlass sun/misc/ProxyGenerator$FieldInfo
instanceKlass scala/tools/nsc/typechecker/SyntheticMethods
instanceKlass sbt/Classpaths$$$Lambda$456
instanceKlass java/io/DataOutput
instanceKlass sbt/Classpaths$$$Lambda$455
instanceKlass sun/misc/ProxyGenerator$ConstantPool$Entry
instanceKlass sun/misc/ProxyGenerator$MethodInfo
instanceKlass sbt/librarymanagement/ArtifactTypeFilterExtra
instanceKlass sbt/librarymanagement/ArtifactTypeFilterFunctions
instanceKlass sun/misc/ProxyGenerator$PrimitiveTypeInfo
instanceKlass scala/collection/SetLike$$Lambda$454
instanceKlass scala/tools/nsc/typechecker/EtaExpansion
instanceKlass sun/misc/ProxyGenerator$ProxyMethod
instanceKlass scala/tools/nsc/typechecker/Implicits
instanceKlass scala/collection/immutable/TreeSet
instanceKlass sun/misc/ProxyGenerator$ConstantPool
instanceKlass sun/misc/ProxyGenerator
instanceKlass java/lang/reflect/WeakCache$Factory
instanceKlass java/util/function/Supplier
instanceKlass java/lang/reflect/Proxy$ProxyClassFactory
instanceKlass java/lang/reflect/Proxy$KeyFactory
instanceKlass java/util/function/BiFunction
instanceKlass java/lang/reflect/WeakCache
instanceKlass java/lang/reflect/Proxy
instanceKlass java/lang/reflect/AnnotatedType
instanceKlass java/lang/reflect/TypeVariable
instanceKlass scala/tools/nsc/typechecker/Infer
instanceKlass scala/tools/nsc/typechecker/Checkable
instanceKlass sbt/librarymanagement/ArtifactFunctions
instanceKlass com/sun/jna/VarArgsChecker
instanceKlass sbt/librarymanagement/MavenRepo$
instanceKlass sbt/librarymanagement/MavenRepositoryFunctions
instanceKlass sbt/internal/librarymanagement/LMSysProp$$$Lambda$453
instanceKlass sbt/internal/librarymanagement/LMSysProp$$$Lambda$452
instanceKlass com/sun/jna/NativeLibrary$NativeLibraryDisposer
instanceKlass com/sun/jna/internal/Cleaner$Cleanable
instanceKlass sbt/internal/librarymanagement/LMSysProp$
instanceKlass com/sun/jna/internal/Cleaner
instanceKlass com/sun/jna/NativeLibrary$1
instanceKlass scala/tools/nsc/typechecker/Typers
instanceKlass sbt/librarymanagement/ResolverFunctions
instanceKlass scala/tools/nsc/typechecker/PatternTypers
instanceKlass scala/tools/nsc/typechecker/TypersTracking
instanceKlass scala/tools/nsc/typechecker/Tags
instanceKlass com/sun/jna/SymbolProvider
instanceKlass com/sun/jna/NativeLibrary
instanceKlass scala/tools/nsc/typechecker/Adaptations
instanceKlass com/sun/jna/Library$Handler
instanceKlass scala/tools/nsc/typechecker/Namers
instanceKlass com/sun/jna/Native$2
instanceKlass scala/tools/nsc/typechecker/MethodSynthesis
instanceKlass com/sun/jna/Structure$FFIType$FFITypes
instanceKlass com/sun/jna/Native$ffi_callback
instanceKlass com/sun/jna/JNIEnv
instanceKlass com/sun/jna/PointerType
instanceKlass com/sun/jna/NativeMapped
instanceKlass scala/tools/nsc/typechecker/Contexts
instanceKlass com/sun/jna/WString
instanceKlass com/sun/jna/win32/DLLCallback
instanceKlass com/sun/jna/CallbackProxy
instanceKlass com/sun/jna/Callback
instanceKlass scala/tools/nsc/ast/parser/TreeBuilder
instanceKlass com/sun/jna/Structure$ByValue
instanceKlass scala/xml/NodeSeq$
instanceKlass sbt/Classpaths$$$Lambda$451
instanceKlass sbt/VersionScheme$
instanceKlass com/sun/jna/ToNativeContext
instanceKlass sbt/internal/librarymanagement/CompatibilityWarningOptions$
instanceKlass sbt/Classpaths$$$Lambda$450
instanceKlass com/sun/jna/Structure
instanceKlass scala/reflect/internal/Reporting$PerRunReportingBase
instanceKlass sbt/librarymanagement/ConflictWarning$
instanceKlass sbt/Classpaths$$$Lambda$449
instanceKlass scala/reflect/api/Mirror
instanceKlass sbt/Classpaths$$$Lambda$448
instanceKlass sbt/Classpaths$$$Lambda$447
instanceKlass com/sun/jna/Pointer
instanceKlass sbt/Classpaths$$$Lambda$446
instanceKlass sbt/Classpaths$$$Lambda$445
instanceKlass scala/reflect/internal/transform/Erasure
instanceKlass sbt/Classpaths$$$Lambda$444
instanceKlass sbt/Classpaths$$$Lambda$443
instanceKlass sbt/Classpaths$$$Lambda$442
instanceKlass sbt/Classpaths$$$Lambda$441
instanceKlass sbt/Classpaths$$$Lambda$440
instanceKlass sbt/Classpaths$$$Lambda$439
instanceKlass sbt/Classpaths$$$Lambda$438
instanceKlass sbt/Classpaths$$$Lambda$437
instanceKlass sbt/std/TaskExtra$$Lambda$436
instanceKlass sbt/Classpaths$$$Lambda$435
instanceKlass java/lang/invoke/LambdaForm$DMH
instanceKlass sbt/internal/RemoteCache$$$Lambda$434
instanceKlass sbt/internal/util/$tilde$greater$$anon$7
instanceKlass scala/reflect/internal/TreeInfo
instanceKlass sbt/internal/RemoteCache$$$Lambda$433
instanceKlass sbt/internal/RemoteCache$$$Lambda$432
instanceKlass sbt/internal/RemoteCache$$$Lambda$431
instanceKlass sbt/internal/RemoteCache$$$Lambda$430
instanceKlass scala/tools/nsc/Global$GlobalStats
instanceKlass scala/tools/nsc/transform/patmat/PatternMatchingStats
instanceKlass sbt/internal/RemoteCache$$$Lambda$429
instanceKlass scala/tools/nsc/backend/jvm/BackendStats
instanceKlass sbt/internal/RemoteCache$$$Lambda$428
instanceKlass sbt/Scoped$DefinableTask$$Lambda$427
instanceKlass sbt/internal/RemoteCache$$$Lambda$426
instanceKlass sbt/internal/RemoteCache$$$Lambda$425
instanceKlass scala/tools/nsc/typechecker/MacrosStats
instanceKlass sbt/internal/RemoteCache$$$Lambda$424
instanceKlass sbt/Scoped$RichInitTaskBase$$Lambda$423
instanceKlass scala/tools/nsc/typechecker/ImplicitsStats
instanceKlass scala/tools/nsc/typechecker/TypersStats
instanceKlass scala/reflect/internal/SymbolTable$ReflectStats
instanceKlass scala/reflect/internal/ScopeStats
instanceKlass sbt/Tags$
instanceKlass scala/reflect/internal/SymbolsStats
instanceKlass scala/reflect/internal/TreesStats
instanceKlass sbt/internal/RemoteCache$$$Lambda$422
instanceKlass scala/reflect/internal/SymbolTableStats
instanceKlass scala/reflect/internal/TypesStats
instanceKlass scala/reflect/internal/BaseTypeSeqsStats
instanceKlass sbt/internal/RemoteCache$$$Lambda$421
instanceKlass scala/reflect/internal/util/Statistics
instanceKlass scala/reflect/internal/transform/UnCurry
instanceKlass sbt/internal/RemoteCache$$$Lambda$420
instanceKlass scala/reflect/internal/transform/PostErasure
instanceKlass scala/tools/nsc/ast/TreeDSL
instanceKlass sbt/Defaults$$$Lambda$419
instanceKlass sbt/internal/RemoteCache$$$Lambda$418
instanceKlass sbt/internal/RemoteCache$$$Lambda$417
instanceKlass sbt/internal/RemoteCache$$$Lambda$416
instanceKlass sbt/internal/RemoteCache$$$Lambda$415
instanceKlass sbt/internal/RemoteCache$$$Lambda$414
instanceKlass scala/tools/nsc/typechecker/Contexts$Context
instanceKlass sbt/internal/RemoteCache$$$Lambda$413
instanceKlass sbt/internal/RemoteCache$$$Lambda$412
instanceKlass sbt/internal/util/AList$$anon$3
instanceKlass sbt/coursierint/LMCoursier$$$Lambda$411
instanceKlass scala/tools/nsc/ast/Trees$TreeCopier
instanceKlass sbt/internal/util/KNil
instanceKlass sbt/coursierint/CoursierInputsTasks$$$Lambda$410
instanceKlass sbt/coursierint/CoursierInputsTasks$$$Lambda$409
instanceKlass scala/reflect/internal/util/HasClassPath
instanceKlass scala/reflect/internal/util/ScalaClassLoader
instanceKlass sbt/coursierint/CoursierInputsTasks$
instanceKlass scala/tools/nsc/SubComponent
instanceKlass scala/reflect/internal/util/FreshNameCreator
instanceKlass sbt/internal/util/KCons
instanceKlass sbt/coursierint/LMCoursier$
instanceKlass sbt/internal/RemoteCache$$$Lambda$408
instanceKlass sbt/Defaults$$$Lambda$407
instanceKlass sbt/Defaults$$$Lambda$406
instanceKlass sbt/Defaults$$$Lambda$405
instanceKlass sbt/internal/util/Init$$anon$11
instanceKlass scala/reflect/api/StandardDefinitions$DefinitionsApi
instanceKlass sbt/Defaults$$$Lambda$404
instanceKlass scala/reflect/api/StandardDefinitions$StandardTypes
instanceKlass sbt/Defaults$$$Lambda$403
instanceKlass scala/reflect/api/Trees$TypeTreeExtractor
instanceKlass sbt/Defaults$$$Lambda$402
instanceKlass sbt/internal/RemoteCache$$$Lambda$401
instanceKlass scala/reflect/api/Trees$ApplyExtractor
instanceKlass sbt/internal/RemoteCache$$$Lambda$400
instanceKlass sbt/Defaults$$$Lambda$399
instanceKlass scala/reflect/api/Trees$TemplateExtractor
instanceKlass sbt/Defaults$$$Lambda$398
instanceKlass scala/reflect/api/Trees$SelectExtractor
instanceKlass sbt/internal/util/AList$$anon$13
instanceKlass sbt/Defaults$$$Lambda$397
instanceKlass sbt/Classpaths$$$Lambda$396
instanceKlass scala/reflect/api/StandardNames$TypeNamesApi
instanceKlass sbt/internal/util/Init$DefaultSetting
instanceKlass scala/reflect/api/Trees$TypeApplyExtractor
instanceKlass sbt/internal/util/Init$DefaultSetting$
instanceKlass sbt/internal/util/Init$$Lambda$395
instanceKlass scala/reflect/api/Trees$TypeDefExtractor
instanceKlass scala/Tuple9
instanceKlass scala/Product9
instanceKlass scala/runtime/java8/JFunction0$mcJ$sp
instanceKlass sbt/internal/util/Init$$Lambda$394
instanceKlass scala/reflect/api/Internals$ReferenceToBoxedExtractor
instanceKlass sbt/Project$$$Lambda$393
instanceKlass scala/reflect/api/Trees$StarExtractor
instanceKlass sbt/Project$$anon$4
instanceKlass sbt/internal/RemoteCache$$$Lambda$392
instanceKlass scala/reflect/api/Trees$ModuleDefExtractor
instanceKlass scala/reflect/api/Trees$ThrowApi
instanceKlass sbt/internal/util/$tilde$greater$$Lambda$391
instanceKlass sbt/internal/util/complete/ParserMain$$anon$1$$Lambda$390
instanceKlass scala/reflect/api/Trees$ThrowExtractor
instanceKlass scala/reflect/api/Trees$TryExtractor
instanceKlass sbt/internal/util/complete/Optional
instanceKlass scala/reflect/api/Trees$TryApi
instanceKlass sbt/internal/util/complete/TokenStart
instanceKlass scala/reflect/api/Trees$NewExtractor
instanceKlass scala/reflect/api/Trees$SuperExtractor
instanceKlass sbt/internal/util/complete/TokenCompletions$Delegating
instanceKlass scala/reflect/api/Trees$TypedExtractor
instanceKlass sbt/internal/util/complete/TokenCompletions$$$Lambda$389
instanceKlass scala/reflect/api/Trees$TypeBoundsTreeExtractor
instanceKlass java/lang/invoke/LambdaForm$DMH
instanceKlass sbt/internal/util/complete/Completion
instanceKlass scala/reflect/api/Trees$RefTreeExtractor
instanceKlass scala/reflect/api/Trees$UnApplyExtractor
instanceKlass sbt/internal/util/complete/TokenCompletions
instanceKlass sbt/internal/util/complete/TokenCompletions$
instanceKlass scala/reflect/api/Trees$ThisExtractor
instanceKlass sbt/internal/util/complete/ParserMain$$anon$1$$Lambda$388
instanceKlass scala/reflect/api/Trees$ReturnExtractor
instanceKlass scala/reflect/api/Types$TypeBoundsExtractor
instanceKlass sbt/internal/util/complete/SeqParser
instanceKlass scala/reflect/api/Trees$PackageDefExtractor
instanceKlass sbt/internal/util/complete/HomParser$$Lambda$387
instanceKlass scala/reflect/api/Trees$LiteralExtractor
instanceKlass sbt/internal/util/complete/Parser$$$Lambda$386
instanceKlass scala/reflect/api/Trees$IfExtractor
instanceKlass sbt/internal/util/complete/Parser$$$Lambda$385
instanceKlass scala/reflect/api/Trees$IdentExtractor
instanceKlass sbt/internal/util/complete/HomParser
instanceKlass scala/reflect/api/Trees$DefDefExtractor
instanceKlass sbt/internal/util/complete/MapParser
instanceKlass scala/reflect/api/Trees$CompoundTypeTreeExtractor
instanceKlass scala/reflect/api/Trees$CaseDefApi
instanceKlass sbt/internal/util/complete/Parser$$$Lambda$384
instanceKlass scala/reflect/api/Trees$CaseDefExtractor
instanceKlass sbt/internal/util/complete/ParserMain$$anon$1$$Lambda$383
instanceKlass scala/reflect/api/Constants$ConstantExtractor
instanceKlass sbt/internal/RemoteCache$$$Lambda$382
instanceKlass scala/reflect/api/Trees$AppliedTypeTreeExtractor
instanceKlass sbt/internal/RemoteCache$$$Lambda$381
instanceKlass sbt/internal/util/complete/StringLiteral
instanceKlass scala/reflect/api/Trees$AlternativeExtractor
instanceKlass scala/reflect/api/Names$TypeNameExtractor
instanceKlass sbt/internal/RemoteCache$$$Lambda$380
instanceKlass sbt/internal/util/complete/ParserWithExamples
instanceKlass sbt/internal/RemoteCache$$$Lambda$379
instanceKlass scala/reflect/api/Trees$LabelDefExtractor
instanceKlass sbt/internal/util/complete/FixedSetExamples
instanceKlass sbt/Defaults$$$Lambda$378
instanceKlass scala/reflect/api/Trees$FunctionExtractor
instanceKlass sbt/internal/util/AList$$anon$8
instanceKlass scala/collection/immutable/Set$SetBuilderImpl
instanceKlass scala/reflect/api/Trees$ImportExtractor
instanceKlass sbt/internal/RemoteCache$$$Lambda$377
instanceKlass sbt/internal/util/complete/Repeat$$Lambda$376
instanceKlass scala/reflect/api/Trees$AssignOrNamedArgExtractor
instanceKlass scala/reflect/api/Trees$BindApi
instanceKlass sbt/internal/util/complete/Repeat$$Lambda$375
instanceKlass scala/Tuple4
instanceKlass scala/Product4
instanceKlass sbt/internal/RemoteCache$$$Lambda$374
instanceKlass sbt/internal/util/complete/Repeat
instanceKlass sbt/internal/RemoteCache$$$Lambda$373
instanceKlass sbt/internal/util/complete/Invalid
instanceKlass sbt/internal/RemoteCache$$$Lambda$372
instanceKlass scala/reflect/api/Trees$BindExtractor
instanceKlass sbt/internal/RemoteCache$$$Lambda$371
instanceKlass sbt/internal/util/complete/Parser$$$Lambda$370
instanceKlass scala/reflect/api/Trees$ImportSelectorExtractor
instanceKlass sbt/internal/RemoteCache$$$Lambda$369
instanceKlass sbt/internal/util/complete/Parser$$$Lambda$368
instanceKlass scala/reflect/api/Trees$AssignExtractor
instanceKlass sbt/internal/RemoteCache$$$Lambda$367
instanceKlass java/lang/invoke/LambdaForm$MH
instanceKlass scala/reflect/api/Trees$AnnotatedExtractor
instanceKlass java/lang/invoke/LambdaForm$DMH
instanceKlass sbt/internal/RemoteCache$$$Lambda$366
instanceKlass sbt/internal/util/complete/Parser$$$Lambda$364
instanceKlass sbt/internal/RemoteCache$$$Lambda$365
instanceKlass sbt/internal/RemoteCache$$$Lambda$363
instanceKlass java/lang/invoke/LambdaForm$DMH
instanceKlass sbt/internal/util/complete/Infinite$
instanceKlass sbt/librarymanagement/InclExclRuleFunctions
instanceKlass sbt/internal/util/complete/ParserMain$$anon$1
instanceKlass sbt/librarymanagement/ModuleFilter
instanceKlass sbt/librarymanagement/ArtifactFilter
instanceKlass sbt/internal/util/complete/Parser$Result
instanceKlass sbt/librarymanagement/ConfigurationFilter
instanceKlass sbt/librarymanagement/SubDepFilter
instanceKlass scala/reflect/api/Annotations$AnnotationExtractor
instanceKlass scala/reflect/api/FlagSets$FlagValues
instanceKlass sbt/internal/util/complete/CharacterClass
instanceKlass sbt/internal/util/complete/ValidParser
instanceKlass sbt/librarymanagement/syntax$
instanceKlass sbt/librarymanagement/LibraryManagementSyntax
instanceKlass sbt/librarymanagement/DependencyFilterExtra
instanceKlass scala/reflect/api/Annotations$AnnotationApi
instanceKlass sbt/librarymanagement/DependencyBuilders
instanceKlass sbt/internal/util/complete/Parsers$$Lambda$362
instanceKlass scala/reflect/api/Annotations$ArrayArgumentExtractor
instanceKlass sbt/librarymanagement/LibraryManagementSyntax0
instanceKlass sbt/internal/util/complete/Parser$
instanceKlass sbt/internal/RemoteCache$$$Lambda$361
instanceKlass scala/reflect/api/Annotations$LiteralArgumentExtractor
instanceKlass sbt/internal/RemoteCache$$$Lambda$360
instanceKlass scala/reflect/api/Annotations$NestedArgumentExtractor
instanceKlass scala/reflect/api/StandardNames$TermNamesApi
instanceKlass scala/reflect/api/StandardNames$NamesApi
instanceKlass sbt/internal/RemoteCache$$$Lambda$359
instanceKlass scala/reflect/api/Types$ThisTypeExtractor
instanceKlass sbt/internal/util/AList$$anon$7
instanceKlass scala/reflect/api/Types$PolyTypeExtractor
instanceKlass sbt/std/FullInstance$$$Lambda$358
instanceKlass scala/reflect/api/Types$ClassInfoTypeExtractor
instanceKlass sbt/internal/util/TypeFunctions$$anon$4
instanceKlass scala/reflect/api/Types$ExistentialTypeExtractor
instanceKlass sbt/internal/util/complete/RichParser
instanceKlass sbt/internal/util/Init$TransformCapture
instanceKlass scala/reflect/api/Types$SuperTypeExtractor
instanceKlass scala/reflect/api/Types$TypeRefExtractor
instanceKlass sbt/internal/RemoteCache$$$Lambda$357
instanceKlass sbt/internal/util/complete/ExampleSource
instanceKlass scala/reflect/api/Types$ConstantTypeExtractor
instanceKlass sbt/internal/util/complete/UpperBound
instanceKlass scala/reflect/api/Types$RefinedTypeExtractor
instanceKlass scala/reflect/api/Types$SingleTypeExtractor
instanceKlass sbt/internal/util/complete/DefaultParsers$
instanceKlass scala/reflect/api/Types$AnnotatedTypeExtractor
instanceKlass sbt/internal/util/complete/ParserMain
instanceKlass scala/reflect/api/Types$MethodTypeExtractor
instanceKlass scala/reflect/api/Types$NullaryMethodTypeExtractor
instanceKlass sbt/internal/RemoteCache$
instanceKlass scala/reflect/api/Types$BoundedWildcardTypeExtractor
instanceKlass sbt/internal/util/complete/Parsers
instanceKlass sbt/SettingKey$$Lambda$356
instanceKlass scala/reflect/api/Trees$SingletonTypeTreeExtractor
instanceKlass sbt/Append$$anon$1
instanceKlass scala/reflect/api/Trees$SelectFromTypeTreeExtractor
instanceKlass sbt/Defaults$$$Lambda$355
instanceKlass scala/reflect/api/Trees$ExistentialTypeTreeExtractor
instanceKlass sbt/TaskKey$$Lambda$354
instanceKlass scala/reflect/api/Trees$MatchExtractor
instanceKlass sbt/TaskKey$$Lambda$353
instanceKlass sbt/Append$$anon$8
instanceKlass scala/reflect/api/Trees$ModifiersExtractor
instanceKlass sbt/Append$Sequence
instanceKlass scala/reflect/api/TreeCreator
instanceKlass sbt/Append$
instanceKlass sbt/nio/FileStamp$Cache
instanceKlass scala/reflect/api/Names$TermNameExtractor
instanceKlass sbt/internal/DynamicInput
instanceKlass scala/reflect/api/Trees$ClassDefExtractor
instanceKlass scala/reflect/api/Trees$ValDefExtractor
instanceKlass sbt/Classpaths$$$Lambda$352
instanceKlass sbt/Classpaths$$$Lambda$351
instanceKlass scala/reflect/api/Trees$BlockExtractor
instanceKlass scala/reflect/api/TypeCreator
instanceKlass scala/reflect/api/Trees$BlockApi
instanceKlass sbt/Classpaths$$$Lambda$350
instanceKlass sbt/internal/nio/FileTreeRepository
instanceKlass scala/reflect/api/Internals$ReificationSupportApi
instanceKlass sbt/internal/nio/Observable
instanceKlass sbt/Classpaths$$$Lambda$349
instanceKlass sbt/internal/nio/Registerable
instanceKlass sbt/internal/util/AList$$anon$9
instanceKlass scala/reflect/internal/InfoTransformers$InfoTransformer
instanceKlass sbt/Project
instanceKlass sbt/Classpaths$$$Lambda$348
instanceKlass sbt/nio/Watch$Event
instanceKlass scala/reflect/internal/Phase
instanceKlass sbt/Classpaths$$$Lambda$347
instanceKlass sbt/CompositeProject
instanceKlass sbt/internal/util/complete/Parser
instanceKlass scala/reflect/internal/TreeGen
instanceKlass sbt/Classpaths$$$Lambda$346
instanceKlass sbt/Def$$$Lambda$345
instanceKlass sbt/nio/Watch$InputOption
instanceKlass sbt/Def$$$Lambda$344
instanceKlass sbt/nio/Watch$Action
instanceKlass sbt/Def$$$Lambda$343
instanceKlass sbt/ProjectOrigin
instanceKlass sbt/StateTransform
instanceKlass sbt/internal/util/Init$Value$$Lambda$342
instanceKlass sbt/Project$
instanceKlass scala/reflect/macros/Universe$MacroCompatApi
instanceKlass sbt/nio/file/FileAttributes
instanceKlass scala/reflect/api/Internals$CompatApi
instanceKlass sbt/Def$$$Lambda$341
instanceKlass sbt/ProjectExtra
instanceKlass sbt/Def$$$Lambda$340
instanceKlass sbt/nio/file/FileTreeView
instanceKlass scala/reflect/macros/Universe$TreeGen
instanceKlass scala/reflect/macros/Universe$MacroInternalApi
instanceKlass sbt/nio/FileStamper
instanceKlass sbt/Scoped$RichInitTaskBase$$Lambda$339
instanceKlass scala/reflect/api/Internals$InternalApi
instanceKlass sbt/nio/FileChanges
instanceKlass sbt/Def$$$Lambda$338
instanceKlass sbt/nio/Keys$
instanceKlass sbt/Scoped$RichInitTaskBase
instanceKlass scala/reflect/api/Internals$ReferenceToBoxedApi
instanceKlass sbt/internal/util/Init$$Lambda$337
instanceKlass sbt/Defaults$$$Lambda$336
instanceKlass sbt/SlashSyntax$RichScope
instanceKlass sbt/Defaults$$$Lambda$335
instanceKlass sbt/Defaults$$$Lambda$334
instanceKlass sbt/Defaults$$$Lambda$333
instanceKlass sbt/Scoped$syntax$
instanceKlass sbt/Defaults$$$Lambda$332
instanceKlass sbt/Defaults$$$Lambda$331
instanceKlass sbt/internal/util/Init$Value
instanceKlass sbt/Scoped$DefinableSetting$$Lambda$330
instanceKlass sbt/internal/util/appmacro/Instance$Composed$$Lambda$329
instanceKlass sbt/Classpaths$$$Lambda$328
instanceKlass sbt/internal/util/Init$Optional
instanceKlass sbt/Defaults$$$Lambda$326
instanceKlass sbt/Classpaths$$$Lambda$327
instanceKlass sbt/Defaults$$$Lambda$325
instanceKlass scala/reflect/internal/Positions$PosAssigner
instanceKlass sbt/Defaults$$$Lambda$324
instanceKlass scala/Function1$$Lambda$322
instanceKlass sbt/Defaults$$$Lambda$323
instanceKlass sbt/Defaults$$$Lambda$321
instanceKlass sbt/Defaults$$$Lambda$320
instanceKlass sbt/internal/util/Init$GetValue
instanceKlass sbt/Defaults$$$Lambda$319
instanceKlass sbt/SettingKey$$Lambda$318
instanceKlass sbt/internal/util/AList$$anon$10
instanceKlass sbt/Defaults$$$Lambda$317
instanceKlass scala/Tuple5
instanceKlass scala/Product5
instanceKlass scala/reflect/internal/Printers$TreePrinter
instanceKlass scala/Tuple6
instanceKlass scala/Product6
instanceKlass scala/reflect/api/Printers$TreePrinter
instanceKlass sbt/Classpaths$$$Lambda$316
instanceKlass sbt/Classpaths$$$Lambda$315
instanceKlass sbt/internal/util/AList$$anon$6
instanceKlass sbt/internal/util/LinePosition
instanceKlass sbt/internal/util/FilePosition
instanceKlass scala/Function2$$Lambda$314
instanceKlass sbt/Classpaths$$$Lambda$313
instanceKlass sbt/internal/util/appmacro/Instance$Composed$$Lambda$312
instanceKlass sbt/internal/util/AList$$anon$2
instanceKlass sbt/Defaults$$$Lambda$311
instanceKlass sbt/internal/util/AList$$anon$5
instanceKlass sbt/internal/util/Init$Initialize$JoinInitSeq
instanceKlass sbt/internal/util/appmacro/Instance$Composed$$Lambda$310
instanceKlass sbt/Classpaths$$$Lambda$309
instanceKlass sbt/internal/util/AList$$anon$12
instanceKlass sbt/internal/util/Init$Initialize$
instanceKlass sbt/Defaults$$$Lambda$308
instanceKlass sbt/Scope$$$Lambda$307
instanceKlass sbt/internal/util/AList$$anon$4
instanceKlass sbt/Select
instanceKlass scala/reflect/api/Trees$TypeDefApi
instanceKlass sbt/internal/util/AList$$anon$1
instanceKlass sbt/SlashSyntax$RichConfiguration
instanceKlass sbt/SlashSyntax$HasSlashKeyOrAttrKey
instanceKlass sbt/SlashSyntax$HasSlashKey
instanceKlass sbt/internal/util/AList
instanceKlass scala/reflect/api/Trees$DefDefApi
instanceKlass sbt/ConfigKey$
instanceKlass sbt/internal/util/AList$
instanceKlass sbt/SlashSyntax0$
instanceKlass sbt/SlashSyntax
instanceKlass sbt/internal/util/Init$Apply
instanceKlass sbt/Classpaths$$$Lambda$306
instanceKlass sbt/Def$$$Lambda$305
instanceKlass scala/Tuple8
instanceKlass scala/Product8
instanceKlass sbt/Classpaths$$$Lambda$304
instanceKlass sbt/internal/InMemoryCacheStore$CacheStoreFactoryFactory
instanceKlass scala/reflect/api/Trees$ModuleDefApi
instanceKlass sbt/PluginData
instanceKlass scala/reflect/api/Trees$ImplDefApi
instanceKlass sbt/internal/util/ProgressState
instanceKlass scala/reflect/api/Trees$SuperApi
instanceKlass sbt/internal/AbstractTaskExecuteProgress
instanceKlass sbt/ExecuteProgress
instanceKlass scala/reflect/api/Trees$TypeBoundsTreeApi
instanceKlass java/io/DeleteOnExitHook$1
instanceKlass java/io/DeleteOnExitHook
instanceKlass scala/reflect/api/Trees$ImportSelectorApi
instanceKlass scala/reflect/api/Trees$TemplateApi
instanceKlass sbt/Keys$TaskProgress
instanceKlass scala/reflect/api/Constants$ConstantApi
instanceKlass scala/reflect/api/Trees$ValDefApi
instanceKlass scala/reflect/api/Trees$ValOrDefDefApi
instanceKlass scala/reflect/api/Trees$MemberDefApi
instanceKlass sbt/std/Streams
instanceKlass scala/reflect/api/Trees$DefTreeApi
instanceKlass sbt/std/TaskExtra$$anon$6
instanceKlass sbt/Pure
instanceKlass sun/nio/fs/BasicFileAttributesHolder
instanceKlass sun/nio/fs/WindowsDirectoryStream$WindowsDirectoryIterator
instanceKlass scala/PartialFunction$$Lambda$303
instanceKlass sun/nio/fs/WindowsDirectoryStream
instanceKlass java/nio/file/DirectoryStream
instanceKlass scala/reflect/api/Trees$ModifiersApi
instanceKlass java/nio/file/Files$AcceptAllFilter
instanceKlass java/nio/file/DirectoryStream$Filter
instanceKlass scala/collection/TraversableLike$$Lambda$302
instanceKlass java/nio/file/Files
instanceKlass scala/reflect/api/Trees$LiteralApi
instanceKlass sbt/internal/util/TypeFunctions$$Lambda$301
instanceKlass sbt/internal/util/BasicAttributeMap
instanceKlass scala/reflect/internal/Trees$CannotHaveAttrs
instanceKlass sbt/internal/util/AttributeMap
instanceKlass sbt/internal/util/AttributeMap$
instanceKlass sbt/Info$
instanceKlass scala/reflect/api/Trees$ApplyApi
instanceKlass scala/reflect/api/Trees$GenericApplyApi
instanceKlass sbt/Info
instanceKlass sbt/Def$$$Lambda$300
instanceKlass scala/reflect/api/Types$ConstantTypeApi
instanceKlass scala/reflect/api/Trees$IdentApi
instanceKlass sbt/std/TaskInfo
instanceKlass sbt/std/MultiInTask
instanceKlass scala/reflect/api/Annotations$NestedArgumentApi
instanceKlass sbt/std/BinaryPipe
instanceKlass sbt/std/TaskLines
instanceKlass scala/reflect/api/Annotations$ArrayArgumentApi
instanceKlass sbt/std/ProcessPipe
instanceKlass sbt/std/TextPipe
instanceKlass scala/reflect/api/Annotations$LiteralArgumentApi
instanceKlass sbt/std/ForkTask
instanceKlass scala/reflect/internal/AnnotationInfos$ClassfileAnnotArg
instanceKlass scala/reflect/api/Annotations$JavaArgumentApi
instanceKlass sbt/std/SingleInTask
instanceKlass sbt/Action
instanceKlass sbt/std/JoinTask
instanceKlass sbt/std/TaskExtra$
instanceKlass scala/reflect/api/Trees$SelectApi
instanceKlass sbt/std/TaskExtra
instanceKlass sbt/std/TaskExtra0
instanceKlass scala/reflect/internal/Trees$RefTree
instanceKlass scala/reflect/api/Trees$RefTreeApi
instanceKlass scala/reflect/api/Trees$SymTreeApi
instanceKlass scala/reflect/internal/Trees$NameTree
instanceKlass scala/reflect/api/Trees$NameTreeApi
instanceKlass scala/reflect/api/Trees$NewApi
instanceKlass scala/reflect/internal/Trees$TermTree
instanceKlass scala/reflect/api/Trees$TermTreeApi
instanceKlass scala/reflect/api/Trees$TypeTreeApi
instanceKlass scala/reflect/internal/Trees$TypTree
instanceKlass scala/reflect/api/Trees$TypTreeApi
instanceKlass sbt/internal/util/Init$Delegates
instanceKlass scala/reflect/internal/Trees$TreeContextApiImpl
instanceKlass scala/reflect/api/Trees$TreeApi
instanceKlass sbt/internal/util/EvaluateSettings
instanceKlass scala/reflect/internal/StdNames$SymbolNames
instanceKlass scala/reflect/api/Symbols$MethodSymbolApi
instanceKlass sbt/internal/util/Init$Setting
instanceKlass java/net/NetworkInterface$2
instanceKlass scala/reflect/api/Types$ClassInfoTypeApi
instanceKlass sbt/Def$
instanceKlass sbt/InitializeImplicits
instanceKlass sbt/InitializeImplicits0
instanceKlass sbt/TaskMacroExtra
instanceKlass scala/reflect/internal/Scopes$Scope
instanceKlass scala/reflect/api/Scopes$MemberScopeApi
instanceKlass sbt/std/TaskStreams
instanceKlass scala/reflect/api/Scopes$ScopeApi
instanceKlass sbt/internal/util/Settings
instanceKlass sbt/std/TaskInstance$
instanceKlass sbt/std/InitializeInstance$
instanceKlass sbt/internal/util/appmacro/Instance$Composed
instanceKlass sbt/internal/util/appmacro/MonadInstance
instanceKlass sbt/internal/util/appmacro/Instance
instanceKlass scala/reflect/api/FlagSets$FlagOps
instanceKlass sbt/Tags$Rule
instanceKlass sbt/Keys$$$Lambda$299
instanceKlass sbt/ConcurrentRestrictions$Tag
instanceKlass sbt/ConcurrentRestrictions
instanceKlass sbt/CompletionService
instanceKlass sbt/ConcurrentRestrictions$
instanceKlass sbt/SessionVar$Map
instanceKlass sbt/InteractionService
instanceKlass sbt/librarymanagement/ConflictManagerFormats$$anon$1
instanceKlass sbt/librarymanagement/ConflictManager
instanceKlass scala/reflect/api/Types$RefinedTypeApi
instanceKlass sbt/librarymanagement/ConflictWarning
instanceKlass sbt/internal/librarymanagement/CompatibilityWarningOptions
instanceKlass sbt/librarymanagement/GetClassifiersModule
instanceKlass scala/reflect/api/Types$CompoundTypeApi
instanceKlass sbt/librarymanagement/ConfigRefFormats$$anon$1
instanceKlass sbt/librarymanagement/ConfigRef
instanceKlass scala/reflect/internal/util/Statistics$SubQuantity
instanceKlass org/apache/ivy/core/module/descriptor/ModuleDescriptor
instanceKlass scala/reflect/internal/util/Statistics$Counter
instanceKlass org/apache/ivy/core/module/descriptor/DependencyDescriptorMediator
instanceKlass scala/reflect/internal/util/Statistics$Quantity
instanceKlass org/apache/ivy/plugins/latest/ArtifactInfo
instanceKlass org/apache/ivy/util/extendable/UnmodifiableExtendableItem
instanceKlass org/apache/ivy/util/extendable/ExtendableItem
instanceKlass scala/reflect/api/Types$ExistentialTypeApi
instanceKlass sbt/librarymanagement/UpdateLoggingFormats$$anon$1
instanceKlass scala/reflect/api/Types$AnnotatedTypeApi
instanceKlass scala/reflect/internal/Types$RewrappingTypeProxy
instanceKlass sbt/librarymanagement/ScalaModuleInfoFormats$$anon$1
instanceKlass sbt/librarymanagement/ScalaModuleInfo
instanceKlass sbt/librarymanagement/InclExclRuleFormats$$anon$1
instanceKlass sbt/librarymanagement/InclExclRule
instanceKlass sbt/librarymanagement/ivy/IvyPaths
instanceKlass scala/reflect/internal/tpe/TypeMaps$TypeMap
instanceKlass sbt/librarymanagement/RetrieveConfigurationFormats$$anon$1
instanceKlass sbt/librarymanagement/RetrieveConfiguration
instanceKlass sbt/librarymanagement/ModuleConfigurationFormats$$anon$1
instanceKlass sbt/librarymanagement/ModuleConfiguration
instanceKlass scala/reflect/api/Types$TypeBoundsApi
instanceKlass scala/reflect/api/Types$NullaryMethodTypeApi
instanceKlass scala/reflect/api/Types$MethodTypeApi
instanceKlass scala/reflect/api/Types$PolyTypeApi
instanceKlass sbt/internal/librarymanagement/formats/NodeSeqFormat$$Lambda$298
instanceKlass sbt/internal/librarymanagement/formats/NodeSeqFormat$$Lambda$297
instanceKlass scala/xml/ScalaVersionSpecificNodeSeq
instanceKlass scala/reflect/api/Types$SingletonTypeApi
instanceKlass scala/reflect/internal/Types$SimpleTypeProxy
instanceKlass sbt/librarymanagement/ivy/Credentials
instanceKlass scala/reflect/api/Types$TypeRefApi
instanceKlass sbt/librarymanagement/MakePomConfiguration
instanceKlass scala/reflect/api/Types$TypeApi
instanceKlass sbt/librarymanagement/EvictionWarningOptions
instanceKlass sbt/librarymanagement/EvictionWarning
instanceKlass sbt/librarymanagement/UpdateReportExtra
instanceKlass sbt/internal/librarymanagement/IvySbt$Module
instanceKlass scala/reflect/internal/Symbols$StubSymbol
instanceKlass sbt/internal/librarymanagement/IvySbt
instanceKlass sbt/librarymanagement/Publisher
instanceKlass sbt/librarymanagement/UnresolvedWarningConfiguration
instanceKlass sbt/librarymanagement/ivy/UpdateOptions
instanceKlass scala/reflect/api/Symbols$ClassSymbolApi
instanceKlass scala/reflect/api/Symbols$TypeSymbolApi
instanceKlass sbt/librarymanagement/UpdateConfigurationFormats$$anon$1
instanceKlass sbt/librarymanagement/UpdateConfiguration
instanceKlass sbt/librarymanagement/ModuleSettings
instanceKlass sbt/librarymanagement/DependencyResolution
instanceKlass scala/reflect/api/Symbols$ModuleSymbolApi
instanceKlass scala/reflect/api/Symbols$TermSymbolApi
instanceKlass sbt/librarymanagement/ivy/IvyConfiguration
instanceKlass lmcoursier/definitions/Reconciliation
instanceKlass scala/reflect/internal/Symbols$SymbolContextApiImpl
instanceKlass lmcoursier/definitions/ModuleMatchers
instanceKlass scala/reflect/api/Symbols$SymbolApi
instanceKlass lmcoursier/definitions/Publication
instanceKlass lmcoursier/definitions/Configuration
instanceKlass lmcoursier/credentials/Credentials
instanceKlass lmcoursier/definitions/CacheLogger
instanceKlass scala/reflect/internal/StdAttachments$Attachable
instanceKlass lmcoursier/FallbackDependency
instanceKlass scala/reflect/internal/AnnotationInfos$Annotatable
instanceKlass scala/reflect/internal/HasFlags
instanceKlass lmcoursier/definitions/Project
instanceKlass lmcoursier/CoursierConfiguration
instanceKlass sjsonnew/CollectionFormats$$Lambda$296
instanceKlass scala/reflect/api/Names$TypeNameApi
instanceKlass sbt/internal/server/BuildServerReporter
instanceKlass scala/reflect/api/Names$TermNameApi
instanceKlass scala/reflect/api/Names$NameApi
instanceKlass sbt/internal/bsp/ScalaMainClassesItem
instanceKlass scala/reflect/internal/Names$NameHasIsEmpty
instanceKlass sbt/internal/bsp/ScalaTestClassesItem
instanceKlass sbt/internal/bsp/JvmEnvironmentItem
instanceKlass sbt/internal/bsp/ScalacOptionsItem
instanceKlass scala/reflect/api/TypeTags$TypeTag
instanceKlass scala/reflect/api/TypeTags$WeakTypeTag
instanceKlass sbt/internal/bsp/OutputPathsItem
instanceKlass sbt/internal/bsp/DependencySourcesItem
instanceKlass sbt/internal/bsp/ResourcesItem
instanceKlass sbt/internal/bsp/SourcesItem
instanceKlass scala/util/DynamicVariable
instanceKlass sbt/internal/bsp/BuildTarget
instanceKlass scala/DeprecatedConsole
instanceKlass scala/io/AnsiColor
instanceKlass sbt/ConfigKey
instanceKlass sbt/internal/server/BuildServerProtocol$BspFullWorkspace
instanceKlass sbt/internal/bsp/BuildTargetIdentifier
instanceKlass scala/reflect/macros/Attachments
instanceKlass sjsonnew/FlatUnionFormats$$anon$7
instanceKlass scala/reflect/internal/util/DeprecatedPosition
instanceKlass sbt/librarymanagement/SftpRepositoryExtra
instanceKlass scala/reflect/internal/util/InternalPositionImpl
instanceKlass sbt/librarymanagement/SftpRepositoryFormats$$anon$1
instanceKlass scala/reflect/api/Position
instanceKlass sbt/librarymanagement/SshRepositoryExtra
instanceKlass scala/reflect/internal/Reporter$Severity
instanceKlass sbt/librarymanagement/SshBasedRepositoryExtra
instanceKlass scala/reflect/internal/Reporter
instanceKlass sbt/librarymanagement/SshRepositoryFormats$$anon$1
instanceKlass scala/tools/nsc/reporters/PrintReporter
instanceKlass sbt/librarymanagement/URLRepositoryFormats$$anon$1
instanceKlass sbt/librarymanagement/FileRepositoryFormats$$anon$1
instanceKlass sbt/librarymanagement/MavenCacheFormats$$anon$1
instanceKlass scala/tools/nsc/settings/AbsSettings$$Lambda$295
instanceKlass sbt/librarymanagement/MavenRepoFormats$$anon$1
instanceKlass scala/tools/nsc/settings/AbsSettings$$Lambda$294
instanceKlass sbt/librarymanagement/ChainedResolverFormats$$anon$1
instanceKlass sbt/librarymanagement/PublishConfiguration
instanceKlass scala/collection/Iterator$$Lambda$293
instanceKlass sbt/internal/remotecache/RemoteCacheArtifact
instanceKlass scala/tools/nsc/settings/AbsSettings$$Lambda$292
instanceKlass sbt/internal/util/Attributed
instanceKlass scala/tools/nsc/settings/MutableSettings$$Lambda$291
instanceKlass sbt/librarymanagement/ModuleInfoFormats$$anon$1
instanceKlass scala/tools/nsc/settings/AbsSettings$$Lambda$290
instanceKlass sbt/librarymanagement/ModuleInfo
instanceKlass scala/PartialFunction$$anon$1$$Lambda$289
instanceKlass sbt/librarymanagement/ScmInfoFormats$$anon$1
instanceKlass sbt/librarymanagement/ScmInfo
instanceKlass scala/PartialFunction$$anon$1
instanceKlass scala/PartialFunction$$$Lambda$288
instanceKlass sjsonnew/CollectionFormats$$Lambda$287
instanceKlass sbt/librarymanagement/DeveloperFormats$$anon$1
instanceKlass scala/PartialFunction$
instanceKlass sbt/librarymanagement/Developer
instanceKlass sjsonnew/TupleFormats$$anon$2
instanceKlass sbt/Tests$Group
instanceKlass scala/tools/nsc/CompilerCommand$$Lambda$286
instanceKlass sbt/TestResultLogger
instanceKlass scala/tools/nsc/settings/ScalaSettings$$Lambda$285
instanceKlass sbt/Tests$Execution
instanceKlass scala/tools/nsc/settings/ScalaSettings$$Lambda$284
instanceKlass scala/tools/nsc/settings/MutableSettings$EnableSettings$$Lambda$283
instanceKlass sbt/TestReportListener
instanceKlass sbt/TestOption
instanceKlass scala/tools/nsc/settings/ScalaSettings$$Lambda$282
instanceKlass sbt/Tests$Output
instanceKlass scala/tools/nsc/settings/ScalaSettings$$Lambda$281
instanceKlass sbt/TestDefinition
instanceKlass scala/tools/nsc/settings/ScalaSettings$$Lambda$280
instanceKlass sbt/TestFramework
instanceKlass scala/tools/nsc/settings/ScalaSettings$$Lambda$279
instanceKlass scala/tools/nsc/settings/ScalaSettings$$Lambda$278
instanceKlass sbt/JobHandle
instanceKlass scala/tools/nsc/settings/ScalaSettings$$Lambda$277
instanceKlass sbt/BackgroundJobService
instanceKlass scala/tools/nsc/settings/ScalaSettings$$Lambda$276
instanceKlass scala/tools/nsc/settings/ScalaSettings$$Lambda$275
instanceKlass sjsonnew/CollectionFormats$$anon$1
instanceKlass sbt/OutputStrategy
instanceKlass sbt/ForkOptions
instanceKlass scala/tools/nsc/settings/ScalaSettings$$Lambda$274
instanceKlass sbt/Scoped$$anon$4
instanceKlass sbt/InputTask
instanceKlass scala/tools/nsc/settings/ScalaSettings$$Lambda$273
instanceKlass scala/tools/nsc/settings/ScalaSettings$$Lambda$272
instanceKlass sbt/InputKey$
instanceKlass scala/tools/nsc/settings/ScalaSettings$$Lambda$271
instanceKlass sbt/librarymanagement/ScalaVersion
instanceKlass scala/tools/nsc/util/DefaultJarFactory
instanceKlass scala/tools/nsc/util/JarFactory
instanceKlass sbt/librarymanagement/ArtifactFormats$$anon$1
instanceKlass scala/tools/nsc/settings/ScalaSettings$CachePolicy$$$Lambda$270
instanceKlass sbt/librarymanagement/ArtifactExtra
instanceKlass scala/tools/nsc/settings/ScalaSettings$CachePolicy$$$Lambda$269
instanceKlass sbt/Package$Configuration
instanceKlass scala/tools/nsc/settings/ScalaSettings$CachePolicy
instanceKlass sjsonnew/PrimitiveFormats$LongJsonFormat$
instanceKlass scala/tools/nsc/settings/ScalaSettings$CachePolicy$
instanceKlass sbt/PackageOption
instanceKlass xsbti/FileConverter
instanceKlass scala/tools/nsc/settings/ScalaSettings$$Lambda$268
instanceKlass xsbti/compile/AuxiliaryClassFiles
instanceKlass xsbti/compile/ExternalHooks
instanceKlass scala/tools/nsc/settings/ScalaSettings$MacroExpand$
instanceKlass sbt/internal/VirtualFileValueCache
instanceKlass scala/tools/nsc/settings/ScalaSettings$$Lambda$267
instanceKlass xsbti/compile/DefinesClass
instanceKlass xsbti/compile/GlobalsCache
instanceKlass scala/tools/nsc/settings/ScalaSettings$$Lambda$266
instanceKlass xsbti/compile/Setup
instanceKlass xsbti/compile/Compilers
instanceKlass sbt/PromiseWrap
instanceKlass scala/tools/nsc/settings/ScalaSettings$$Lambda$265
instanceKlass xsbti/compile/PreviousResult
instanceKlass xsbti/compile/CompileResult
instanceKlass xsbti/compile/AnalysisContents
instanceKlass scala/tools/nsc/settings/ScalaSettings$$Lambda$264
instanceKlass sbt/Scoped$$$Lambda$263
instanceKlass sbt/librarymanagement/ModuleIDFormats$$anon$1
instanceKlass sbt/librarymanagement/ModuleIDExtra
instanceKlass scala/reflect/io/Directory$
instanceKlass scala/tools/nsc/settings/ScalaSettings$$Lambda$262
instanceKlass scala/tools/nsc/settings/ScalaSettings$$Lambda$261
instanceKlass sbt/internal/PluginDiscovery$DiscoveredNames
instanceKlass scala/tools/nsc/settings/ScalaSettings$$Lambda$260
instanceKlass xsbti/compile/ClasspathOptions
instanceKlass sbt/librarymanagement/CrossVersionFormats$$anon$9
instanceKlass scala/tools/nsc/settings/ScalaSettings$$Lambda$259
instanceKlass sjsonnew/FlatUnionFormats$$anon$8
instanceKlass scala/tools/nsc/settings/MutableSettings$EnableSettings$$Lambda$258
instanceKlass scala/tools/nsc/settings/ScalaSettings$$Lambda$257
instanceKlass sbt/librarymanagement/For2_13Use3Formats$$anon$8
instanceKlass scala/tools/nsc/settings/MutableSettings$EnableSettings
instanceKlass sbt/librarymanagement/For3Use2_13Formats$$anon$7
instanceKlass scala/tools/nsc/settings/ScalaSettings$$Lambda$256
instanceKlass sbt/librarymanagement/FullFormats$$anon$6
instanceKlass sbt/librarymanagement/PatchFormats$$anon$5
instanceKlass scala/tools/nsc/settings/ScalaSettings$$Lambda$255
instanceKlass sbt/librarymanagement/ConstantFormats$$anon$4
instanceKlass sbt/librarymanagement/BinaryFormats$$anon$3
instanceKlass scala/reflect/ManifestFactory$SingletonTypeManifest
instanceKlass scala/io/Codec$$Lambda$254
instanceKlass sbt/librarymanagement/DisabledFormats$$anon$2
instanceKlass sbt/librarymanagement/DisabledFormats$$anon$1
instanceKlass scala/io/Codec
instanceKlass sbt/internal/inc/ScalaInstance
instanceKlass scala/io/Codec$
instanceKlass scala/io/LowPriorityCodecImplicits
instanceKlass sjsonnew/StandardFormats$OptionFormat
instanceKlass xsbti/compile/Inputs
instanceKlass xsbti/compile/CompileOptions
instanceKlass xsbti/compile/IncOptions
instanceKlass scala/reflect/io/Path$
instanceKlass scala/util/hashing/MurmurHash3$ArrayHashing
instanceKlass scala/util/hashing/Hashing
instanceKlass scala/reflect/io/Streamable$Chars
instanceKlass scala/reflect/io/Streamable$Bytes
instanceKlass scala/util/hashing/MurmurHash3
instanceKlass scala/reflect/io/Path
instanceKlass sbt/librarymanagement/Configuration$$Lambda$253
instanceKlass sbt/librarymanagement/Configuration$$Lambda$252
instanceKlass scala/reflect/io/AbstractFile$
instanceKlass sbt/librarymanagement/Configuration$$Lambda$251
instanceKlass sbt/librarymanagement/Configuration$$Lambda$250
instanceKlass sbt/librarymanagement/Configuration$$Lambda$249
instanceKlass scala/tools/nsc/settings/MutableSettings$OutputDirs
instanceKlass sbt/librarymanagement/Configuration$
instanceKlass scala/tools/nsc/settings/ScalaSettings$$Lambda$248
instanceKlass sbt/librarymanagement/Configurations$
instanceKlass xsbti/VirtualFile
instanceKlass sjsonnew/CollectionFormats$$anon$2
instanceKlass scala/tools/nsc/settings/Warnings$$Lambda$247
instanceKlass scala/tools/nsc/settings/Warnings$$Lambda$246
instanceKlass scala/collection/SetLike$$Lambda$245
instanceKlass sjsonnew/CollectionFormats$$Lambda$244
instanceKlass scala/tools/nsc/settings/Warnings$$Lambda$243
instanceKlass sjsonnew/IsoFormats$$anon$2
instanceKlass sbt/internal/io/WatchState
instanceKlass sbt/internal/io/Source
instanceKlass scala/tools/nsc/settings/Warnings$$Lambda$242
instanceKlass sbt/io/WatchService
instanceKlass scala/Tuple3
instanceKlass scala/Product3
instanceKlass sjsonnew/PrimitiveFormats$StringJsonFormat$
instanceKlass sjsonnew/PrimitiveFormats$UnitJsonFormat$
instanceKlass scala/tools/nsc/settings/MutableSettings$MultiChoiceSetting$ChoiceOrVal$
instanceKlass sbt/Command
instanceKlass scala/tools/nsc/settings/MutableSettings$MultiChoiceSetting$$Lambda$241
instanceKlass sbt/librarymanagement/ConfigurationFormats$$anon$1
instanceKlass sbt/librarymanagement/ConfigurationExtra
instanceKlass scala/Enumeration$ValueSet$$Lambda$240
instanceKlass scala/collection/mutable/HashMap$$anon$2$$Lambda$239
instanceKlass sbt/ProjectRef
instanceKlass sbt/ResolvedProject
instanceKlass sbt/ProjectDefinition
instanceKlass sbt/internal/BuildDependencies
instanceKlass sbt/internal/LoadedBuild
instanceKlass scala/collection/mutable/SortedSet
instanceKlass sbt/internal/BuildStructure
instanceKlass sbt/internal/SessionSettings
instanceKlass sbt/Terminal
instanceKlass sbt/Task
instanceKlass sbt/TaskKey$
instanceKlass sbt/util/LoggerContext
instanceKlass sbt/internal/LogManager
instanceKlass sbt/KeyRanks$
instanceKlass sbt/internal/AppenderSupplier
instanceKlass org/apache/logging/log4j/core/Appender
instanceKlass org/apache/logging/log4j/core/LifeCycle
instanceKlass scala/reflect/ManifestFactory$WildcardManifest
instanceKlass sbt/internal/util/Init$ScopedKey
instanceKlass java/text/Format
instanceKlass sjsonnew/PrimitiveFormats$BooleanJsonFormat$
instanceKlass sbt/util/SomeJsonWriter
instanceKlass sjsonnew/PrimitiveFormats$IntJsonFormat$
instanceKlass sjsonnew/ThrowableFormats$StackTraceElementFormat
instanceKlass sjsonnew/ThrowableFormats$ThrowableFormat
instanceKlass sjsonnew/CalendarFormats$$Lambda$238
instanceKlass sjsonnew/CalendarFormats$$Lambda$237
instanceKlass sjsonnew/CalendarFormats$$Lambda$236
instanceKlass sjsonnew/CalendarFormats$$Lambda$235
instanceKlass java/time/LocalDate
instanceKlass java/time/chrono/ChronoLocalDate
instanceKlass sjsonnew/CalendarFormats$$Lambda$234
instanceKlass sjsonnew/CalendarFormats$$Lambda$233
instanceKlass scala/Enumeration$ValueSet$$anon$1
instanceKlass java/time/ZonedDateTime
instanceKlass java/time/chrono/ChronoZonedDateTime
instanceKlass scala/collection/generic/BitSetFactory$$anon$1
instanceKlass sjsonnew/CalendarFormats$$Lambda$232
instanceKlass sjsonnew/CalendarFormats$$Lambda$231
instanceKlass java/util/Calendar
instanceKlass sjsonnew/CalendarFormats$$Lambda$230
instanceKlass sjsonnew/CalendarFormats$$Lambda$229
instanceKlass java/time/Instant
instanceKlass sjsonnew/CalendarFormats$$Lambda$228
instanceKlass sjsonnew/CalendarFormats$$Lambda$227
instanceKlass java/time/OffsetDateTime
instanceKlass java/time/LocalDateTime
instanceKlass java/time/chrono/ChronoLocalDateTime
instanceKlass java/time/temporal/Temporal
instanceKlass java/time/zone/ZoneOffsetTransitionRule
instanceKlass java/time/zone/ZoneRules
instanceKlass java/time/temporal/TemporalAdjuster
instanceKlass java/time/temporal/TemporalAccessor
instanceKlass java/time/ZoneId
instanceKlass sjsonnew/JavaExtraFormats$$Lambda$226
instanceKlass sjsonnew/JavaExtraFormats$$Lambda$225
instanceKlass scala/collection/BitSet
instanceKlass sjsonnew/JavaExtraFormats$$Lambda$224
instanceKlass sjsonnew/JavaExtraFormats$$Lambda$223
instanceKlass sjsonnew/JavaExtraFormats$$Lambda$222
instanceKlass sjsonnew/JavaExtraFormats$$Lambda$221
instanceKlass sjsonnew/IsoString$$anon$1
instanceKlass sjsonnew/JavaExtraFormats$$Lambda$220
instanceKlass sjsonnew/JavaExtraFormats$$Lambda$219
instanceKlass java/util/UUID
instanceKlass sjsonnew/IsoString
instanceKlass sjsonnew/IsoString$
instanceKlass sjsonnew/PrimitiveFormats$BigDecimalJsonFormat$
instanceKlass sjsonnew/JavaExtraFormats$$Lambda$218
instanceKlass sjsonnew/JavaExtraFormats$$Lambda$217
instanceKlass sjsonnew/AdditionalFormats$$anon$8
instanceKlass sjsonnew/PrimitiveFormats$BigIntJsonFormat$
instanceKlass scala/collection/BitSetLike
instanceKlass sjsonnew/JavaExtraFormats$$Lambda$216
instanceKlass sjsonnew/JavaExtraFormats$$Lambda$215
instanceKlass sjsonnew/JavaPrimitiveFormats$$Lambda$214
instanceKlass scala/collection/immutable/BitSet$
instanceKlass sjsonnew/JavaPrimitiveFormats$$Lambda$213
instanceKlass scala/collection/generic/BitSetFactory
instanceKlass sjsonnew/JavaPrimitiveFormats$$Lambda$212
instanceKlass sjsonnew/JavaPrimitiveFormats$$Lambda$211
instanceKlass sjsonnew/JavaPrimitiveFormats$$Lambda$210
instanceKlass sjsonnew/JavaPrimitiveFormats$$Lambda$209
instanceKlass sjsonnew/JavaPrimitiveFormats$$Lambda$208
instanceKlass scala/collection/immutable/SortedSet
instanceKlass sjsonnew/JavaPrimitiveFormats$$Lambda$207
instanceKlass sjsonnew/JavaPrimitiveFormats$$Lambda$206
instanceKlass sjsonnew/JavaPrimitiveFormats$$Lambda$205
instanceKlass sjsonnew/JavaPrimitiveFormats$$Lambda$204
instanceKlass sjsonnew/JavaPrimitiveFormats$$Lambda$203
instanceKlass sjsonnew/JavaPrimitiveFormats$$Lambda$202
instanceKlass sjsonnew/JavaPrimitiveFormats$$Lambda$201
instanceKlass sjsonnew/JavaPrimitiveFormats$$Lambda$200
instanceKlass sjsonnew/JavaPrimitiveFormats$$Lambda$199
instanceKlass sjsonnew/PrimitiveFormats$$Lambda$198
instanceKlass sjsonnew/PrimitiveFormats$$Lambda$197
instanceKlass sjsonnew/PrimitiveFormats$$Lambda$196
instanceKlass sjsonnew/PrimitiveFormats$$Lambda$195
instanceKlass sjsonnew/PrimitiveFormats$$Lambda$194
instanceKlass sjsonnew/PrimitiveFormats$$Lambda$193
instanceKlass sjsonnew/PrimitiveFormats$$Lambda$192
instanceKlass sjsonnew/PrimitiveFormats$$Lambda$191
instanceKlass sjsonnew/PrimitiveFormats$$Lambda$190
instanceKlass sjsonnew/PrimitiveFormats$$Lambda$189
instanceKlass scala/collection/SortedSet
instanceKlass sjsonnew/PrimitiveFormats$$Lambda$188
instanceKlass sjsonnew/PrimitiveFormats$$Lambda$187
instanceKlass sjsonnew/PrimitiveFormats$$Lambda$186
instanceKlass sjsonnew/PrimitiveFormats$$Lambda$185
instanceKlass sjsonnew/PrimitiveFormats$$Lambda$184
instanceKlass sjsonnew/PrimitiveFormats$$Lambda$183
instanceKlass sjsonnew/PrimitiveFormats$$Lambda$182
instanceKlass sjsonnew/PrimitiveFormats$$Lambda$181
instanceKlass sjsonnew/PrimitiveFormats$$Lambda$180
instanceKlass sjsonnew/PrimitiveFormats$$Lambda$179
instanceKlass scala/collection/SortedSetLike
instanceKlass sjsonnew/PrimitiveFormats$$Lambda$178
instanceKlass sjsonnew/PrimitiveFormats$$Lambda$177
instanceKlass sjsonnew/PrimitiveFormats$$Lambda$176
instanceKlass sjsonnew/PrimitiveFormats$$Lambda$175
instanceKlass scala/collection/generic/Sorted
instanceKlass scala/Symbol
instanceKlass sjsonnew/JsonKeyFormat$$anon$1
instanceKlass sjsonnew/PrimitiveFormats$$Lambda$174
instanceKlass sjsonnew/PrimitiveFormats$$Lambda$173
instanceKlass scala/Enumeration$ValueSet$
instanceKlass sjsonnew/JsonKeyFormat$
instanceKlass scala/runtime/AbstractFunction3
instanceKlass scala/Function3
instanceKlass scala/tools/nsc/settings/Warnings$$Lambda$172
instanceKlass java/util/TimSort
instanceKlass java/util/Arrays$LegacyMergeSort
instanceKlass scala/collection/SeqLike$$Lambda$171
instanceKlass scala/runtime/IntRef
instanceKlass scala/xml/NamespaceBinding
instanceKlass scala/math/Ordering$$anon$1
instanceKlass scala/xml/Equality
instanceKlass scala/math/Ordering$String$
instanceKlass scala/math/Ordering$StringOrdering
instanceKlass scala/tools/nsc/settings/Warnings$$Lambda$170
instanceKlass sjsonnew/HashWriter
instanceKlass sjsonnew/RootJsonFormat
instanceKlass sjsonnew/RootJsonWriter
instanceKlass sjsonnew/RootJsonReader
instanceKlass sbt/librarymanagement/LibraryManagementCodec$
instanceKlass sbt/librarymanagement/LibraryManagementCodec
instanceKlass scala/collection/mutable/SetBuilder
instanceKlass scala/collection/mutable/HashMap$$anon$1$$Lambda$169
instanceKlass sbt/librarymanagement/UpdateReportLiteFormats
instanceKlass sbt/librarymanagement/ConfigurationReportLiteFormats
instanceKlass sbt/librarymanagement/UpdateReportFormats
instanceKlass sbt/librarymanagement/UpdateStatsFormats
instanceKlass sbt/librarymanagement/SshBasedRepositoryFormats
instanceKlass sbt/librarymanagement/PatternsBasedRepositoryFormats
instanceKlass sbt/librarymanagement/MavenRepositoryFormats
instanceKlass scala/runtime/AbstractFunction0
instanceKlass sbt/librarymanagement/ModuleSettingsFormats
instanceKlass sbt/librarymanagement/ModuleDescriptorConfigurationFormats
instanceKlass sbt/internal/librarymanagement/formats/NodeSeqFormat
instanceKlass scala/tools/nsc/settings/Warnings$$Lambda$168
instanceKlass sbt/librarymanagement/PomConfigurationFormats
instanceKlass sbt/librarymanagement/IvyFileConfigurationFormats
instanceKlass sbt/librarymanagement/ModuleInfoFormats
instanceKlass sbt/librarymanagement/ScmInfoFormats
instanceKlass sbt/librarymanagement/ModuleConfigurationFormats
instanceKlass sbt/librarymanagement/ResolverFormats
instanceKlass sbt/librarymanagement/SftpRepositoryFormats
instanceKlass sbt/librarymanagement/SshRepositoryFormats
instanceKlass scala/tools/nsc/Reporting$WarningCategory$FeatureMacros$
instanceKlass scala/tools/nsc/Reporting$WarningCategory$FeatureReflectiveCalls$
instanceKlass sbt/librarymanagement/SshConnectionFormats
instanceKlass scala/tools/nsc/Reporting$WarningCategory$FeaturePostfixOps$
instanceKlass sbt/librarymanagement/SshAuthenticationFormats
instanceKlass scala/tools/nsc/Reporting$WarningCategory$FeatureImplicitConversions$
instanceKlass sbt/librarymanagement/KeyFileAuthenticationFormats
instanceKlass scala/tools/nsc/Reporting$WarningCategory$FeatureHigherKinds$
instanceKlass sbt/librarymanagement/PasswordAuthenticationFormats
instanceKlass sbt/librarymanagement/URLRepositoryFormats
instanceKlass scala/tools/nsc/Reporting$WarningCategory$FeatureExistentials$
instanceKlass scala/tools/nsc/Reporting$WarningCategory$FeatureDynamics$
instanceKlass sbt/librarymanagement/FileRepositoryFormats
instanceKlass scala/tools/nsc/Reporting$WarningCategory$Feature$
instanceKlass scala/tools/nsc/Reporting$WarningCategory$Feature
instanceKlass sbt/librarymanagement/PatternsFormats
instanceKlass sbt/librarymanagement/MavenCacheFormats
instanceKlass scala/tools/nsc/Reporting$WarningCategory$LintUnitSpecialization$
instanceKlass sbt/librarymanagement/MavenRepoFormats
instanceKlass sbt/librarymanagement/ChainedResolverFormats
instanceKlass sbt/librarymanagement/FileConfigurationFormats
instanceKlass scala/tools/nsc/Reporting$WarningCategory$LintRecurseWithDefault$
instanceKlass sbt/librarymanagement/DeveloperFormats
instanceKlass scala/tools/nsc/Reporting$WarningCategory$LintBynameImplicit$
instanceKlass sbt/librarymanagement/ConflictManagerFormats
instanceKlass scala/tools/nsc/Reporting$WarningCategory$LintIntDivToFloat$
instanceKlass sbt/librarymanagement/ConfigurationReportFormats
instanceKlass scala/tools/nsc/Reporting$WarningCategory$LintDeprecation$
instanceKlass sbt/librarymanagement/OrganizationArtifactReportFormats
instanceKlass scala/tools/nsc/Reporting$WarningCategory$LintEtaSam$
instanceKlass sbt/librarymanagement/ModuleReportFormats
instanceKlass sbt/librarymanagement/CallerFormats
instanceKlass scala/tools/nsc/Reporting$WarningCategory$LintEtaZero$
instanceKlass sbt/librarymanagement/PublishConfigurationFormats
instanceKlass scala/tools/nsc/Reporting$WarningCategory$LintSerial$
instanceKlass sbt/librarymanagement/GetClassifiersConfigurationFormats
instanceKlass scala/tools/nsc/Reporting$WarningCategory$LintImplicitNotFound$
instanceKlass sbt/librarymanagement/GetClassifiersModuleFormats
instanceKlass scala/tools/nsc/Reporting$WarningCategory$LintNonlocalReturn$
instanceKlass sbt/librarymanagement/ScalaModuleInfoFormats
instanceKlass scala/tools/nsc/Reporting$WarningCategory$LintConstant$
instanceKlass sbt/librarymanagement/ConfigurationFormats
instanceKlass scala/tools/nsc/Reporting$WarningCategory$LintStarsAlign$
instanceKlass scala/tools/nsc/Reporting$WarningCategory$LintPackageObjectClasses$
instanceKlass sbt/librarymanagement/ModuleIDFormats
instanceKlass sbt/librarymanagement/InclExclRuleFormats
instanceKlass scala/tools/nsc/Reporting$WarningCategory$LintDelayedinitSelect$
instanceKlass sbt/librarymanagement/For2_13Use3Formats
instanceKlass scala/tools/nsc/Reporting$WarningCategory$LintOptionImplicit$
instanceKlass sbt/librarymanagement/For3Use2_13Formats
instanceKlass scala/tools/nsc/Reporting$WarningCategory$LintPolyImplicitOverload$
instanceKlass sbt/librarymanagement/FullFormats
instanceKlass scala/tools/nsc/Reporting$WarningCategory$LintTypeParameterShadow$
instanceKlass sbt/librarymanagement/PatchFormats
instanceKlass scala/tools/nsc/Reporting$WarningCategory$LintPrivateShadow$
instanceKlass sbt/librarymanagement/ConstantFormats
instanceKlass scala/tools/nsc/Reporting$WarningCategory$LintDocDetached$
instanceKlass sbt/librarymanagement/BinaryFormats
instanceKlass sbt/librarymanagement/DisabledFormats
instanceKlass scala/tools/nsc/Reporting$WarningCategory$LintMissingInterpolator$
instanceKlass sbt/librarymanagement/CrossVersionFormats
instanceKlass scala/tools/nsc/Reporting$WarningCategory$LintInferAny$
instanceKlass sbt/librarymanagement/ArtifactFormats
instanceKlass scala/tools/nsc/Reporting$WarningCategory$LintNullaryOverride$
instanceKlass sbt/librarymanagement/ChecksumFormats
instanceKlass scala/tools/nsc/Reporting$WarningCategory$LintInaccessible$
instanceKlass sbt/librarymanagement/UpdateConfigurationFormats
instanceKlass sbt/librarymanagement/ArtifactTypeFilterFormats
instanceKlass scala/tools/nsc/Reporting$WarningCategory$LintNullaryUnit$
instanceKlass sbt/internal/librarymanagement/formats/LogicalClockFormats
instanceKlass sbt/librarymanagement/UpdateLoggingFormats
instanceKlass scala/tools/nsc/Reporting$WarningCategory$LintAdaptedArgs$
instanceKlass sbt/librarymanagement/RetrieveConfigurationFormats
instanceKlass scala/tools/nsc/Reporting$WarningCategory$Lint$
instanceKlass scala/tools/nsc/Reporting$WarningCategory$Lint
instanceKlass sjsonnew/BasicJsonProtocol
instanceKlass scala/tools/nsc/Reporting$WarningCategory$UnusedNowarn$
instanceKlass scala/tools/nsc/Reporting$WarningCategory$UnusedParams$
instanceKlass scala/tools/nsc/Reporting$WarningCategory$UnusedLocals$
instanceKlass sjsonnew/ThrowableFormats
instanceKlass scala/tools/nsc/Reporting$WarningCategory$UnusedPrivates$
instanceKlass sjsonnew/CaseClassFormats
instanceKlass scala/tools/nsc/Reporting$WarningCategory$UnusedPatVars$
instanceKlass scala/tools/nsc/Reporting$WarningCategory$UnusedImports$
instanceKlass scala/tools/nsc/Reporting$WarningCategory$Unused$
instanceKlass scala/tools/nsc/Reporting$WarningCategory$Unused
instanceKlass scala/tools/nsc/Reporting$WarningCategory$WFlagValueDiscard$
instanceKlass scala/tools/nsc/Reporting$WarningCategory$WFlagSelfImplicit$
instanceKlass scala/tools/nsc/Reporting$WarningCategory$WFlagNumericWiden$
instanceKlass scala/tools/nsc/Reporting$WarningCategory$WFlagExtraImplicit$
instanceKlass scala/tools/nsc/Reporting$WarningCategory$WFlagDeadCode$
instanceKlass scala/tools/nsc/Reporting$WarningCategory$WFlag$
instanceKlass scala/tools/nsc/Reporting$WarningCategory$WFlag
instanceKlass scala/tools/nsc/Reporting$WarningCategory$OtherDebug$
instanceKlass scala/tools/nsc/Reporting$WarningCategory$OtherMatchAnalysis$
instanceKlass sjsonnew/ImplicitHashWriters
instanceKlass scala/tools/nsc/Reporting$WarningCategory$OtherMigration$
instanceKlass sjsonnew/CalendarFormats
instanceKlass scala/tools/nsc/Reporting$WarningCategory$OtherPureStatement$
instanceKlass sjsonnew/JavaExtraFormats
instanceKlass scala/tools/nsc/Reporting$WarningCategory$OtherShadowing$
instanceKlass scala/tools/nsc/Reporting$WarningCategory$Other$
instanceKlass scala/tools/nsc/Reporting$WarningCategory$Other
instanceKlass sjsonnew/JavaPrimitiveFormats
instanceKlass scala/tools/nsc/Reporting$WarningCategory$JavaSource$
instanceKlass sjsonnew/IsoFormats
instanceKlass scala/tools/nsc/Reporting$WarningCategory$Scaladoc$
instanceKlass sjsonnew/FlatUnionFormats
instanceKlass scala/tools/nsc/Reporting$WarningCategory$Optimizer$
instanceKlass scala/tools/nsc/Reporting$WarningCategory$Unchecked$
instanceKlass scala/collection/mutable/DefaultEntry
instanceKlass scala/tools/nsc/Reporting$WarningCategory$Deprecation$
instanceKlass sjsonnew/UnionFormats
instanceKlass scala/tools/nsc/Reporting$WarningCategory
instanceKlass scala/tools/nsc/Reporting$WarningCategory$
instanceKlass sjsonnew/AdditionalFormats
instanceKlass sjsonnew/CollectionFormats
instanceKlass scala/tools/nsc/settings/StandardScalaSettings$$Lambda$167
instanceKlass scala/tools/nsc/settings/StandardScalaSettings$$Lambda$166
instanceKlass sjsonnew/TupleFormats
instanceKlass scala/tools/nsc/settings/StandardScalaSettings$$Lambda$165
instanceKlass scala/tools/nsc/settings/StandardScalaSettings$$Lambda$164
instanceKlass sjsonnew/StandardFormats
instanceKlass sjsonnew/PrimitiveFormats
instanceKlass scala/tools/nsc/settings/StandardScalaSettings$$$Lambda$163
instanceKlass sbt/librarymanagement/ConfigRefFormats
instanceKlass scala/collection/generic/SeqForwarder
instanceKlass sbt/internal/util/TypeFunctions$FunctionOps$$anon$6
instanceKlass sbt/internal/util/TypeFunctions$$Lambda$162
instanceKlass sbt/internal/util/TypeFunctions$FunctionOps$
instanceKlass sbt/internal/util/HCons$
instanceKlass sbt/internal/util/KCons$
instanceKlass sbt/internal/util/TypeFunctions$$anon$3
instanceKlass sbt/internal/util/TypeFunctions$$anon$2
instanceKlass scala/collection/generic/IterableForwarder
instanceKlass sbt/internal/util/TypeFunctions$Ops$$anon$5
instanceKlass sbt/internal/util/TypeFunctions$$anon$1
instanceKlass sbt/internal/util/TypeFunctions$
instanceKlass scala/collection/generic/TraversableForwarder
instanceKlass sbt/internal/util/TypeFunctions$Ops$
instanceKlass sbt/internal/util/$tilde$greater
instanceKlass sbt/internal/util/Types$
instanceKlass sbt/internal/util/Types
instanceKlass sbt/internal/util/TypeFunctions
instanceKlass scala/tools/nsc/settings/StandardScalaSettings$$$Lambda$161
instanceKlass sbt/internal/util/Init$ValidateKeyRef
instanceKlass scala/util/matching/Regex$
instanceKlass scala/util/Properties$
instanceKlass sbt/Scope$$$Lambda$160
instanceKlass sbt/Zero$
instanceKlass java/net/DefaultInterface
instanceKlass java/net/InterfaceAddress
instanceKlass java/net/NetworkInterface$1
instanceKlass sbt/This$
instanceKlass java/net/NetworkInterface
instanceKlass sbt/Scope
instanceKlass sun/security/provider/ByteArrayAccess
instanceKlass sun/security/provider/SeedGenerator$1
instanceKlass sbt/DelegateIndex
instanceKlass scala/tools/nsc/settings/ScalaBuild
instanceKlass sbt/BuildReference
instanceKlass scala/tools/nsc/settings/ScalaVersion$
instanceKlass scala/tools/nsc/settings/StandardScalaSettings$
instanceKlass sbt/ResolvedReference
instanceKlass scala/tools/nsc/settings/StandardScalaSettings$$Lambda$159
instanceKlass sbt/Scope$
instanceKlass scala/tools/nsc/settings/MutableSettings$ChoiceSetting$$Lambda$158
instanceKlass sbt/InputKey
instanceKlass scala/tools/nsc/settings/StandardScalaSettings$$Lambda$157
instanceKlass sun/security/provider/SeedGenerator
instanceKlass sun/security/provider/SecureRandom$SeederHolder
instanceKlass sun/security/jca/GetInstance$Instance
instanceKlass sbt/SettingKey
instanceKlass scala/tools/nsc/Properties$
instanceKlass sbt/Scoped$DefinableSetting
instanceKlass java/security/MessageDigestSpi
instanceKlass sun/security/jca/GetInstance
instanceKlass java/security/SecureRandomSpi
instanceKlass scala/tools/nsc/settings/StandardScalaSettings$$Lambda$156
instanceKlass sbt/TaskKey
instanceKlass sbt/Scoped$DefinableTask
instanceKlass java/security/Provider$UString
instanceKlass java/security/Provider$Service
instanceKlass sbt/internal/util/Init$KeyedInitialize
instanceKlass sbt/internal/util/Init$Keyed
instanceKlass sun/security/provider/NativePRNG$NonBlocking
instanceKlass scala/collection/convert/Wrappers$IteratorWrapper
instanceKlass sun/security/provider/NativePRNG$Blocking
instanceKlass sun/security/provider/NativePRNG
instanceKlass sun/security/provider/SunEntries$1
instanceKlass sun/security/provider/SunEntries
instanceKlass scala/collection/convert/WrapAsScala$
instanceKlass scala/collection/convert/WrapAsScala
instanceKlass sbt/Scoped$
instanceKlass scala/collection/convert/LowPriorityWrapAsScala
instanceKlass sun/security/jca/ProviderConfig$2
instanceKlass sun/security/jca/ProviderList$2
instanceKlass sbt/TemplateResolverInfo
instanceKlass scala/runtime/AbstractPartialFunction
instanceKlass sun/misc/FDBigInteger
instanceKlass java/security/Provider$EngineDescription
instanceKlass java/security/Provider$ServiceKey
instanceKlass sbt/Exec
instanceKlass sun/security/jca/ProviderConfig
instanceKlass sun/security/jca/ProviderList
instanceKlass sun/security/jca/Providers
instanceKlass java/io/File$TempDirectory
instanceKlass sbt/internal/classpath/ClassLoaderCache
instanceKlass sbt/internal/inc/classpath/AbstractClassLoaderCache
instanceKlass com/sun/jna/Native$5
instanceKlass com/sun/jna/Platform
instanceKlass sbt/internal/inc/classpath/ClassLoaderCache
instanceKlass com/sun/jna/Native$1
instanceKlass java/util/Collections$SynchronizedMap
instanceKlass java/util/logging/LogManager$5
instanceKlass scala/concurrent/duration/Duration
instanceKlass java/util/logging/LoggingProxyImpl
instanceKlass sun/util/logging/LoggingProxy
instanceKlass sun/util/logging/LoggingSupport$1
instanceKlass sun/util/logging/LoggingSupport
instanceKlass sun/util/logging/PlatformLogger$LoggerProxy
instanceKlass sun/util/logging/PlatformLogger$1
instanceKlass sun/util/logging/PlatformLogger
instanceKlass java/util/logging/LogManager$LoggerContext$1
instanceKlass sbt/internal/server/ServerHandler
instanceKlass java/util/logging/LogManager$3
instanceKlass sbt/ConnectionType
instanceKlass scala/collection/convert/DecorateAsScala$$Lambda$155
instanceKlass java/util/logging/LogManager$2
instanceKlass java/lang/Shutdown$Lock
instanceKlass java/lang/Shutdown
instanceKlass sbt/ServerAuthentication
instanceKlass java/lang/ApplicationShutdownHooks$1
instanceKlass java/lang/ApplicationShutdownHooks
instanceKlass java/util/logging/LogManager$LogNode
instanceKlass scala/util/PropertiesTrait$$Lambda$154
instanceKlass java/util/logging/LogManager$LoggerContext
instanceKlass java/util/logging/LogManager$1
instanceKlass java/util/logging/LogManager
instanceKlass scala/util/PropertiesTrait$$Lambda$153
instanceKlass java/util/concurrent/CopyOnWriteArrayList
instanceKlass scala/util/matching/Regex$Match$$Lambda$152
instanceKlass scala/util/PropertiesTrait$$Lambda$151
instanceKlass java/util/logging/Logger$LoggerBundle
instanceKlass java/util/logging/Level$KnownLevel
instanceKlass java/util/logging/Level
instanceKlass scala/Option$WithFilter
instanceKlass java/util/logging/Handler
instanceKlass java/util/logging/Logger
instanceKlass scala/util/PropertiesTrait$$Lambda$150
instanceKlass scala/runtime/ScalaRunTime$
instanceKlass java/io/FilenameFilter
instanceKlass scala/tools/reflect/WrappedProperties$$Lambda$149
instanceKlass scala/collection/immutable/VectorBuilder
instanceKlass com/sun/jna/FromNativeContext
instanceKlass scala/util/matching/Regex$Match$$Lambda$148
instanceKlass java/lang/reflect/InvocationHandler
instanceKlass scala/runtime/java8/JFunction1$mcII$sp
instanceKlass scala/tools/reflect/WrappedProperties$AccessControl$
instanceKlass scala/tools/reflect/WrappedProperties
instanceKlass java/lang/invoke/LambdaForm$DMH
instanceKlass com/sun/jna/Callback$UncaughtExceptionHandler
instanceKlass scala/util/PropertiesTrait
instanceKlass com/sun/jna/Native
instanceKlass com/sun/jna/Version
instanceKlass scala/tools/util/PathResolver$Environment$
instanceKlass com/sun/jna/win32/W32APIFunctionMapper
instanceKlass com/sun/jna/win32/W32APITypeMapper$2
instanceKlass scala/collection/mutable/LinkedEntry
instanceKlass com/sun/jna/DefaultTypeMapper$Entry
instanceKlass com/sun/jna/win32/W32APITypeMapper$1
instanceKlass scala/util/hashing/package$
instanceKlass com/sun/jna/TypeConverter
instanceKlass com/sun/jna/ToNativeConverter
instanceKlass com/sun/jna/FromNativeConverter
instanceKlass com/sun/jna/DefaultTypeMapper
instanceKlass com/sun/jna/TypeMapper
instanceKlass scala/util/matching/Regex$$Lambda$147
instanceKlass scala/collection/mutable/HashTable$
instanceKlass scala/util/matching/Regex$Replacement
instanceKlass com/sun/jna/FunctionMapper
instanceKlass scala/collection/mutable/HashEntry
instanceKlass com/sun/jna/win32/W32APIOptions
instanceKlass com/sun/jna/win32/StdCallLibrary
instanceKlass com/sun/jna/win32/StdCall
instanceKlass com/sun/jna/AltCallingConvention
instanceKlass org/scalasbt/ipcsocket/Win32NamedPipeLibrary
instanceKlass com/sun/jna/platform/win32/WinNT
instanceKlass com/sun/jna/platform/win32/WinBase
instanceKlass com/sun/jna/platform/win32/BaseTSD
instanceKlass sbt/internal/util/Util$$$Lambda$146
instanceKlass scala/util/matching/Regex$Match
instanceKlass scala/util/matching/Regex$MatchData
instanceKlass com/sun/jna/platform/win32/WinDef
instanceKlass com/sun/jna/platform/win32/WinError
instanceKlass scala/tools/nsc/settings/MutableSettings$Setting$$Lambda$145
instanceKlass scala/tools/util/PathResolver$Defaults$
instanceKlass java/util/regex/Pattern$CharPropertyNames$CharPropertyFactory
instanceKlass java/util/regex/Pattern$CharPropertyNames
instanceKlass scala/util/matching/UnanchoredRegex
instanceKlass scala/tools/nsc/settings/DefaultPathFactory$
instanceKlass scala/util/matching/Regex
instanceKlass sbt/State
instanceKlass sbt/Identity
instanceKlass sbt/internal/util/Util$
instanceKlass sbt/internal/util/FeedbackProvidedException
instanceKlass sbt/internal/util/UnprintableException
instanceKlass sbt/internal/util/AttributeKey$$anon$1$$Lambda$144
instanceKlass scala/runtime/RichChar$
instanceKlass scala/reflect/internal/util/StringOps
instanceKlass com/sun/jna/Library
instanceKlass sbt/internal/util/AttributeKey$$anon$1$$Lambda$143
instanceKlass sbt/internal/util/SharedAttributeKey
instanceKlass org/scalasbt/ipcsocket/Overlapped
instanceKlass sbt/util/NoJsonWriter
instanceKlass sbt/internal/inc/Lookup
instanceKlass sbt/internal/inc/ExternalLookup
instanceKlass xsbti/compile/ExternalHooks$Lookup
instanceKlass org/scalasbt/ipcsocket/JNAWin32NamedPipeLibraryProvider
instanceKlass sbt/util/OptJsonWriter$
instanceKlass sbt/util/OptJsonWriter0
instanceKlass scala/collection/mutable/WrappedArray$$anon$10
instanceKlass java/net/InetSocketAddress$InetSocketAddressHolder
instanceKlass scala/collection/mutable/WrappedArray$$anon$9
instanceKlass java/net/SocketAddress
instanceKlass scala/collection/mutable/WrappedArray$$anon$8
instanceKlass scala/collection/mutable/WrappedArray$$anon$7
instanceKlass sun/misc/FloatingDecimal$ASCIIToBinaryBuffer
instanceKlass sun/misc/FloatingDecimal$PreparedASCIIToBinaryBuffer
instanceKlass sun/misc/FloatingDecimal$ASCIIToBinaryConverter
instanceKlass scala/tools/nsc/settings/MutableSettings$Setting
instanceKlass scala/collection/mutable/WrappedArray$$anon$6
instanceKlass scala/tools/nsc/settings/AbsSettings$AbsSetting
instanceKlass sun/misc/FloatingDecimal$BinaryToASCIIBuffer
instanceKlass sbt/internal/inc/IncrementalCompilerImpl
instanceKlass scala/collection/mutable/WrappedArray$$anon$5
instanceKlass sun/misc/FloatingDecimal$ExceptionalBinaryToASCIIBuffer
instanceKlass sun/misc/FloatingDecimal$BinaryToASCIIConverter
instanceKlass scala/collection/mutable/WrappedArray$$anon$4
instanceKlass sun/misc/FloatingDecimal
instanceKlass scala/collection/mutable/WrappedArray$$anon$3
instanceKlass java/net/PlainSocketImpl$1
instanceKlass java/net/AbstractPlainSocketImpl$1
instanceKlass scala/collection/mutable/WrappedArray$$anon$2
instanceKlass scala/tools/nsc/settings/PathFactory
instanceKlass scala/collection/mutable/WrappedArray$$anon$1
instanceKlass java/net/SocketImpl
instanceKlass java/net/SocketOptions
instanceKlass java/net/SocksConsts
instanceKlass org/scalasbt/ipcsocket/Win32SecurityLevel
instanceKlass java/net/Socket
instanceKlass scala/collection/mutable/WrappedArray$
instanceKlass org/scalasbt/ipcsocket/Win32NamedPipeLibraryProvider
instanceKlass sbt/internal/util/AttributeKey
instanceKlass sbt/internal/util/AttributeKey$
instanceKlass scala/tools/nsc/settings/ScalaVersion
instanceKlass xsbti/compile/IncrementalCompiler
instanceKlass sbt/BasicKeys$
instanceKlass sbt/internal/inc/ZincUtil$
instanceKlass sbt/SettingKey$
instanceKlass scala/Enumeration$Value
instanceKlass scala/Enumeration
instanceKlass scala/tools/nsc/settings/ScalaSettings
instanceKlass scala/tools/nsc/settings/Warnings
instanceKlass scala/tools/nsc/settings/StandardScalaSettings
instanceKlass net/openhft/hashing/CityAndFarmHash_1_1
instanceKlass sbt/nio/FileStamp
instanceKlass scala/tools/nsc/settings/AbsSettings
instanceKlass net/openhft/hashing/Access
instanceKlass sbt/TaskCancellationStrategy
instanceKlass sbt/internal/util/Appender
instanceKlass net/openhft/hashing/StringHash
instanceKlass net/openhft/hashing/LongHashFunction
instanceKlass scala/reflect/internal/settings/MutableSettings
instanceKlass scala/reflect/internal/settings/AbsSettings
instanceKlass scala/reflect/internal/settings/MutableSettings$SettingValue
instanceKlass scala/reflect/internal/settings/AbsSettings$AbsSettingValue
instanceKlass scala/tools/nsc/CompilerCommand
instanceKlass sbt/Keys$
instanceKlass xsbti/compile/PerClasspathEntryLookup
instanceKlass sbt/internal/parser/SbtParser$$$Lambda$142
instanceKlass xsbti/compile/CompileAnalysis
instanceKlass scala/runtime/AbstractFunction1
instanceKlass sun/nio/fs/WindowsPath$1
instanceKlass xsbti/Reporter
instanceKlass sun/nio/fs/WindowsFileAttributes
instanceKlass java/nio/file/attribute/DosFileAttributes
instanceKlass java/nio/file/attribute/BasicFileAttributes
instanceKlass sbt/ScalaRun
instanceKlass sun/nio/fs/NativeBuffer$Deallocator
instanceKlass sun/nio/fs/NativeBuffer
instanceKlass sbt/io/Path$$$Lambda$141
instanceKlass sun/nio/fs/NativeBuffers
instanceKlass sun/nio/fs/WindowsNativeDispatcher$BackupResult
instanceKlass sun/nio/fs/WindowsNativeDispatcher$CompletionStatus
instanceKlass sun/nio/fs/WindowsNativeDispatcher$AclInformation
instanceKlass sun/nio/fs/WindowsNativeDispatcher$Account
instanceKlass sun/nio/fs/WindowsNativeDispatcher$DiskFreeSpace
instanceKlass sun/nio/fs/WindowsNativeDispatcher$VolumeInformation
instanceKlass sun/nio/fs/WindowsNativeDispatcher$FirstStream
instanceKlass sbt/io/Path$$$Lambda$140
instanceKlass sun/nio/fs/WindowsNativeDispatcher$FirstFile
instanceKlass sun/nio/fs/WindowsNativeDispatcher$1
instanceKlass sbt/internal/util/Init
instanceKlass sbt/io/Path$$$Lambda$139
instanceKlass sun/nio/fs/WindowsNativeDispatcher
instanceKlass sbt/io/IO$$$Lambda$138
instanceKlass sun/nio/fs/WindowsLinkSupport
instanceKlass java/nio/file/CopyOption
instanceKlass java/nio/file/OpenOption
instanceKlass sun/nio/fs/AbstractPath
instanceKlass sun/nio/fs/Util
instanceKlass sbt/internal/BootServerSocket$$Lambda$137
instanceKlass sun/nio/fs/WindowsPathParser$Result
instanceKlass sun/nio/fs/WindowsPathParser
instanceKlass java/nio/file/FileSystem
instanceKlass java/util/concurrent/SynchronousQueue$TransferStack$SNode
instanceKlass java/util/concurrent/SynchronousQueue$Transferer
instanceKlass java/nio/file/spi/FileSystemProvider
instanceKlass sbt/internal/BootServerSocket$$Lambda$136
instanceKlass sbt/librarymanagement/DependencyFilter
instanceKlass sun/nio/fs/DefaultFileSystemProvider
instanceKlass java/nio/file/FileSystems$DefaultFileSystemHolder$1
instanceKlass sbt/ClassLoaderLayeringStrategy
instanceKlass java/lang/invoke/LambdaForm$BMH
instanceKlass java/nio/file/FileSystems$DefaultFileSystemHolder
instanceKlass java/nio/file/FileSystems
instanceKlass java/lang/invoke/LambdaForm$BMH
instanceKlass sbt/io/IO$$$Lambda$135
instanceKlass java/lang/invoke/LambdaForm$BMH
instanceKlass sbt/io/IO$$$Lambda$134
instanceKlass java/lang/invoke/LambdaForm$BMH
instanceKlass sbt/Watched
instanceKlass java/lang/invoke/LambdaForm$MH
instanceKlass sbt/io/IO$$$Lambda$133
instanceKlass sbt/io/IO$$$Lambda$132
instanceKlass sbt/io/IO$$$Lambda$131
instanceKlass xsbti/compile/ScalaCompiler
instanceKlass xsbti/compile/ScalaInstance
instanceKlass java/net/ServerSocket
instanceKlass xsbti/VirtualFileRef
instanceKlass xsbti/compile/CompileProgress
instanceKlass sbt/librarymanagement/UpdateLogging
instanceKlass scala/Predef$ArrowAssoc$
instanceKlass sbt/xMain$$$Lambda$130
instanceKlass java/io/ObjectStreamConstants
instanceKlass java/lang/invoke/LambdaForm$MH
instanceKlass java/io/ObjectInput
instanceKlass xsbti/compile/RunProfiler
instanceKlass sbt/xMain$$$Lambda$129
instanceKlass sbt/io/NameFilter
instanceKlass sbt/librarymanagement/CrossVersion
instanceKlass sbt/ScopeAxis
instanceKlass sbt/xMain$$$Lambda$128
instanceKlass sbt/xMain$$$Lambda$127
instanceKlass sbt/xMain$$$Lambda$126
instanceKlass sbt/librarymanagement/Resolver
instanceKlass sjsonnew/JsonFormat
instanceKlass sjsonnew/JsonWriter
instanceKlass sbt/BasicCommandStrings$
instanceKlass sbt/io/IO$
instanceKlass sjsonnew/JsonReader
instanceKlass sbt/util/OptJsonWriter
instanceKlass java/lang/invoke/LambdaForm$MH
instanceKlass java/lang/invoke/LambdaForm$DMH
instanceKlass sbt/librarymanagement/ModuleDescriptor
instanceKlass scala/collection/TraversableLike$$Lambda$125
instanceKlass sbt/ProjectReference
instanceKlass sbt/Reference
instanceKlass java/lang/invoke/LambdaForm$DMH
instanceKlass sbt/xMain$$$Lambda$124
instanceKlass sbt/util/Logger
instanceKlass scala/collection/TraversableLike$$Lambda$123
instanceKlass sbt/nio/file/PathFilter
instanceKlass scala/collection/mutable/ArrayOps$ofRef$
instanceKlass sbt/librarymanagement/TrackLevel
instanceKlass sbt/io/Path$$$Lambda$122
instanceKlass scala/Array$$anon$11
instanceKlass scala/Array$$anon$10
instanceKlass xsbti/Position
instanceKlass sbt/io/Path$$$Lambda$121
instanceKlass xsbti/compile/analysis/ReadStamps
instanceKlass scala/Array$$anon$9
instanceKlass sbt/ScopedTaskable
instanceKlass scala/Array$$anon$8
instanceKlass sbt/io/Path$$$Lambda$120
instanceKlass scala/Array$$anon$7
instanceKlass scala/Function4
instanceKlass scala/Array$$anon$6
instanceKlass sbt/internal/util/KList
instanceKlass scala/Array$$anon$5
instanceKlass java/lang/invoke/LambdaForm$DMH
instanceKlass sbt/Taskable
instanceKlass scala/Array$$anon$4
instanceKlass scala/Array$$anon$3
instanceKlass sjsonnew/JsonKeyFormat
instanceKlass sjsonnew/JsonKeyReader
instanceKlass sbt/Tests$TestRunPolicy
instanceKlass scala/Array$$anon$2
instanceKlass sbt/io/Path$$$Lambda$119
instanceKlass sjsonnew/JsonKeyWriter
instanceKlass scala/reflect/ClassTag$GenericClassTag
instanceKlass xsbti/Logger
instanceKlass sbt/io/Mapper$$Lambda$118
instanceKlass sbt/io/Mapper$$Lambda$117
instanceKlass scala/runtime/BoxedUnit
instanceKlass sbt/internal/util/Init$SettingsDefinition
instanceKlass sbt/Append$Value
instanceKlass sbt/Append$Values
instanceKlass scala/reflect/ClassTag$
instanceKlass sbt/nio/file/RelativeGlob
instanceKlass sbt/nio/file/Glob
instanceKlass sbt/internal/util/Init$Initialize
instanceKlass sbt/Defaults$
instanceKlass sbt/Scoped$ScopingSetting
instanceKlass scala/FallbackArrayBuilding
instanceKlass sbt/Scoped
instanceKlass sbt/io/FileFilter
instanceKlass sbt/xMain$$$Lambda$116
instanceKlass sbt/io/Mapper
instanceKlass sbt/BuildCommon
instanceKlass sbt/internal/util/SourcePosition
instanceKlass scala/collection/mutable/ArrayOps$ofRef
instanceKlass scala/collection/mutable/ArrayOps
instanceKlass sbt/internal/SysProp$$$Lambda$115
instanceKlass scala/collection/immutable/VM
instanceKlass scala/runtime/Statics
instanceKlass scala/Function2
instanceKlass scala/collection/immutable/HashMap$Merger
instanceKlass scala/collection/generic/BitOperations$Int
instanceKlass scala/collection/immutable/HashMap$HashMapBuilder
instanceKlass scala/collection/immutable/Map$MapBuilderImpl$$Lambda$114
instanceKlass sbt/Classpaths$
instanceKlass scala/runtime/RichInt$
instanceKlass java/lang/invoke/LambdaForm$MH
instanceKlass scala/collection/immutable/StringLike$$Lambda$113
instanceKlass java/lang/invoke/LambdaForm$DMH
instanceKlass scala/collection/generic/Growable$$Lambda$112
instanceKlass java/util/Random
instanceKlass scala/collection/immutable/StringOps$
instanceKlass scala/Predef$$anon$1
instanceKlass scala/reflect/NoManifest$
instanceKlass scala/collection/immutable/HasForeachEntry
instanceKlass scala/collection/immutable/Map$MapBuilderImpl
instanceKlass scala/reflect/ManifestFactory$ClassTypeManifest
instanceKlass scala/runtime/Null$
instanceKlass scala/Product2$mcDD$sp
instanceKlass scala/Product2$mcII$sp
instanceKlass scala/collection/mutable/ArrayBuilder
instanceKlass scala/collection/mutable/ReusableBuilder
instanceKlass scala/Product2$mcDI$sp
instanceKlass scala/Product2$mcJI$sp
instanceKlass scala/Product2$mcJJ$sp
instanceKlass scala/Product2$mcJD$sp
instanceKlass scala/Product2$mcIJ$sp
instanceKlass scala/reflect/AnyValManifest
instanceKlass scala/Product2$mcDJ$sp
instanceKlass scala/reflect/Manifest
instanceKlass scala/Product2$mcID$sp
instanceKlass scala/reflect/ManifestFactory$
instanceKlass java/util/Collections$UnmodifiableMap$UnmodifiableEntrySet$UnmodifiableEntry
instanceKlass java/util/Collections$UnmodifiableMap$UnmodifiableEntrySet$1
instanceKlass scala/reflect/ClassTag
instanceKlass scala/reflect/ClassManifestDeprecatedApis
instanceKlass scala/reflect/OptManifest
instanceKlass scala/collection/mutable/MapLike$$Lambda$111
instanceKlass scala/Tuple2
instanceKlass scala/Product2
instanceKlass scala/reflect/ClassManifestFactory$
instanceKlass scala/reflect/package$
instanceKlass scala/collection/generic/GenSetFactory$$anon$1
instanceKlass scala/collection/immutable/Set
instanceKlass scala/collection/mutable/IndexedSeqView
instanceKlass scala/util/Right$
instanceKlass scala/util/Left$
instanceKlass scala/util/Either$
instanceKlass scala/math/Ordering$Int$
instanceKlass scala/math/Ordering$IntOrdering
instanceKlass scala/math/Ordering$Reverse
instanceKlass scala/math/Ordering$
instanceKlass scala/math/LowPriorityOrderingImplicits
instanceKlass scala/math/Ordered$
instanceKlass scala/math/Numeric$
instanceKlass scala/math/Integral$
instanceKlass scala/math/Fractional$
instanceKlass scala/math/Equiv$
instanceKlass scala/math/LowPriorityEquiv
instanceKlass scala/math/ScalaNumericConversions
instanceKlass scala/math/ScalaNumericAnyConversions
instanceKlass scala/math/BigInt$
instanceKlass scala/math/BigDecimal$
instanceKlass scala/collection/immutable/Range$
instanceKlass scala/collection/mutable/StringBuilder$
instanceKlass scala/math/package$
instanceKlass scala/collection/Parallel
instanceKlass scala/collection/immutable/VectorPointer
instanceKlass scala/collection/immutable/IndexedSeq
instanceKlass scala/collection/immutable/Stream$$hash$colon$colon$
instanceKlass scala/collection/mutable/ResizableArray
instanceKlass scala/collection/$colon$plus$
instanceKlass scala/collection/$plus$colon$
instanceKlass scala/collection/immutable/$colon$colon$
instanceKlass scala/collection/immutable/List$$anon$1
instanceKlass scala/collection/BufferedIterator
instanceKlass scala/collection/convert/Wrappers$
instanceKlass scala/collection/convert/Wrappers$JMapWrapperLike
instanceKlass scala/collection/AbstractIterator
instanceKlass scala/collection/TraversableOnce$BufferedCanBuildFrom
instanceKlass scala/collection/Iterator$
instanceKlass scala/sys/SystemProperties$$Lambda$110
instanceKlass scala/runtime/BoxesRunTime
instanceKlass scala/sys/SystemProperties$$Lambda$109
instanceKlass scala/runtime/java8/JFunction0$mcZ$sp
instanceKlass java/lang/invoke/LambdaForm$DMH
instanceKlass scala/sys/BooleanProp$$$Lambda$108
instanceKlass scala/sys/PropImpl
instanceKlass scala/sys/BooleanProp
instanceKlass scala/sys/Prop
instanceKlass scala/sys/BooleanProp$
instanceKlass scala/sys/SystemProperties$
instanceKlass scala/collection/convert/DecorateAsScala$$Lambda$107
instanceKlass scala/util/control/NoStackTrace$
instanceKlass scala/util/control/Breaks$TryBlock
instanceKlass scala/collection/convert/Decorators$AsScala
instanceKlass scala/util/control/Breaks
instanceKlass scala/collection/mutable/Set
instanceKlass scala/math/Numeric
instanceKlass scala/collection/generic/GenTraversableFactory$GenericCanBuildFrom
instanceKlass scala/package$$anon$1
instanceKlass scala/Specializable
instanceKlass scala/package$
instanceKlass scala/Predef$$eq$colon$eq
instanceKlass scala/Predef$$less$colon$less
instanceKlass scala/collection/mutable/SetLike
instanceKlass scala/collection/concurrent/Map
instanceKlass scala/collection/mutable/ArrayLike
instanceKlass scala/collection/mutable/IndexedSeqOptimized
instanceKlass scala/collection/convert/Wrappers
instanceKlass scala/collection/JavaConverters$
instanceKlass scala/collection/convert/DecorateAsScala
instanceKlass scala/collection/convert/AsScalaConverters
instanceKlass scala/collection/mutable/IndexedSeq
instanceKlass scala/collection/convert/DecorateAsJava
instanceKlass scala/collection/convert/AsJavaConverters
instanceKlass scala/collection/generic/GenMapFactory$MapCanBuildFrom
instanceKlass scala/collection/generic/CanBuildFrom
instanceKlass scala/collection/immutable/Map
instanceKlass scala/collection/immutable/MapLike
instanceKlass scala/tools/nsc/ast/parser/Parsers
instanceKlass scala/collection/generic/GenMapFactory
instanceKlass scala/tools/nsc/ast/parser/ParsersCommon
instanceKlass scala/tools/nsc/ast/parser/MarkupParsers
instanceKlass scala/collection/mutable/IndexedSeqLike
instanceKlass scala/tools/nsc/ast/parser/Scanners
instanceKlass scala/tools/nsc/ast/parser/ScannersCommon
instanceKlass scala/Option$
instanceKlass scala/util/Either
instanceKlass scala/reflect/internal/util/SourceFile
instanceKlass scala/sys/SystemProperties$$Lambda$106
instanceKlass scala/LowPriorityImplicits
instanceKlass scala/DeprecatedPredef
instanceKlass scala/collection/mutable/Buffer
instanceKlass scala/reflect/api/Universe
instanceKlass scala/collection/mutable/BufferLike
instanceKlass scala/collection/script/Scriptable
instanceKlass scala/reflect/api/Quasiquotes
instanceKlass scala/reflect/api/Liftables
instanceKlass scala/reflect/api/StandardLiftables
instanceKlass scala/reflect/api/StandardNames
instanceKlass scala/collection/mutable/Seq
instanceKlass scala/reflect/api/ImplicitTags
instanceKlass scala/reflect/api/TypeTags
instanceKlass scala/reflect/api/Exprs
instanceKlass scala/collection/Set
instanceKlass scala/reflect/internal/Internals
instanceKlass scala/reflect/api/Internals
instanceKlass scala/collection/mutable/SeqLike
instanceKlass scala/reflect/internal/FreshNames
instanceKlass scala/reflect/internal/pickling/Translations
instanceKlass scala/reflect/internal/PrivateWithin
instanceKlass scala/reflect/internal/ReificationSupport
instanceKlass scala/collection/SetLike
instanceKlass scala/reflect/internal/StdCreators
instanceKlass scala/reflect/internal/StdAttachments
instanceKlass scala/reflect/internal/CapturedVariables
instanceKlass scala/reflect/internal/Importers
instanceKlass scala/reflect/internal/TypeDebugging
instanceKlass scala/reflect/internal/AnnotationCheckers
instanceKlass scala/collection/CustomParallelizable
instanceKlass scala/reflect/internal/AnnotationInfos
instanceKlass scala/collection/mutable/HashTable
instanceKlass scala/reflect/api/Annotations
instanceKlass scala/collection/mutable/HashTable$HashUtils
instanceKlass scala/collection/GenSet
instanceKlass scala/reflect/internal/StdNames
instanceKlass scala/collection/generic/GenericSetTemplate
instanceKlass scala/collection/GenSetLike
instanceKlass scala/reflect/internal/transform/Transforms
instanceKlass scala/math/Ordering
instanceKlass scala/math/PartialOrdering
instanceKlass scala/reflect/internal/InfoTransformers
instanceKlass scala/math/Equiv
instanceKlass scala/reflect/internal/BaseTypeSeqs
instanceKlass scala/reflect/internal/Constants
instanceKlass scala/reflect/api/Constants
instanceKlass scala/reflect/internal/Definitions
instanceKlass scala/collection/generic/TraversableFactory
instanceKlass scala/collection/generic/GenericSeqCompanion
instanceKlass scala/collection/SeqView
instanceKlass scala/reflect/api/StandardDefinitions
instanceKlass scala/collection/generic/GenericCompanion
instanceKlass scala/reflect/internal/Mirrors
instanceKlass scala/reflect/api/Mirrors
instanceKlass scala/reflect/internal/Scopes
instanceKlass scala/reflect/api/Scopes
instanceKlass scala/reflect/internal/FlagSets
instanceKlass scala/reflect/api/FlagSets
instanceKlass scala/reflect/internal/ExistentialsAndSkolems
instanceKlass scala/reflect/internal/Kinds
instanceKlass scala/collection/mutable/Map
instanceKlass scala/reflect/internal/Variances
instanceKlass scala/reflect/internal/Types
instanceKlass scala/reflect/internal/util/Collections
instanceKlass scala/collection/SeqViewLike
instanceKlass scala/reflect/internal/tpe/FindMembers
instanceKlass scala/reflect/internal/tpe/TypeConstraints
instanceKlass scala/reflect/internal/tpe/TypeMaps
instanceKlass scala/reflect/internal/tpe/GlbLubs
instanceKlass scala/collection/mutable/MapLike
instanceKlass scala/reflect/internal/tpe/CommonOwners
instanceKlass scala/reflect/internal/tpe/TypeToStrings
instanceKlass scala/reflect/internal/tpe/TypeComparers
instanceKlass scala/collection/mutable/Cloneable
instanceKlass scala/Cloneable
instanceKlass scala/collection/generic/Shrinkable
instanceKlass scala/collection/mutable/Builder
instanceKlass scala/collection/generic/Growable
instanceKlass scala/collection/generic/Clearable
instanceKlass scala/reflect/api/Types
instanceKlass scala/collection/Map
instanceKlass scala/collection/IterableView
instanceKlass scala/reflect/internal/Symbols
instanceKlass scala/reflect/api/Symbols
instanceKlass scala/collection/MapLike
instanceKlass scala/collection/IterableViewLike
instanceKlass scala/reflect/internal/Names
instanceKlass scala/reflect/api/Names
instanceKlass scala/collection/generic/Subtractable
instanceKlass scala/collection/GenMap
instanceKlass scala/collection/GenMapLike
instanceKlass scala/collection/mutable/Iterable
instanceKlass scala/collection/Iterator
instanceKlass scala/collection/TraversableView
instanceKlass scala/collection/mutable/Traversable
instanceKlass scala/Mutable
instanceKlass scala/collection/TraversableViewLike
instanceKlass scala/tools/nsc/Parsing
instanceKlass scala/tools/nsc/Reporting
instanceKlass scala/reflect/internal/Reporting
instanceKlass scala/collection/ViewMkString
instanceKlass scala/tools/nsc/ast/Positions
instanceKlass scala/reflect/internal/Positions
instanceKlass scala/reflect/api/Positions
instanceKlass scala/collection/IndexedSeq
instanceKlass scala/tools/nsc/ast/DocComments
instanceKlass scala/collection/immutable/StringOps
instanceKlass scala/collection/immutable/StringLike
instanceKlass scala/tools/nsc/ast/Printers
instanceKlass scala/reflect/internal/Printers
instanceKlass scala/reflect/api/Printers
instanceKlass scala/math/Ordered
instanceKlass scala/collection/IndexedSeqOptimized
instanceKlass scala/tools/nsc/ast/Trees
instanceKlass scala/collection/IndexedSeqLike
instanceKlass scala/reflect/internal/Trees
instanceKlass scala/reflect/api/Trees
instanceKlass scala/sys/package$
instanceKlass sbt/PluginTrigger
instanceKlass sbt/nio/Keys$WatchBuildSourceOption
instanceKlass sbt/Plugins$Basic
instanceKlass sbt/Plugins
instanceKlass sbt/internal/ClassLoaderWarmup$$$Lambda$105
instanceKlass sbt/internal/SysProp$
instanceKlass scala/runtime/java8/JFunction0$mcV$sp
instanceKlass sbt/PluginsFunctions
instanceKlass sbt/internal/ClassLoaderWarmup$$$Lambda$104
instanceKlass scala/tools/nsc/PhaseAssembly
instanceKlass sbt/internal/ClassLoaderWarmup$$$Lambda$103
instanceKlass scala/tools/nsc/plugins/Plugins
instanceKlass sbt/internal/ClassLoaderWarmup$$$Lambda$102
instanceKlass sbt/internal/ClassLoaderWarmup$$$Lambda$101
instanceKlass scala/tools/nsc/CompilationUnits
instanceKlass java/lang/invoke/LambdaForm$MH
instanceKlass java/lang/invoke/LambdaForm$MH
instanceKlass java/lang/invoke/LambdaForm$MH
instanceKlass java/lang/invoke/LambdaForm$DMH
instanceKlass java/lang/invoke/LambdaForm$DMH
instanceKlass java/lang/invoke/LambdaForm$MH
instanceKlass java/lang/invoke/LambdaForm$DMH
instanceKlass java/lang/invoke/LambdaForm$DMH
instanceKlass java/lang/invoke/MethodHandleImpl$ArrayAccessor
instanceKlass java/lang/invoke/LambdaForm$MH
instanceKlass java/lang/invoke/LambdaForm$DMH
instanceKlass scala/reflect/io/AbstractFile
instanceKlass java/lang/invoke/LambdaForm$MH
instanceKlass java/lang/invoke/LambdaForm$DMH
instanceKlass java/lang/invoke/LambdaForm$BMH
instanceKlass java/lang/invoke/LambdaForm$BMH
instanceKlass sbt/internal/parser/SbtParser$
instanceKlass sun/nio/ch/Interruptible
instanceKlass java/util/concurrent/locks/LockSupport
instanceKlass java/lang/invoke/LambdaForm$BMH
instanceKlass java/lang/invoke/LambdaForm$BMH
instanceKlass sbt/internal/parser/SbtParserInit
instanceKlass java/lang/invoke/LambdaForm$BMH
instanceKlass sun/invoke/util/VerifyAccess$1
instanceKlass java/util/concurrent/Executors$RunnableAdapter
instanceKlass java/util/concurrent/FutureTask$WaitNode
instanceKlass java/util/concurrent/FutureTask
instanceKlass java/util/concurrent/RunnableFuture
instanceKlass java/util/concurrent/Future
instanceKlass sbt/internal/ClassLoaderWarmup$$anon$1
instanceKlass sbt/internal/ClassLoaderWarmup$$$Lambda$100
instanceKlass java/util/concurrent/Executors$DefaultThreadFactory
instanceKlass java/util/concurrent/ThreadFactory
instanceKlass java/util/concurrent/LinkedBlockingQueue$Node
instanceKlass java/util/concurrent/locks/AbstractQueuedSynchronizer$ConditionObject
instanceKlass java/util/concurrent/locks/Condition
instanceKlass java/util/concurrent/locks/AbstractQueuedSynchronizer$Node
instanceKlass java/util/concurrent/locks/AbstractOwnableSynchronizer
instanceKlass java/util/concurrent/BlockingQueue
instanceKlass java/util/concurrent/ThreadPoolExecutor$AbortPolicy
instanceKlass java/util/concurrent/RejectedExecutionHandler
instanceKlass java/util/concurrent/AbstractExecutorService
instanceKlass java/util/concurrent/Executors
instanceKlass java/util/concurrent/ExecutorService
instanceKlass java/util/concurrent/Executor
instanceKlass sbt/internal/ClassLoaderWarmup$
instanceKlass scala/runtime/LazyRef
instanceKlass scala/runtime/LazyBoolean
instanceKlass sbt/Exit
instanceKlass xsbti/Exit
instanceKlass sbt/internal/BootServerSocket
instanceKlass scala/collection/AbstractTraversable
instanceKlass scala/collection/LinearSeqOptimized
instanceKlass scala/collection/immutable/LinearSeq
instanceKlass scala/collection/LinearSeq
instanceKlass scala/collection/LinearSeqLike
instanceKlass scala/collection/immutable/Seq
instanceKlass scala/collection/Seq
instanceKlass scala/collection/SeqLike
instanceKlass scala/collection/GenSeq
instanceKlass scala/collection/GenSeqLike
instanceKlass scala/PartialFunction
instanceKlass scala/Function1
instanceKlass scala/collection/immutable/Iterable
instanceKlass scala/collection/Iterable
instanceKlass scala/collection/IterableLike
instanceKlass scala/collection/GenIterable
instanceKlass scala/collection/GenIterableLike
instanceKlass scala/collection/immutable/Traversable
instanceKlass scala/Immutable
instanceKlass scala/collection/Traversable
instanceKlass scala/collection/GenTraversable
instanceKlass scala/collection/generic/GenericTraversableTemplate
instanceKlass scala/collection/TraversableLike
instanceKlass scala/collection/GenTraversableLike
instanceKlass scala/collection/Parallelizable
instanceKlass scala/collection/TraversableOnce
instanceKlass scala/collection/GenTraversableOnce
instanceKlass scala/collection/generic/FilterMonadic
instanceKlass scala/collection/generic/HasNewBuilder
instanceKlass scala/Function0
instanceKlass scala/Option
instanceKlass scala/Serializable
instanceKlass scala/Product
instanceKlass scala/Equals
instanceKlass scala/util/control/ControlThrowable
instanceKlass scala/util/control/NoStackTrace
instanceKlass sbt/xMain$
instanceKlass sbt/testing/Framework
instanceKlass sbt/internal/XMainConfiguration$ModifiedConfiguration$ModifiedAppProvider$1$1
instanceKlass sbt/internal/XMainConfiguration$ModifiedConfiguration$ModifiedAppProvider$1
instanceKlass sbt/internal/XMainConfiguration$ModifiedConfiguration$ModifiedAppProvider
instanceKlass java/util/WeakHashMap$HashIterator
instanceKlass sbt/internal/ClassLoaderClose
instanceKlass sbt/internal/XMainConfiguration$ModifiedConfiguration
instanceKlass sbt/internal/XMainConfiguration
instanceKlass sbt/internal/XMainConfiguration
instanceKlass xsbt/boot/Launch$$$Lambda$99
instanceKlass xsbt/boot/ServerApplication$
instanceKlass xsbt/boot/JAnsi$
instanceKlass xsbt/boot/AppConfiguration
instanceKlass sbt/xMain
instanceKlass java/nio/file/attribute/FileTime
instanceKlass java/util/zip/ZipUtils
instanceKlass xsbt/boot/Launch$$anon$4
instanceKlass java/lang/invoke/LambdaForm$MH
instanceKlass xsbt/boot/Launch$$Lambda$98
instanceKlass scala/reflect/api/Universe
instanceKlass scala/reflect/api/Quasiquotes
instanceKlass scala/reflect/api/Liftables
instanceKlass scala/reflect/api/StandardLiftables
instanceKlass scala/reflect/api/StandardNames
instanceKlass scala/reflect/api/ImplicitTags
instanceKlass scala/reflect/api/TypeTags
instanceKlass scala/reflect/api/Exprs
instanceKlass scala/reflect/internal/Internals
instanceKlass scala/reflect/api/Internals
instanceKlass scala/reflect/internal/FreshNames
instanceKlass scala/reflect/internal/pickling/Translations
instanceKlass scala/reflect/internal/PrivateWithin
instanceKlass scala/reflect/internal/ReificationSupport
instanceKlass scala/reflect/internal/StdCreators
instanceKlass scala/reflect/internal/StdAttachments
instanceKlass scala/reflect/internal/CapturedVariables
instanceKlass scala/reflect/internal/Importers
instanceKlass scala/reflect/internal/TypeDebugging
instanceKlass scala/reflect/internal/AnnotationCheckers
instanceKlass scala/reflect/internal/AnnotationInfos
instanceKlass scala/reflect/api/Annotations
instanceKlass scala/reflect/internal/StdNames
instanceKlass scala/reflect/internal/transform/Transforms
instanceKlass scala/reflect/internal/InfoTransformers
instanceKlass scala/reflect/internal/BaseTypeSeqs
instanceKlass scala/reflect/internal/Constants
instanceKlass scala/reflect/api/Constants
instanceKlass scala/reflect/internal/Definitions
instanceKlass scala/reflect/api/StandardDefinitions
instanceKlass scala/reflect/internal/Mirrors
instanceKlass scala/reflect/api/Mirrors
instanceKlass scala/reflect/internal/Scopes
instanceKlass scala/reflect/api/Scopes
instanceKlass scala/reflect/internal/FlagSets
instanceKlass scala/reflect/api/FlagSets
instanceKlass scala/reflect/internal/ExistentialsAndSkolems
instanceKlass scala/reflect/internal/Kinds
instanceKlass scala/reflect/internal/Variances
instanceKlass scala/reflect/internal/Types
instanceKlass scala/reflect/internal/util/Collections
instanceKlass scala/reflect/internal/tpe/FindMembers
instanceKlass scala/reflect/internal/tpe/TypeConstraints
instanceKlass scala/reflect/internal/tpe/TypeMaps
instanceKlass scala/reflect/internal/tpe/GlbLubs
instanceKlass scala/reflect/internal/tpe/CommonOwners
instanceKlass scala/reflect/internal/tpe/TypeToStrings
instanceKlass scala/reflect/internal/tpe/TypeComparers
instanceKlass scala/reflect/api/Types
instanceKlass scala/reflect/internal/Symbols
instanceKlass scala/reflect/api/Symbols
instanceKlass scala/reflect/internal/Names
instanceKlass scala/reflect/api/Names
instanceKlass scala/tools/nsc/Parsing
instanceKlass scala/tools/nsc/Reporting
instanceKlass scala/reflect/internal/Reporting
instanceKlass scala/tools/nsc/ast/Positions
instanceKlass scala/reflect/internal/Positions
instanceKlass scala/reflect/api/Positions
instanceKlass scala/tools/nsc/ast/DocComments
instanceKlass scala/tools/nsc/ast/Printers
instanceKlass scala/reflect/internal/Printers
instanceKlass scala/reflect/api/Printers
instanceKlass scala/tools/nsc/ast/Trees
instanceKlass scala/reflect/internal/Trees
instanceKlass scala/reflect/api/Trees
instanceKlass scala/tools/nsc/PhaseAssembly
instanceKlass scala/tools/nsc/plugins/Plugins
instanceKlass scala/tools/nsc/CompilationUnits
instanceKlass sun/security/util/ManifestEntryVerifier
instanceKlass sun/security/util/DisabledAlgorithmConstraints$1
instanceKlass sun/security/util/DisabledAlgorithmConstraints$Constraint
instanceKlass sun/security/util/DisabledAlgorithmConstraints$Constraints
instanceKlass java/security/Security$1
instanceKlass java/security/Security
instanceKlass sun/security/util/AbstractAlgorithmConstraints$1
instanceKlass sun/security/util/AlgorithmDecomposer
instanceKlass sun/security/util/AbstractAlgorithmConstraints
instanceKlass java/security/AlgorithmConstraints
instanceKlass sun/security/util/SignatureFileVerifier
instanceKlass scala/Option
instanceKlass scala/Serializable
instanceKlass scala/Product
instanceKlass scala/Equals
instanceKlass xsbt/boot/Pre$$$Lambda$97
instanceKlass xsbt/boot/Pre$$$Lambda$96
instanceKlass xsbt/boot/Launch$$anon$5$LoaderInit$$$Lambda$95
instanceKlass xsbt/boot/Launch$$anon$5$LoaderInit$
instanceKlass xsbti/LibraryClassLoader
instanceKlass xsbt/boot/Launch$$anon$5
instanceKlass xsbti/ExtendedScalaProvider
instanceKlass xsbt/boot/Launch$$Lambda$94
instanceKlass xsbt/boot/Launch$$Lambda$93
instanceKlass xsbt/boot/Launch$$anon$2
instanceKlass scala/util/hashing/MurmurHash3
instanceKlass xsbt/boot/Launch$$Lambda$92
instanceKlass java/lang/invoke/LambdaForm$MH
instanceKlass java/lang/invoke/LambdaForm$DMH
instanceKlass java/lang/invoke/LambdaForm$DMH
instanceKlass scala/collection/StringOps$$$Lambda$91
instanceKlass java/util/Formattable
instanceKlass java/util/Formatter$Conversion
instanceKlass java/util/Formatter$Flags
instanceKlass java/util/Formatter$FormatSpecifier
instanceKlass java/util/Formatter$FixedString
instanceKlass java/util/Formatter$FormatString
instanceKlass java/util/Currency$CurrencyNameGetter
instanceKlass sun/util/locale/provider/LocaleServiceProviderPool$LocalizedObjectGetter
instanceKlass sun/util/locale/provider/SPILocaleProviderAdapter$1
instanceKlass sun/util/locale/provider/LocaleServiceProviderPool
instanceKlass java/io/DataInput
instanceKlass java/util/Currency$1
instanceKlass java/util/Currency
instanceKlass java/util/concurrent/atomic/AtomicMarkableReference$Pair
instanceKlass java/util/concurrent/atomic/AtomicMarkableReference
instanceKlass java/util/LinkedList$Node
instanceKlass java/util/ResourceBundle$CacheKeyReference
instanceKlass java/util/ResourceBundle$CacheKey
instanceKlass java/util/ResourceBundle$RBClassLoader$1
instanceKlass java/net/URLClassLoader$3$1
instanceKlass sun/misc/CompoundEnumeration
instanceKlass java/net/URLClassLoader$3
instanceKlass sun/misc/URLClassPath$1
instanceKlass java/lang/ClassLoader$2
instanceKlass sun/misc/URLClassPath$2
instanceKlass java/util/ServiceLoader$1
instanceKlass java/util/ServiceLoader$LazyIterator
instanceKlass java/util/ServiceLoader
instanceKlass java/util/spi/ResourceBundleControlProvider
instanceKlass java/util/ResourceBundle
instanceKlass java/util/ResourceBundle$Control
instanceKlass sun/util/resources/LocaleData$1
instanceKlass sun/util/resources/LocaleData
instanceKlass sun/util/locale/provider/LocaleResources
instanceKlass java/util/Collections$EmptyIterator
instanceKlass sun/util/locale/LanguageTag
instanceKlass sun/util/locale/provider/JRELocaleProviderAdapter$1
instanceKlass sun/util/locale/provider/LocaleDataMetaInfo
instanceKlass sun/util/locale/provider/AvailableLanguageTags
instanceKlass sun/util/locale/provider/LocaleProviderAdapter$1
instanceKlass sun/util/locale/provider/ResourceBundleBasedAdapter
instanceKlass sun/util/locale/provider/LocaleProviderAdapter
instanceKlass java/util/spi/LocaleServiceProvider
instanceKlass java/text/DecimalFormatSymbols
instanceKlass java/util/Locale$1
instanceKlass java/util/Formatter
instanceKlass xsbt/boot/Launch$$Lambda$90
instanceKlass xsbt/boot/Launch$$Lambda$89
instanceKlass scala/collection/ClassTagIterableFactory$AnyIterableDelegate
instanceKlass scala/collection/mutable/ArraySeq$
instanceKlass scala/collection/StrictOptimizedClassTagSeqFactory
instanceKlass scala/collection/ClassTagSeqFactory
instanceKlass scala/collection/ClassTagIterableFactory
instanceKlass xsbt/boot/Pre$JarFilter$
instanceKlass xsbt/boot/Pre$$$Lambda$88
instanceKlass xsbt/boot/RetrievedModule$$Lambda$87
instanceKlass xsbt/boot/RetrievedModule$$Lambda$86
instanceKlass xsbt/boot/Launch$$Lambda$85
instanceKlass scala/math/package$
instanceKlass scala/collection/mutable/ArrayBuffer$
instanceKlass xsbt/boot/Launch$$Lambda$84
instanceKlass xsbt/boot/ComponentProvider
instanceKlass xsbti/ComponentProvider
instanceKlass xsbt/boot/Launch$$Lambda$83
instanceKlass xsbt/boot/Launch$$Lambda$82
instanceKlass xsbt/boot/UpdateScala
instanceKlass scala/collection/mutable/ArrayBuilder$
instanceKlass xsbt/boot/RetrievedModule
instanceKlass xsbt/boot/Launch$$Lambda$81
instanceKlass xsbt/boot/Launch$$anon$3$$Lambda$80
instanceKlass xsbt/boot/Launch$$anon$3$$Lambda$79
instanceKlass xsbt/boot/Launch$$anon$3
instanceKlass xsbt/boot/Launch$$Lambda$78
instanceKlass xsbt/boot/Launch$$Lambda$77
instanceKlass xsbt/boot/ModuleDefinition
instanceKlass xsbt/boot/Application$
instanceKlass xsbt/boot/UpdateApp
instanceKlass xsbt/boot/UpdateConfiguration
instanceKlass sun/nio/ch/FileKey
instanceKlass sun/nio/ch/FileLockTable
instanceKlass sun/nio/ch/NativeThread
instanceKlass java/nio/channels/FileLock
instanceKlass xsbt/boot/Locks$GlobalLock$$Lambda$76
instanceKlass sun/nio/ch/FileDispatcherImpl$1
instanceKlass sun/nio/ch/NativeDispatcher
instanceKlass sun/nio/ch/NativeThreadSet
instanceKlass java/net/Inet6Address$Inet6AddressHolder
instanceKlass java/net/InetAddress$2
instanceKlass sun/net/spi/nameservice/NameService
instanceKlass java/net/Inet6AddressImpl
instanceKlass java/net/InetAddressImpl
instanceKlass java/net/InetAddressImplFactory
instanceKlass java/net/InetAddress$Cache
instanceKlass java/net/InetAddress$InetAddressHolder
instanceKlass java/net/InetAddress$1
instanceKlass java/net/InetAddress
instanceKlass sun/nio/ch/IOUtil$1
instanceKlass sun/nio/ch/IOUtil
instanceKlass java/nio/file/attribute/FileAttribute
instanceKlass java/nio/channels/spi/AbstractInterruptibleChannel
instanceKlass java/nio/channels/InterruptibleChannel
instanceKlass java/nio/channels/ScatteringByteChannel
instanceKlass java/nio/channels/GatheringByteChannel
instanceKlass java/nio/channels/SeekableByteChannel
instanceKlass java/nio/channels/ByteChannel
instanceKlass java/nio/channels/WritableByteChannel
instanceKlass java/nio/channels/ReadableByteChannel
instanceKlass java/nio/channels/Channel
instanceKlass xsbt/boot/Cache$$Lambda$75
instanceKlass xsbt/boot/Locks$$$Lambda$74
instanceKlass java/lang/invoke/LambdaForm$DMH
instanceKlass xsbt/boot/Locks$GlobalLock
instanceKlass xsbt/boot/Locks$
instanceKlass xsbt/boot/Launch$$anon$1
instanceKlass xsbt/boot/AppID
instanceKlass xsbt/boot/Launch$$$Lambda$73
instanceKlass xsbti/MainResult
instanceKlass xsbt/boot/RunConfiguration
instanceKlass xsbt/boot/Launch$$Lambda$72
instanceKlass xsbt/boot/Cache
instanceKlass java/util/concurrent/atomic/AtomicReference
instanceKlass xsbt/boot/Launch$$Lambda$71
instanceKlass xsbt/boot/Launch$$Lambda$70
instanceKlass scala/runtime/java8/JFunction0$mcZ$sp
instanceKlass java/lang/invoke/LambdaForm$DMH
instanceKlass xsbt/boot/Launch$$Lambda$69
instanceKlass scala/sys/SystemProperties$$Lambda$68
instanceKlass scala/collection/MapView
instanceKlass scala/collection/mutable/Map
instanceKlass scala/collection/mutable/MapOps
instanceKlass scala/collection/convert/AsScalaExtensions
instanceKlass scala/sys/package$
instanceKlass xsbt/boot/Loaders$$$Lambda$67
instanceKlass scala/collection/immutable/Stream$cons$
instanceKlass xsbt/boot/Loaders$
instanceKlass xsbti/ScalaProvider
instanceKlass xsbt/boot/UpdateTarget
instanceKlass java/util/concurrent/Callable
instanceKlass xsbti/GlobalLock
instanceKlass xsbti/AppProvider
instanceKlass xsbt/boot/Launch
instanceKlass xsbti/Launcher
instanceKlass xsbt/boot/Launcher$
instanceKlass xsbt/boot/Launch$$$Lambda$66
instanceKlass xsbt/boot/ResolveValues$$Lambda$65
instanceKlass xsbt/boot/ResolveValues$$Lambda$64
instanceKlass xsbt/boot/ResolveValues
instanceKlass xsbt/boot/ResolveValues$
instanceKlass xsbt/boot/Launch$$$Lambda$63
instanceKlass xsbt/boot/LaunchConfiguration$$Lambda$62
instanceKlass java/net/URI$Parser
instanceKlass java/net/URI
instanceKlass xsbt/boot/ResolvePaths$$$Lambda$61
instanceKlass xsbt/boot/ResolvePaths$
instanceKlass xsbt/boot/Pre$$$Lambda$60
instanceKlass scala/runtime/LazyRef
instanceKlass xsbt/boot/Find
instanceKlass xsbt/boot/IvyOptions
instanceKlass xsbt/boot/ConfigurationParser$$Lambda$59
instanceKlass xsbt/boot/ConfigurationParser$$Lambda$58
instanceKlass xsbt/boot/Classifiers
instanceKlass xsbt/boot/ConfigurationParser$$Lambda$57
instanceKlass xsbt/boot/ServerConfiguration
instanceKlass xsbt/boot/ConfigurationParser$$Lambda$56
instanceKlass xsbt/boot/ConfigurationParser$$Lambda$55
instanceKlass xsbt/boot/ConfigurationParser$$Lambda$54
instanceKlass xsbt/boot/ConfigurationParser$$Lambda$53
instanceKlass scala/Tuple4
instanceKlass scala/Product4
instanceKlass xsbt/boot/ConfigurationParser$$Lambda$52
instanceKlass xsbt/boot/AppProperty
instanceKlass xsbt/boot/ConfigurationParser$$Lambda$51
instanceKlass xsbt/boot/ConfigurationParser$$Lambda$50
instanceKlass xsbt/boot/ConfigurationParser$$Lambda$49
instanceKlass xsbt/boot/ConfigurationParser$$Lambda$48
instanceKlass xsbt/boot/ConfigurationParser$$Lambda$47
instanceKlass xsbt/boot/ConfigurationParser$$Lambda$46
instanceKlass xsbt/boot/Logging
instanceKlass xsbt/boot/Search
instanceKlass xsbt/boot/ConfigurationParser$$Lambda$45
instanceKlass xsbt/boot/ConfigurationParser$$Lambda$44
instanceKlass xsbt/boot/BootSetup
instanceKlass xsbt/boot/Repository$Ivy
instanceKlass xsbti/IvyRepository
instanceKlass xsbt/boot/Repository$Maven
instanceKlass xsbti/MavenRepository
instanceKlass scala/Tuple5
instanceKlass scala/Product5
instanceKlass scala/collection/immutable/List$$Lambda$43
instanceKlass xsbt/boot/ConfigurationParser$$Lambda$42
instanceKlass xsbt/boot/Repository$Predefined
instanceKlass xsbti/PredefinedRepository
instanceKlass xsbt/boot/Repository$Predefined$
instanceKlass java/lang/invoke/LambdaForm$MH
instanceKlass xsbt/boot/ConfigurationParser$$Lambda$41
instanceKlass java/lang/StrictMath
instanceKlass scala/collection/immutable/Node$
instanceKlass scala/collection/Hashing$
instanceKlass scala/collection/immutable/Node
instanceKlass scala/collection/immutable/HashSetBuilder
instanceKlass scala/collection/immutable/SetBuilderImpl
instanceKlass scala/collection/MapOps$GenKeySet
instanceKlass scala/collection/immutable/StrictOptimizedSetOps
instanceKlass scala/collection/StrictOptimizedSetOps
instanceKlass scala/collection/EvidenceIterableFactory
instanceKlass xsbt/boot/ConfigurationParser$$Lambda$40
instanceKlass xsbt/boot/LaunchCrossVersion$
instanceKlass xsbt/boot/Application
instanceKlass xsbt/boot/ConfigurationParser$$Lambda$39
instanceKlass scala/util/matching/Regex
instanceKlass scala/collection/StringOps$$$Lambda$38
instanceKlass scala/collection/StringOps$
instanceKlass xsbt/boot/CrossVersionUtil$
instanceKlass xsbt/boot/ConfigurationParser$$$Lambda$37
instanceKlass scala/reflect/ClassTag$GenericClassTag
instanceKlass scala/runtime/ClassValueCompat$
instanceKlass scala/runtime/ClassValueCompat
instanceKlass scala/runtime/ClassValueCompat$ClassValueInterface
instanceKlass scala/reflect/ClassTag$
instanceKlass xsbt/boot/ConfigurationParser$$$Lambda$36
instanceKlass xsbt/boot/ConfigurationParser$$Lambda$35
instanceKlass xsbt/boot/Implicit$$Lambda$34
instanceKlass xsbt/boot/Value$
instanceKlass xsbt/boot/ConfigurationParser$$Lambda$33
instanceKlass java/lang/invoke/LambdaForm$MH
instanceKlass xsbt/boot/ConfigurationParser$$Lambda$32
instanceKlass xsbt/boot/BootConfiguration$
instanceKlass xsbt/boot/ConfigurationParser$$Lambda$31
instanceKlass xsbt/boot/ConfigurationParser$$Lambda$30
instanceKlass xsbt/boot/ConfigurationParser$$Lambda$29
instanceKlass xsbt/boot/ConfigurationParser$$Lambda$28
instanceKlass xsbt/boot/Implicit
instanceKlass xsbt/boot/Explicit
instanceKlass xsbt/boot/ConfigurationParser$$Lambda$27
instanceKlass scala/Function3
instanceKlass xsbt/boot/ConfigurationParser$$$Lambda$26
instanceKlass xsbt/boot/ConfigurationParser$
instanceKlass xsbt/boot/ConfigurationParser$$Lambda$25
instanceKlass scala/$less$colon$less
instanceKlass scala/$less$colon$less$
instanceKlass java/lang/invoke/LambdaForm$MH
instanceKlass xsbt/boot/ConfigurationParser$$Lambda$24
instanceKlass xsbt/boot/ConfigurationParser$$Lambda$23
instanceKlass xsbt/boot/ConfigurationParser$$Lambda$22
instanceKlass xsbt/boot/ConfigurationParser$$Lambda$21
instanceKlass xsbt/boot/ListMap$$$Lambda$20
instanceKlass java/lang/invoke/LambdaForm$MH
instanceKlass xsbt/boot/ListMap$$anon$1$$Lambda$19
instanceKlass xsbt/boot/ListMap$$Lambda$18
instanceKlass xsbt/boot/ListMap$$Lambda$17
instanceKlass xsbt/boot/Comment$
instanceKlass xsbt/boot/ConfigurationParser$$Lambda$16
instanceKlass scala/Function2
instanceKlass xsbt/boot/ConfigurationParser$$Lambda$15
instanceKlass xsbt/boot/ListMap
instanceKlass xsbt/boot/ListMap$
instanceKlass java/lang/invoke/LambdaForm$BMH
instanceKlass xsbt/boot/Labeled
instanceKlass scala/collection/ArrayOps$$$Lambda$14
instanceKlass scala/collection/ArrayOps$
instanceKlass scala/Array$UnapplySeqWrapper
instanceKlass scala/Array$UnapplySeqWrapper$
instanceKlass scala/Array$
instanceKlass java/util/ArrayList$SubList$1
instanceKlass xsbt/boot/Section
instanceKlass xsbt/boot/Line
instanceKlass xsbt/boot/ParseLine$
instanceKlass xsbt/boot/ConfigurationParser$$Lambda$13
instanceKlass xsbt/boot/Configuration$$$Lambda$12
instanceKlass xsbt/boot/LaunchConfiguration
instanceKlass xsbt/boot/Value
instanceKlass xsbt/boot/Repository$Repository
instanceKlass xsbti/Repository
instanceKlass xsbt/boot/PropertyInit
instanceKlass xsbt/boot/ConfigurationParser
instanceKlass sun/net/www/protocol/jar/JarFileFactory
instanceKlass sun/net/www/protocol/jar/URLJarFile$URLJarFileCloseController
instanceKlass xsbt/boot/Find$
instanceKlass xsbt/boot/Enumeration$Value
instanceKlass xsbt/boot/Enumeration
instanceKlass scala/Tuple3
instanceKlass scala/Product3
instanceKlass xsbt/boot/Configuration$$$Lambda$11
instanceKlass java/net/URLClassLoader$2
instanceKlass sun/misc/Launcher$BootClassPathHolder$1
instanceKlass sun/misc/Launcher$BootClassPathHolder
instanceKlass xsbt/boot/Configuration$$$Lambda$10
instanceKlass xsbt/boot/Configuration$$$Lambda$9
instanceKlass xsbt/boot/Configuration$$$Lambda$8
instanceKlass xsbt/boot/Configuration$$$Lambda$7
instanceKlass xsbt/boot/Configuration$$$Lambda$6
instanceKlass xsbt/boot/Configuration$$$Lambda$5
instanceKlass scala/runtime/BoxesRunTime
instanceKlass java/util/regex/ASCII
instanceKlass java/util/regex/Matcher
instanceKlass java/util/regex/MatchResult
instanceKlass java/util/regex/Pattern$TreeInfo
instanceKlass java/util/regex/Pattern$Node
instanceKlass java/util/regex/Pattern
instanceKlass scala/Option$
instanceKlass java/util/Properties$LineReader
instanceKlass java/lang/invoke/LambdaForm$MH
instanceKlass xsbt/boot/Pre$$$Lambda$4
instanceKlass xsbt/boot/Using$
instanceKlass java/io/FileFilter
instanceKlass xsbt/boot/Pre$
instanceKlass xsbt/boot/Configuration$
instanceKlass xsbti/AppMain
instanceKlass xsbti/ServerMain
instanceKlass xsbti/ApplicationID
instanceKlass xsbti/AppConfiguration
instanceKlass xsbt/boot/Launch$
instanceKlass scala/runtime/BoxedUnit
instanceKlass java/util/TreeMap$Entry
instanceKlass java/lang/ProcessEnvironment$CheckedEntry
instanceKlass java/lang/ProcessEnvironment$CheckedEntrySet$1
instanceKlass java/util/NavigableMap
instanceKlass java/util/SortedMap
instanceKlass java/util/Collections$UnmodifiableMap
instanceKlass java/lang/ProcessEnvironment$EntryComparator
instanceKlass java/lang/ProcessEnvironment$NameComparator
instanceKlass xsbt/boot/CheckProxy$$$Lambda$3
instanceKlass xsbt/boot/ProxyProperties
instanceKlass xsbt/boot/ProxyProperties$
instanceKlass xsbt/boot/CheckProxy$
instanceKlass xsbt/boot/LauncherArguments
instanceKlass scala/collection/EvidenceIterableFactoryDefaults
instanceKlass scala/runtime/ScalaRunTime$
instanceKlass java/lang/invoke/LambdaForm$MH
instanceKlass java/lang/invoke/LambdaForm$BMH
instanceKlass jdk/internal/org/objectweb/asm/FieldVisitor
instanceKlass java/lang/invoke/BoundMethodHandle$Factory$1
instanceKlass java/lang/invoke/LambdaForm$BMH
instanceKlass java/lang/invoke/LambdaForm$DMH
instanceKlass sun/reflect/UnsafeFieldAccessorFactory
instanceKlass java/lang/invoke/LambdaForm$DMH
instanceKlass scala/runtime/Statics$VM
instanceKlass scala/runtime/Statics
instanceKlass scala/collection/mutable/Buffer
instanceKlass scala/collection/mutable/Shrinkable
instanceKlass scala/collection/mutable/IndexedSeq
instanceKlass scala/collection/mutable/Seq
instanceKlass scala/collection/mutable/Iterable
instanceKlass scala/collection/mutable/IndexedSeqOps
instanceKlass scala/collection/mutable/SeqOps
instanceKlass scala/collection/mutable/Cloneable
instanceKlass scala/reflect/NoManifest$
instanceKlass scala/util/Either
instanceKlass scala/reflect/ManifestFactory$ClassTypeManifest
instanceKlass scala/runtime/Null$
instanceKlass scala/reflect/AnyValManifest
instanceKlass scala/reflect/Manifest
instanceKlass scala/reflect/ClassTag
instanceKlass scala/reflect/ClassManifestDeprecatedApis
instanceKlass scala/reflect/OptManifest
instanceKlass scala/reflect/ManifestFactory$
instanceKlass scala/reflect/Manifest$
instanceKlass scala/Tuple2$
instanceKlass scala/collection/immutable/Set
instanceKlass scala/collection/immutable/SetOps
instanceKlass scala/collection/Set
instanceKlass scala/collection/SetOps
instanceKlass scala/collection/immutable/Set$
instanceKlass scala/collection/immutable/Map$
instanceKlass scala/collection/MapFactory
instanceKlass scala/util/Right$
instanceKlass scala/util/Left$
instanceKlass scala/util/Either$
instanceKlass scala/math/Ordering
instanceKlass scala/math/PartialOrdering
instanceKlass scala/math/Equiv
instanceKlass scala/math/Ordering$
instanceKlass scala/math/LowPriorityOrderingImplicits
instanceKlass scala/math/Ordered$
instanceKlass scala/math/Numeric$
instanceKlass scala/math/Integral$
instanceKlass scala/math/Fractional$
instanceKlass scala/math/Equiv$
instanceKlass scala/math/ScalaNumericConversions
instanceKlass scala/math/ScalaNumericAnyConversions
instanceKlass scala/math/Ordered
instanceKlass scala/math/BigInt$
instanceKlass java/math/MathContext
instanceKlass scala/math/BigDecimal$
instanceKlass scala/collection/immutable/Range$
instanceKlass scala/collection/mutable/StringBuilder$
instanceKlass scala/collection/immutable/LazyList$$$Lambda$2
instanceKlass java/lang/invoke/LambdaForm$BMH
instanceKlass java/lang/invoke/LambdaForm$MH
instanceKlass java/lang/invoke/LambdaForm$DMH
instanceKlass java/lang/invoke/LambdaForm$MH
instanceKlass java/lang/invoke/LambdaForm$MH
instanceKlass java/lang/invoke/BoundMethodHandle$SpeciesData$1
instanceKlass java/lang/invoke/InnerClassLambdaMetafactory$1
instanceKlass scala/collection/immutable/LazyList$$$Lambda$1
instanceKlass java/util/LinkedHashMap$LinkedHashIterator
instanceKlass java/lang/invoke/InfoFromMemberName
instanceKlass java/lang/invoke/MethodHandleInfo
instanceKlass sun/security/action/GetBooleanAction
instanceKlass sun/security/util/SecurityConstants
instanceKlass java/security/AccessController$1
instanceKlass java/lang/invoke/AbstractValidatingLambdaMetafactory
instanceKlass java/lang/invoke/LambdaForm$BMH
instanceKlass java/lang/invoke/LambdaForm$MH
instanceKlass java/lang/invoke/LambdaForm$BMH
instanceKlass java/lang/invoke/LambdaForm$BMH
instanceKlass java/lang/invoke/LambdaForm$DMH
instanceKlass scala/Function0
instanceKlass java/lang/invoke/LambdaForm$DMH
instanceKlass scala/collection/immutable/LazyList$State$Empty$
instanceKlass java/lang/invoke/LambdaForm$BMH
instanceKlass java/lang/invoke/LambdaForm$MH
instanceKlass java/lang/invoke/LambdaForm$DMH
instanceKlass java/lang/invoke/LambdaForm$DMH
instanceKlass java/lang/invoke/LambdaForm$BMH
instanceKlass java/lang/invoke/LambdaForm$BMH
instanceKlass java/lang/invoke/LambdaForm$MH
instanceKlass java/lang/invoke/LambdaFormBuffer
instanceKlass java/lang/invoke/LambdaFormEditor
instanceKlass java/lang/invoke/LambdaForm$BMH
instanceKlass java/lang/invoke/LambdaForm$DMH
instanceKlass java/lang/invoke/LambdaForm$DMH
instanceKlass java/lang/invoke/LambdaForm$DMH
instanceKlass java/lang/invoke/LambdaForm$DMH
instanceKlass java/lang/invoke/LambdaForm$MH
instanceKlass java/lang/invoke/LambdaForm$DMH
instanceKlass java/lang/invoke/LambdaForm$DMH
instanceKlass java/lang/invoke/LambdaForm$MH
instanceKlass java/lang/invoke/LambdaForm$DMH
instanceKlass java/lang/invoke/LambdaForm$DMH
instanceKlass java/lang/invoke/LambdaForm$MH
instanceKlass java/lang/invoke/LambdaForm$DMH
instanceKlass java/lang/invoke/LambdaForm$DMH
instanceKlass java/lang/invoke/LambdaForm$MH
instanceKlass java/lang/invoke/LambdaForm$DMH
instanceKlass java/lang/invoke/LambdaForm$DMH
instanceKlass java/lang/invoke/LambdaForm$MH
instanceKlass java/lang/invoke/LambdaForm$DMH
instanceKlass java/lang/invoke/LambdaForm$DMH
instanceKlass java/lang/invoke/LambdaForm$MH
instanceKlass java/lang/invoke/LambdaForm$DMH
instanceKlass java/lang/invoke/LambdaForm$DMH
instanceKlass java/lang/invoke/LambdaForm$MH
instanceKlass java/lang/invoke/LambdaForm$DMH
instanceKlass java/lang/invoke/LambdaForm$MH
instanceKlass java/lang/invoke/LambdaForm$DMH
instanceKlass java/lang/invoke/LambdaForm$MH
instanceKlass java/lang/invoke/LambdaForm$DMH
instanceKlass java/lang/invoke/LambdaForm$MH
instanceKlass java/lang/invoke/LambdaForm$DMH
instanceKlass java/lang/invoke/LambdaForm$DMH
instanceKlass java/lang/invoke/MethodHandleImpl$Lazy
instanceKlass java/lang/invoke/LambdaForm$BMH
instanceKlass java/lang/invoke/LambdaForm$MH
instanceKlass java/lang/invoke/LambdaForm$DMH
instanceKlass java/lang/invoke/LambdaForm$DMH
instanceKlass java/lang/invoke/LambdaForm$DMH
instanceKlass java/util/SubList$1
instanceKlass java/util/ListIterator
instanceKlass java/util/ArrayList$Itr
instanceKlass java/lang/invoke/LambdaForm$MH
instanceKlass java/lang/invoke/LambdaForm$MH
instanceKlass java/lang/invoke/LambdaForm$MH
instanceKlass java/lang/invoke/LambdaForm$MH
instanceKlass java/lang/invoke/LambdaForm$MH
instanceKlass java/lang/invoke/LambdaForm$MH
instanceKlass java/lang/invoke/LambdaForm$MH
instanceKlass java/lang/invoke/LambdaForm$MH
instanceKlass java/lang/invoke/LambdaForm$MH
instanceKlass java/lang/invoke/LambdaForm$MH
instanceKlass java/lang/invoke/LambdaForm$MH
instanceKlass java/lang/invoke/LambdaForm$MH
instanceKlass java/lang/invoke/InvokerBytecodeGenerator$CpPatch
instanceKlass java/lang/invoke/LambdaForm$DMH
instanceKlass java/lang/invoke/LambdaForm$DMH
instanceKlass java/lang/invoke/LambdaForm$DMH
instanceKlass java/lang/invoke/LambdaForm$DMH
instanceKlass java/lang/invoke/LambdaForm$DMH
instanceKlass java/lang/invoke/LambdaForm$DMH
instanceKlass java/util/HashMap$HashIterator
instanceKlass sun/invoke/empty/Empty
instanceKlass sun/invoke/util/VerifyType
instanceKlass java/lang/invoke/InvokerBytecodeGenerator$2
instanceKlass jdk/internal/org/objectweb/asm/AnnotationVisitor
instanceKlass jdk/internal/org/objectweb/asm/Frame
instanceKlass jdk/internal/org/objectweb/asm/Label
instanceKlass jdk/internal/org/objectweb/asm/Type
instanceKlass jdk/internal/org/objectweb/asm/MethodVisitor
instanceKlass jdk/internal/org/objectweb/asm/Item
instanceKlass jdk/internal/org/objectweb/asm/ByteVector
instanceKlass jdk/internal/org/objectweb/asm/ClassVisitor
instanceKlass java/lang/invoke/InvokerBytecodeGenerator
instanceKlass java/util/AbstractList$Itr
instanceKlass java/util/Collections$UnmodifiableCollection$1
instanceKlass java/lang/invoke/DirectMethodHandle$Lazy
instanceKlass sun/invoke/util/BytecodeDescriptor
instanceKlass java/lang/invoke/BoundMethodHandle$Factory
instanceKlass java/lang/invoke/BoundMethodHandle$SpeciesData
instanceKlass java/lang/invoke/LambdaForm$NamedFunction
instanceKlass java/lang/invoke/LambdaForm$Name
instanceKlass sun/invoke/util/ValueConversions
instanceKlass sun/invoke/util/VerifyAccess
instanceKlass java/lang/Long$LongCache
instanceKlass java/lang/Character$CharacterCache
instanceKlass java/lang/Short$ShortCache
instanceKlass java/lang/Byte$ByteCache
instanceKlass sun/invoke/util/Wrapper$Format
instanceKlass java/lang/invoke/MethodHandles
instanceKlass java/lang/invoke/Invokers
instanceKlass java/lang/invoke/MethodTypeForm
instanceKlass java/lang/invoke/MethodType$ConcurrentWeakInternSet
instanceKlass java/lang/invoke/MethodHandles$Lookup
instanceKlass java/lang/invoke/LambdaMetafactory
instanceKlass scala/collection/immutable/LazyList$State
instanceKlass scala/collection/immutable/LazyList$
instanceKlass scala/collection/immutable/Stream$
instanceKlass scala/collection/package$$colon$plus$
instanceKlass scala/collection/package$$plus$colon$
instanceKlass scala/collection/immutable/$colon$colon$
instanceKlass scala/collection/Iterator$
instanceKlass scala/collection/immutable/VectorStatics$
instanceKlass scala/collection/IndexedSeqView
instanceKlass scala/collection/AbstractIterator
instanceKlass scala/collection/immutable/IndexedSeq
instanceKlass scala/collection/immutable/IndexedSeqOps
instanceKlass scala/collection/IndexedSeq
instanceKlass scala/collection/IndexedSeqOps
instanceKlass scala/collection/immutable/Vector$
instanceKlass scala/collection/SeqFactory$Delegate
instanceKlass scala/collection/immutable/List$$anon$1
instanceKlass scala/collection/SeqView
instanceKlass scala/collection/WithFilter
instanceKlass scala/collection/immutable/Map
instanceKlass scala/collection/immutable/MapOps
instanceKlass scala/collection/Map
instanceKlass scala/collection/MapFactoryDefaults
instanceKlass scala/collection/MapOps
instanceKlass scala/collection/View
instanceKlass scala/collection/Factory
instanceKlass scala/collection/mutable/ArrayBuilder
instanceKlass scala/collection/mutable/ReusableBuilder
instanceKlass scala/collection/Iterator
instanceKlass scala/Tuple2
instanceKlass scala/Product2
instanceKlass scala/collection/mutable/Builder
instanceKlass scala/collection/mutable/Growable
instanceKlass scala/collection/mutable/Clearable
instanceKlass scala/collection/immutable/List$
instanceKlass scala/collection/StrictOptimizedSeqFactory
instanceKlass scala/collection/SeqFactory
instanceKlass scala/collection/IterableFactory$Delegate
instanceKlass scala/collection/IterableFactory
instanceKlass scala/package$$anon$1
instanceKlass scala/Specializable
instanceKlass scala/package$
instanceKlass scala/LowPriorityImplicits2
instanceKlass scala/Option
instanceKlass scala/Product
instanceKlass scala/collection/AbstractIterable
instanceKlass scala/collection/immutable/StrictOptimizedSeqOps
instanceKlass scala/collection/immutable/LinearSeq
instanceKlass scala/collection/immutable/Seq
instanceKlass scala/collection/immutable/Iterable
instanceKlass scala/collection/immutable/LinearSeqOps
instanceKlass scala/collection/immutable/SeqOps
instanceKlass scala/collection/LinearSeq
instanceKlass scala/collection/Seq
instanceKlass scala/collection/Iterable
instanceKlass scala/collection/IterableFactoryDefaults
instanceKlass scala/PartialFunction
instanceKlass scala/Function1
instanceKlass scala/collection/generic/DefaultSerializable
instanceKlass scala/collection/StrictOptimizedLinearSeqOps
instanceKlass scala/collection/StrictOptimizedSeqOps
instanceKlass scala/collection/StrictOptimizedIterableOps
instanceKlass scala/collection/LinearSeqOps
instanceKlass scala/collection/SeqOps
instanceKlass scala/collection/IterableOps
instanceKlass scala/collection/IterableOnceOps
instanceKlass scala/collection/IterableOnce
instanceKlass xsbt/boot/Boot$
instanceKlass java/lang/Void
instanceKlass java/lang/Class$MethodArray
instanceKlass sun/launcher/LauncherHelper$FXHelper
instanceKlass xsbt/boot/Boot
instanceKlass java/io/FilePermission$1
instanceKlass sun/net/www/MessageHeader
instanceKlass java/net/URLConnection
instanceKlass java/security/PermissionCollection
instanceKlass sun/nio/ByteBuffered
instanceKlass java/lang/Package
instanceKlass sun/misc/Resource
instanceKlass sun/misc/ExtensionDependency
instanceKlass sun/misc/JarIndex
instanceKlass sun/misc/FileURLMapper
instanceKlass sun/misc/URLClassPath$JarLoader$1
instanceKlass sun/nio/cs/ThreadLocalCoders$Cache
instanceKlass sun/nio/cs/ThreadLocalCoders
instanceKlass sun/misc/URLClassPath$Loader
instanceKlass sun/misc/URLClassPath$3
instanceKlass sun/net/util/URLUtil
instanceKlass java/net/URLClassLoader$1
instanceKlass sun/misc/ASCIICaseInsensitiveComparator
instanceKlass java/util/jar/Attributes$Name
instanceKlass java/util/jar/Attributes
instanceKlass java/util/jar/JarVerifier$3
instanceKlass java/security/CodeSigner
instanceKlass java/util/jar/JarVerifier
instanceKlass sun/misc/IOUtils
instanceKlass java/util/zip/ZStreamRef
instanceKlass java/util/zip/Inflater
instanceKlass java/util/zip/ZipEntry
instanceKlass sun/nio/ch/DirectBuffer
instanceKlass sun/misc/PerfCounter$CoreCounters
instanceKlass sun/misc/Perf
instanceKlass sun/misc/Perf$GetPerfAction
instanceKlass sun/misc/PerfCounter
instanceKlass java/util/zip/ZipCoder
instanceKlass java/util/Deque
instanceKlass java/util/Queue
instanceKlass java/nio/charset/StandardCharsets
instanceKlass java/util/jar/JavaUtilJarAccessImpl
instanceKlass sun/misc/JavaUtilJarAccess
instanceKlass java/util/zip/ZipFile$1
instanceKlass sun/misc/JavaUtilZipFileAccess
instanceKlass java/util/zip/ZipFile
instanceKlass java/util/zip/ZipConstants
instanceKlass java/lang/StringCoding$StringDecoder
instanceKlass java/io/FileOutputStream$1
instanceKlass java/lang/StringCoding$StringEncoder
instanceKlass java/lang/ThreadLocal$ThreadLocalMap
instanceKlass java/lang/StringCoding
instanceKlass sun/usagetracker/UsageTrackerClient$3
instanceKlass sun/usagetracker/UsageTrackerClient$2
instanceKlass sun/usagetracker/UsageTrackerClient$4
instanceKlass sun/usagetracker/UsageTrackerClient$1
instanceKlass java/util/concurrent/atomic/AtomicBoolean
instanceKlass sun/usagetracker/UsageTrackerClient
instanceKlass sun/misc/PostVMInitHook$1
instanceKlass jdk/internal/util/EnvUtils
instanceKlass sun/misc/PostVMInitHook$2
instanceKlass sun/misc/PostVMInitHook
instanceKlass java/lang/invoke/MethodHandleStatics$1
instanceKlass java/lang/invoke/MethodHandleStatics
instanceKlass java/lang/invoke/MemberName$Factory
instanceKlass java/lang/ClassValue$Version
instanceKlass java/lang/ClassValue$Identity
instanceKlass java/lang/ClassValue
instanceKlass java/lang/invoke/MethodHandleImpl$3
instanceKlass java/lang/invoke/MethodHandleImpl$2
instanceKlass java/util/function/Function
instanceKlass java/lang/invoke/MethodHandleImpl$1
instanceKlass java/lang/invoke/MethodHandleImpl
instanceKlass java/lang/SystemClassLoaderAction
instanceKlass sun/misc/Launcher$AppClassLoader$1
instanceKlass sun/misc/URLClassPath
instanceKlass java/security/Principal
instanceKlass java/security/ProtectionDomain$Key
instanceKlass java/security/ProtectionDomain$2
instanceKlass sun/misc/JavaSecurityProtectionDomainAccess
instanceKlass java/security/ProtectionDomain$JavaSecurityAccessImpl
instanceKlass sun/misc/JavaSecurityAccess
instanceKlass java/net/URLStreamHandler
instanceKlass java/net/Parts
instanceKlass java/util/BitSet
instanceKlass sun/net/www/ParseUtil
instanceKlass java/io/FileInputStream$1
instanceKlass java/lang/CharacterData
instanceKlass sun/util/locale/LocaleUtils
instanceKlass java/util/Locale$LocaleKey
instanceKlass sun/util/locale/BaseLocale$Key
instanceKlass sun/util/locale/BaseLocale
instanceKlass java/util/concurrent/ConcurrentHashMap$CollectionView
instanceKlass java/util/concurrent/ConcurrentHashMap$CounterCell
instanceKlass java/util/concurrent/ConcurrentHashMap$Node
instanceKlass java/util/concurrent/locks/ReentrantLock
instanceKlass java/util/concurrent/locks/Lock
instanceKlass java/util/concurrent/ConcurrentMap
instanceKlass sun/util/locale/LocaleObjectCache
instanceKlass java/util/Locale
instanceKlass java/lang/reflect/Array
instanceKlass java/nio/charset/CoderResult$Cache
instanceKlass java/nio/charset/CoderResult
instanceKlass java/nio/charset/CharsetDecoder
instanceKlass sun/nio/cs/ArrayDecoder
instanceKlass java/io/Reader
instanceKlass java/lang/Readable
instanceKlass sun/misc/MetaIndex
instanceKlass java/util/StringTokenizer
instanceKlass sun/misc/Launcher$ExtClassLoader$1
instanceKlass java/net/URLClassLoader$7
instanceKlass sun/misc/JavaNetAccess
instanceKlass java/lang/ClassLoader$ParallelLoaders
instanceKlass sun/security/util/Debug
instanceKlass sun/misc/Launcher$Factory
instanceKlass java/net/URLStreamHandlerFactory
instanceKlass java/lang/Compiler$1
instanceKlass java/lang/Compiler
instanceKlass java/lang/System$2
instanceKlass sun/misc/JavaLangAccess
instanceKlass sun/io/Win32ErrorMode
instanceKlass sun/misc/OSEnvironment
instanceKlass java/lang/Integer$IntegerCache
instanceKlass sun/misc/NativeSignalHandler
instanceKlass sun/misc/Signal
instanceKlass java/lang/Terminator$1
instanceKlass sun/misc/SignalHandler
instanceKlass java/lang/Terminator
instanceKlass java/lang/ClassLoader$NativeLibrary
instanceKlass java/io/ExpiringCache$Entry
instanceKlass java/lang/ClassLoader$3
instanceKlass java/nio/file/Path
instanceKlass java/nio/file/Watchable
instanceKlass java/lang/Enum
instanceKlass java/io/ExpiringCache
instanceKlass java/io/FileSystem
instanceKlass java/io/DefaultFileSystem
instanceKlass sun/security/action/GetPropertyAction
instanceKlass java/nio/Bits$1
instanceKlass sun/misc/JavaNioAccess
instanceKlass java/nio/ByteOrder
instanceKlass java/nio/Bits
instanceKlass java/nio/charset/CodingErrorAction
instanceKlass java/nio/charset/CharsetEncoder
instanceKlass sun/nio/cs/ArrayEncoder
instanceKlass java/io/Writer
instanceKlass sun/reflect/ReflectionFactory$1
instanceKlass java/lang/Class$1
instanceKlass sun/nio/cs/SingleByte
instanceKlass sun/nio/cs/HistoricallyNamedCharset
instanceKlass java/lang/ThreadLocal
instanceKlass java/nio/charset/spi/CharsetProvider
instanceKlass java/nio/charset/Charset
instanceKlass java/util/Arrays
instanceKlass sun/reflect/misc/ReflectUtil
instanceKlass java/lang/reflect/ReflectAccess
instanceKlass sun/reflect/LangReflectAccess
instanceKlass java/lang/reflect/Modifier
instanceKlass sun/reflect/annotation/AnnotationType
instanceKlass java/lang/Class$AnnotationData
instanceKlass sun/reflect/generics/repository/AbstractRepository
instanceKlass java/lang/Class$Atomic
instanceKlass java/lang/Class$ReflectionData
instanceKlass java/lang/Class$3
instanceKlass java/util/concurrent/atomic/AtomicReferenceFieldUpdater$AtomicReferenceFieldUpdaterImpl$1
instanceKlass java/security/PrivilegedExceptionAction
instanceKlass java/util/concurrent/atomic/AtomicReferenceFieldUpdater
instanceKlass java/io/OutputStream
instanceKlass java/io/Flushable
instanceKlass java/io/FileDescriptor$1
instanceKlass sun/misc/JavaIOFileDescriptorAccess
instanceKlass java/io/FileDescriptor
instanceKlass sun/misc/Version
instanceKlass java/lang/Runtime
instanceKlass java/util/Hashtable$Enumerator
instanceKlass java/util/Iterator
instanceKlass java/util/Enumeration
instanceKlass java/util/Objects
instanceKlass java/util/Collections$SynchronizedCollection
instanceKlass java/lang/Math
instanceKlass java/util/Hashtable$Entry
instanceKlass sun/misc/VM
instanceKlass java/util/HashMap$Node
instanceKlass java/util/Map$Entry
instanceKlass sun/reflect/Reflection
instanceKlass sun/misc/SharedSecrets
instanceKlass java/lang/ref/Reference$1
instanceKlass sun/misc/JavaLangRefAccess
instanceKlass java/lang/ref/ReferenceQueue$Lock
instanceKlass java/util/Collections$UnmodifiableCollection
instanceKlass java/util/AbstractMap
instanceKlass java/util/Set
instanceKlass java/util/Collections
instanceKlass java/lang/ref/Reference$Lock
instanceKlass sun/reflect/ReflectionFactory
instanceKlass java/util/AbstractCollection
instanceKlass java/util/RandomAccess
instanceKlass java/util/List
instanceKlass java/util/Collection
instanceKlass java/lang/Iterable
instanceKlass java/security/cert/Certificate
instanceKlass sun/reflect/ReflectionFactory$GetReflectionFactoryAction
instanceKlass java/security/PrivilegedAction
instanceKlass java/security/AccessController
instanceKlass java/security/Permission
instanceKlass java/security/Guard
instanceKlass java/lang/String$CaseInsensitiveComparator
instanceKlass java/util/Comparator
instanceKlass java/io/ObjectStreamField
instanceKlass java/lang/Number
instanceKlass java/lang/Character
instanceKlass java/lang/Boolean
instanceKlass java/nio/Buffer
instanceKlass java/lang/StackTraceElement
instanceKlass java/security/CodeSource
instanceKlass sun/misc/Launcher
instanceKlass java/util/jar/Manifest
instanceKlass java/net/URL
instanceKlass java/io/File
instanceKlass java/io/InputStream
instanceKlass java/io/Closeable
instanceKlass java/lang/AutoCloseable
instanceKlass sun/misc/Unsafe
instanceKlass java/lang/AbstractStringBuilder
instanceKlass java/lang/Appendable
instanceKlass java/lang/invoke/CallSite
instanceKlass java/lang/invoke/MethodType
instanceKlass java/lang/invoke/LambdaForm
instanceKlass java/lang/invoke/MethodHandleNatives
instanceKlass java/lang/invoke/MemberName
instanceKlass java/lang/invoke/MethodHandle
instanceKlass sun/reflect/CallerSensitive
instanceKlass java/lang/annotation/Annotation
instanceKlass sun/reflect/FieldAccessor
instanceKlass sun/reflect/ConstantPool
instanceKlass sun/reflect/ConstructorAccessor
instanceKlass sun/reflect/MethodAccessor
instanceKlass sun/reflect/MagicAccessorImpl
instanceKlass java/lang/reflect/Parameter
instanceKlass java/lang/reflect/Member
instanceKlass java/lang/reflect/AccessibleObject
instanceKlass java/util/Dictionary
instanceKlass java/util/Map
instanceKlass java/lang/ThreadGroup
instanceKlass java/lang/Thread$UncaughtExceptionHandler
instanceKlass java/lang/Thread
instanceKlass java/lang/Runnable
instanceKlass java/lang/ref/ReferenceQueue
instanceKlass java/lang/ref/Reference
instanceKlass java/security/AccessControlContext
instanceKlass java/security/ProtectionDomain
instanceKlass java/lang/SecurityManager
instanceKlass java/lang/Throwable
instanceKlass java/lang/System
instanceKlass java/lang/ClassLoader
instanceKlass java/lang/Cloneable
instanceKlass java/lang/Class
instanceKlass java/lang/reflect/Type
instanceKlass java/lang/reflect/GenericDeclaration
instanceKlass java/lang/reflect/AnnotatedElement
instanceKlass java/lang/String
instanceKlass java/lang/CharSequence
instanceKlass java/lang/Comparable
instanceKlass java/io/Serializable
ciInstanceKlass java/lang/Object 1 1 78 3 8 8 8 1 1 1 1 1 1 1 1 1 1 1 1 1 1 1 1 1 1 1 1 1 1 1 1 1 1 1 1 1 1 1 1 1 1 1 1 1 1 1 1 1 7 100 100 7 7 7 7 100 1 1 1 12 12 12 12 12 12 12 12 12 12 10 10 10 10 10 10 10 10 10 10 1
ciInstanceKlass java/io/Serializable 1 0 7 1 1 1 100 100 1
ciInstanceKlass java/lang/String 1 1 540 3 3 3 3 8 8 8 8 8 8 8 8 8 8 1 1 1 1 1 1 1 1 1 1 1 1 1 1 1 1 1 1 1 1 1 1 1 1 1 1 1 1 1 1 1 1 1 1 1 1 1 1 1 1 1 1 1 1 1 1 1 1 1 1 1 1 1 1 1 1 1 1 1 1 1 1 1 1 1 1 1 1 1 1 1 1 1 1 1 1 1 1 1 1 1 1 1 1 1 1 1 1 1 1 1 1 1 1 1 1 1 1 1 1 1 1 1 1 1 1 1 1 1 1 1 1 1 1 1 1 1 1 1 1 1 1 1 1 1 1 1 1 1 1 1 1 1 1 1 1 1 1 1 1 1 1 1 1 1 1 1 1 1 1 1 1 1 1 1 1 1 1 1 1 1 1 1 1 1 1 1 1 1 1 1 1 1 1 1 1 1 1 1 1 1 1 1 1 1 1 1 1 1 1 1 1 1 1 1 1 1 1 1 5 0 100 100 100 100 7 7 100 100 100 7 7 100 100 7 100 100 100 100 100 100 7 100 7 7 100 7 100 100 7 100 7 100 100 7 7 7 7 100 7 7 100 100 7 7 1 1 1 1 1 1 1 1 1 1 1 1 1 1 1 1 1 1 1 1 1 1 1 1 1 1 1 1 1 1 1 1 1 1 1 1 1 1 1 1 1 1 1 1 1 1 1 1 1 1 1 1 1 1 1 1 1 1 1 1 1 12 12 12 12 12 12 12 12 12 12 12 12 12 12 12 12 12 12 12 12 12 12 12 12 12 12 12 12 12 12 12 12 12 12 12 12 12 12 12 12 12 12 12 12 12 12 12 12 12 12 12 12 12 12 12 12 12 12 12 12 12 12 12 12 12 12 12 12 12 12 12 12 12 12 12 12 12 12 12 12 12 12 12 12 12 12 12 12 12 12 12 12 12 12 12 12 12 12 12 12 12 9 9 9 9 10 10 10 10 10 10 10 10 10 10 10 10 10 10 10 10 10 10 10 10 10 10 10 10 10 10 10 10 10 10 10 10 10 10 10 10 10 10 10 10 10 10 10 10 10 10 10 10 10 10 10 10 10 10 10 10 10 10 10 10 10 10 10 10 10 10 10 10 10 10 10 10 10 10 10 10 10 10 10 10 10 10 10 10 10 10 10 10 10 10 10 10 10 10 10 10 10 10 10 10 10 10 10 10 11 11 11 11 11 11 11 11 1 1
staticfield java/lang/String serialPersistentFields [Ljava/io/ObjectStreamField; 0 [Ljava/io/ObjectStreamField;
staticfield java/lang/String CASE_INSENSITIVE_ORDER Ljava/util/Comparator; java/lang/String$CaseInsensitiveComparator
ciInstanceKlass java/lang/Class 1 1 1190 8 8 8 8 8 8 8 8 8 8 8 8 8 8 8 8 8 8 7 1 1 1 1 1 1 1 1 1 1 1 1 1 1 1 1 1 1 1 1 1 1 1 1 1 1 1 1 1 1 1 1 1 1 1 1 1 1 1 1 1 1 1 1 1 1 1 1 1 1 1 1 1 1 1 1 1 1 1 1 1 1 1 1 1 1 1 1 1 1 1 1 1 1 1 1 1 1 1 1 1 1 1 1 1 1 1 1 1 1 1 1 1 1 1 1 1 1 1 1 1 1 1 1 1 1 1 1 1 1 1 1 1 1 1 1 1 1 1 1 1 1 1 1 1 1 1 1 1 1 1 1 1 1 1 1 1 1 1 1 1 1 1 1 1 1 1 1 1 1 1 1 1 1 1 1 1 1 1 1 1 1 1 1 1 1 1 1 1 1 1 1 1 1 1 1 1 1 1 1 1 1 1 1 1 1 1 1 1 1 1 1 1 1 1 1 1 1 1 1 1 1 1 1 1 1 1 1 1 1 1 1 1 1 1 1 1 1 1 1 1 1 1 1 1 1 1 1 1 1 1 1 1 1 1 1 1 1 1 1 1 1 1 1 1 1 1 1 1 1 1 1 1 1 1 1 1 1 1 1 1 1 1 1 1 1 1 1 1 1 1 1 1 1 1 1 1 1 1 1 1 1 1 1 1 1 1 1 1 1 1 1 1 1 1 1 1 1 1 1 1 1 1 1 1 1 1 1 1 1 1 1 1 1 1 1 1 1 1 1 1 1 1 1 1 1 1 1 1 1 1 1 1 1 1 1 1 1 1 1 1 1 1 1 1 1 1 1 1 1 1 1 1 1 1 1 1 1 1 1 1 1 1 1 1 1 1 1 1 1 1 1 1 1 1 1 1 1 1 1 1 1 1 1 1 1 1 1 1 1 1 1 1 1 1 1 1 1 1 1 1 1 3 3 3 5 0 8 8 8 8 8 7 7 7 100 100 100 7 7 100 7 100 7 7 7 7 100 7 7 100 7 100 100 100 7 100 100 100 100 100 100 7 7 7 7 100 100 100 7 7 7 100 100 7 7 100 100 7 7 100 100 100 7 7 100 100 100 7 7 7 100 100 7 100 7 100 100 7 7 7 7 100 100 7 7 7 7 100 7 100 7 7 100 100 7 100 7 1 1 1 1 1 1 1 1 1 1 1 1 1 1 1 1 1 1 1 1 1 1 1 1 1 1 1 1 1 1 1 1 1 1 1 1 1 1 1 1 1 1 1 1 1 1 1 1 1 1 1 1 1 1 1 1 1 1 1 1 1 1 1 1 1 1 1 1 1 1 1 1 1 1 1 1 1 1 1 1 1 1 1 1 1 1 1 1 1 1 1 1 1 1 1 1 1 1 1 1 1 1 1 1 1 1 1 1 1 1 1 1 1 1 1 1 1 1 1 1 1 1 1 1 1 1 1 1 1 1 1 1 1 1 1 1 1 1 1 1 1 1 1 1 1 1 1 1 1 1 1 1 1 1 1 1 1 1 1 1 1 1 1 1 1 1 1 12 12 12 12 12 12 12 12 12 12 12 12 12 12 12 12 12 12 12 12 12 12 12 12 12 12 12 12 12 12 12 12 12 12 12 12 12 12 12 12 12 12 12 12 12 12 12 12 12 12 12 12 12 12 12 12 12 12 12 12 12 12 12 12 12 12 12 12 12 12 12 12 12 12 12 12 12 12 12 12 12 12 12 12 12 12 12 12 12 12 12 12 12 12 12 12 12 12 12 12 12 12 12 12 12 12 12 12 12 12 12 12 12 12 12 12 12 12 12 12 12 12 12 12 12 12 12 12 12 12 12 12 12 12 12 12 12 12 12 12 12 12 12 12 12 12 12 12 12 12 12 12 12 12 12 12 12 12 12 12 12 12 12 12 12 12 12 12 12 12 12 12 12 12 12 12 12 12 12 12 12 12 12 12 12 12 12 12 12 12 12 12 12 12 12 12 12 12 12 12 12 12 12 12 12 12 12 12 12 12 12 12 12 12 12 12 12 12 12 12 12 12 12 12 12 12 12 12 12 12 12 12 9 9 9 9 9 9 9 9 9 9 9 9 9 9 9 9 9 9 9 9 9 9 9 9 9 9 9 9 9 9 9 9 9 9 9 9 9 10 10 10 10 10 10 10 10 10 10 10 10 10 10 10 10 10 10 10 10 10 10 10 10 10 10 10 10 10 10 10 10 10 10 10 10 10 10 10 10 10 10 10 10 10 10 10 10 10 10 10 10 10 10 10 10 10 10 10 10 10 10 10 10 10 10 10 10 10 10 10 10 10 10 10 10 10 10 10 10 10 10 10 10 10 10 10 10 10 10 10 10 10 10 10 10 10 10 10 10 10 10 10 10 10 10 10 10 10 10 10 10 10 10 10 10 10 10 10 10 10 10 10 10 10 10 10 10 10 10 10 10 10 10 10 10 10 10 10 10 10 10 10 10 10 10 10 10 10 10 10 10 10 10 10 10 10 10 10 10 10 10 10 10 10 10 10 10 10 10 10 10 10 10 10 10 10 10 10 10 10 10 10 10 10 10 10 10 10 10 10 10 10 10 10 10 10 10 10 10 10 10 10 10 10 10 10 10 10 10 11 11 11 11 11 11 11 11 11 11 11 11 11 11 11 11 11 11 1 1 1 1 1 1 1 1
staticfield java/lang/Class serialPersistentFields [Ljava/io/ObjectStreamField; 0 [Ljava/io/ObjectStreamField;
ciInstanceKlass java/lang/Cloneable 1 0 7 1 1 1 100 100 1
instanceKlass scala/reflect/internal/util/AbstractFileClassLoader
instanceKlass sbt/internal/inc/classpath/ClasspathFilter
instanceKlass sbt/internal/inc/classpath/DualLoader
instanceKlass sbt/Defaults$$anon$3
instanceKlass sbt/internal/MetaBuildLoader$1
instanceKlass java/util/ResourceBundle$RBClassLoader
instanceKlass xsbt/boot/BootFilteredLoader
instanceKlass sun/reflect/DelegatingClassLoader
instanceKlass java/security/SecureClassLoader
ciInstanceKlass java/lang/ClassLoader 1 1 842 8 8 8 8 8 8 8 8 8 8 8 8 8 8 8 8 8 8 7 1 1 1 1 1 1 1 1 1 1 1 1 1 1 1 1 1 1 1 1 1 1 1 1 1 1 1 1 1 1 1 1 1 1 1 1 1 1 1 1 1 1 1 1 1 1 1 1 1 1 1 1 1 1 1 1 1 1 1 1 1 1 1 1 1 1 1 1 1 1 1 1 1 1 1 1 1 1 1 1 1 1 1 1 1 1 1 1 1 1 1 1 1 1 1 1 1 1 1 1 1 1 1 1 1 1 1 1 1 1 1 1 1 1 1 1 1 1 1 1 1 1 1 1 1 1 1 1 1 1 1 1 1 1 1 1 1 1 1 1 1 1 1 1 1 1 1 1 1 1 1 1 1 1 1 1 1 1 1 1 1 1 1 1 1 1 1 1 1 1 1 1 1 1 1 1 1 1 1 1 1 1 1 1 1 1 1 1 1 1 1 1 1 1 1 1 1 1 1 1 1 1 1 1 1 1 1 1 1 1 1 1 1 1 1 1 1 1 1 1 1 1 1 1 1 1 1 1 1 1 1 1 1 1 1 1 1 1 1 1 1 1 1 1 1 1 1 1 1 1 1 1 1 1 1 1 1 1 1 1 1 1 1 1 1 1 1 1 1 1 1 1 1 1 1 1 1 1 1 100 100 100 7 7 7 7 100 100 100 7 100 100 7 7 7 7 7 7 100 100 100 100 7 7 100 100 7 7 7 7 100 7 100 100 7 100 100 7 7 100 7 7 100 7 7 7 7 7 7 7 7 7 7 7 7 7 100 7 7 7 100 100 1 1 1 1 1 1 1 1 1 1 1 1 1 1 1 1 1 1 1 1 1 1 1 1 1 1 1 1 1 1 1 1 1 1 1 1 1 1 1 1 1 1 1 1 1 1 1 1 1 1 1 1 1 1 1 1 1 1 1 1 1 1 1 1 1 1 1 1 1 1 1 1 1 1 1 1 1 1 1 1 1 1 1 1 1 1 1 1 1 1 1 1 1 1 1 1 1 1 1 1 1 1 1 1 1 1 1 1 1 1 1 1 1 1 12 12 12 12 12 12 12 12 12 12 12 12 12 12 12 12 12 12 12 12 12 12 12 12 12 12 12 12 12 12 12 12 12 12 12 12 12 12 12 12 12 12 12 12 12 12 12 12 12 12 12 12 12 12 12 12 12 12 12 12 12 12 12 12 12 12 12 12 12 12 12 12 12 12 12 12 12 12 12 12 12 12 12 12 12 12 12 12 12 12 12 12 12 12 12 12 12 12 12 12 12 12 12 12 12 12 12 12 12 12 12 12 12 12 12 12 12 12 12 12 12 12 12 12 12 12 12 12 12 12 12 12 12 12 12 12 12 12 12 12 12 12 12 12 12 12 12 12 12 12 12 12 12 12 12 12 12 12 12 12 12 12 12 12 12 12 12 12 12 9 9 9 9 9 9 9 9 9 9 9 9 9 9 9 9 9 9 9 9 9 9 9 9 9 9 9 9 9 10 10 10 10 10 10 10 10 10 10 10 10 10 10 10 10 10 10 10 10 10 10 10 10 10 10 10 10 10 10 10 10 10 10 10 10 10 10 10 10 10 10 10 10 10 10 10 10 10 10 10 10 10 10 10 10 10 10 10 10 10 10 10 10 10 10 10 10 10 10 10 10 10 10 10 10 10 10 10 10 10 10 10 10 10 10 10 10 10 10 10 10 10 10 10 10 10 10 10 10 10 10 10 10 10 10 10 10 10 10 10 10 10 10 10 10 10 10 10 10 10 10 10 10 10 10 10 10 10 10 10 10 10 10 10 10 10 10 10 10 10 10 10 10 10 10 10 10 10 10 10 10 10 10 10 10 10 10 10 10 11 11 11 11 11 11 1 1
staticfield java/lang/ClassLoader nocerts [Ljava/security/cert/Certificate; 0 [Ljava/security/cert/Certificate;
ciInstanceKlass java/lang/System 1 1 369 8 8 8 8 8 8 8 8 8 8 8 8 8 7 1 1 1 1 1 1 1 1 1 1 1 1 1 1 1 1 1 1 1 1 1 1 1 1 1 1 1 1 1 1 1 1 1 1 1 1 1 1 1 1 1 1 1 1 1 1 1 1 1 1 1 1 1 1 1 1 1 1 1 1 1 1 1 1 1 1 1 1 1 1 1 1 1 1 1 1 1 1 1 1 1 1 1 1 1 1 1 1 1 1 1 1 1 1 1 1 1 1 1 1 1 1 1 1 1 1 1 1 1 1 1 1 1 1 1 1 1 1 1 1 1 1 1 1 1 1 1 1 1 1 1 1 1 1 1 1 1 7 7 7 7 7 100 7 100 100 100 100 100 100 7 7 100 100 7 100 100 7 7 7 7 100 100 100 7 100 7 7 7 7 7 1 1 1 1 1 1 1 1 1 1 1 1 1 1 1 1 1 1 1 1 1 1 1 1 1 1 1 1 1 1 1 1 1 1 1 1 1 1 1 1 12 12 12 12 12 12 12 12 12 12 12 12 12 12 12 12 12 12 12 12 12 12 12 12 12 12 12 12 12 12 12 12 12 12 12 12 12 12 12 12 12 12 12 12 12 12 12 12 12 12 12 12 12 12 12 12 12 12 12 12 12 12 12 12 12 12 12 12 9 9 9 9 9 9 9 9 9 9 10 10 10 10 10 10 10 10 10 10 10 10 10 10 10 10 10 10 10 10 10 10 10 10 10 10 10 10 10 10 10 10 10 10 10 10 10 10 10 10 10 10 10 10 10 10 10 10 10 10 10 10 10 10 10 10 10 10 10 10 10 10 10 11 1
staticfield java/lang/System in Ljava/io/InputStream; sbt/internal/util/Terminal$proxyInputStream$
staticfield java/lang/System out Ljava/io/PrintStream; sbt/internal/util/Terminal$$anon$3
staticfield java/lang/System err Ljava/io/PrintStream; sbt/internal/util/Terminal$proxyErrorStream$
instanceKlass scala/reflect/internal/Types$MissingTypeControl
instanceKlass scala/reflect/macros/runtime/AbortMacroException
instanceKlass scala/tools/nsc/backend/jvm/BackendReporting$Invalid
instanceKlass lmcoursier/internal/shaded/coursier/util/Task$WrappedException
instanceKlass scala/tools/nsc/transform/SpecializeTypes$UnifyError$
instanceKlass sbt/MainLoop$Cancelled$1$
instanceKlass sbt/internal/server/LangServerError
instanceKlass scala/tools/nsc/typechecker/Infer$NoInstance
instanceKlass scala/reflect/internal/Types$MissingAliasControl
instanceKlass scala/reflect/internal/Types$TypeError
instanceKlass scala/reflect/internal/Types$NoCommonType
instanceKlass scala/tools/util/SystemExit
instanceKlass sjsonnew/PersistedException
instanceKlass scala/util/control/BreakControl
instanceKlass scala/runtime/Nothing$
instanceKlass scala/runtime/NonLocalReturnControl
instanceKlass scala/runtime/Nothing$
instanceKlass java/lang/Exception
instanceKlass java/lang/Error
ciInstanceKlass java/lang/Throwable 1 1 327 8 8 8 8 8 8 8 8 8 8 8 8 8 8 8 8 8 7 1 1 1 1 1 1 1 1 1 1 1 1 1 1 1 1 1 1 1 1 1 1 1 1 1 1 1 1 1 1 1 1 1 1 1 1 1 1 1 1 1 1 1 1 1 1 1 1 1 1 1 1 1 1 1 1 1 1 1 1 1 1 1 1 1 1 1 1 1 1 1 1 1 1 1 1 1 1 1 1 1 1 1 1 1 1 1 1 1 1 1 1 1 1 1 1 1 1 1 1 1 1 1 1 1 1 1 1 1 1 1 1 1 1 1 1 1 1 1 1 1 1 1 1 1 1 1 1 5 0 100 100 100 100 100 100 100 7 100 100 100 100 7 7 100 7 100 100 100 100 100 100 100 7 7 100 100 100 100 100 1 1 1 1 1 1 1 1 1 1 1 1 1 1 1 1 1 1 1 1 1 1 1 1 1 1 1 1 12 12 12 12 12 12 12 12 12 12 12 12 12 12 12 12 12 12 12 12 12 12 12 12 12 12 12 12 12 12 12 12 12 12 12 12 12 12 12 12 12 12 12 12 12 12 12 12 12 12 12 12 12 12 9 9 9 9 9 9 9 9 9 9 9 9 10 10 10 10 10 10 10 10 10 10 10 10 10 10 10 10 10 10 10 10 10 10 10 10 10 10 10 10 10 10 10 10 10 10 10 10 10 10 10 10 10 11 11 11 11 11 11 11 11 1 1 1 1 1
staticfield java/lang/Throwable UNASSIGNED_STACK [Ljava/lang/StackTraceElement; 0 [Ljava/lang/StackTraceElement;
staticfield java/lang/Throwable SUPPRESSED_SENTINEL Ljava/util/List; java/util/Collections$UnmodifiableRandomAccessList
staticfield java/lang/Throwable EMPTY_THROWABLE_ARRAY [Ljava/lang/Throwable; 0 [Ljava/lang/Throwable;
staticfield java/lang/Throwable $assertionsDisabled Z 1
instanceKlass java/io/IOError
instanceKlass scala/NotImplementedError
instanceKlass java/lang/AssertionError
instanceKlass java/lang/VirtualMachineError
instanceKlass java/lang/LinkageError
instanceKlass java/lang/ThreadDeath
ciInstanceKlass java/lang/Error 1 1 30 1 1 1 1 1 1 1 1 1 1 1 1 5 0 100 7 1 1 12 12 12 12 12 10 10 10 10 10 1
ciInstanceKlass java/lang/ThreadDeath 0 0 18 1 1 1 1 1 1 1 1 1 1 5 0 100 100 12 10 1
instanceKlass java/awt/datatransfer/UnsupportedFlavorException
instanceKlass scala/reflect/macros/ParseException
instanceKlass scala/reflect/macros/TypecheckException
instanceKlass scala/reflect/macros/Enclosures$EnclosureException
instanceKlass scala/tools/nsc/ast/parser/Scanners$MalformedInput
instanceKlass javax/xml/parsers/ParserConfigurationException
instanceKlass java/security/GeneralSecurityException
instanceKlass java/lang/CloneNotSupportedException
instanceKlass java/util/zip/DataFormatException
instanceKlass lmcoursier/internal/shaded/coursier/cache/ArtifactError
instanceKlass lmcoursier/internal/shaded/coursier/paths/Mirror$MirrorPropertiesException
instanceKlass lmcoursier/internal/shaded/coursier/error/CoursierError
instanceKlass lmcoursier/internal/shaded/scala/cli/config/ConfigDb$ConfigDbFormatError
instanceKlass sjsonnew/shaded/org/typelevel/jawn/ParseException
instanceKlass sjsonnew/shaded/org/typelevel/jawn/IncompleteParseException
instanceKlass java/util/concurrent/ExecutionException
instanceKlass java/text/ParseException
instanceKlass sbt/internal/util/Dag$Cyclic
instanceKlass sbt/internal/IncompatiblePluginsException
instanceKlass scala/tools/nsc/plugins/PluginLoadException
instanceKlass scala/tools/nsc/transform/Erasure$UnknownSig
instanceKlass sun/nio/fs/WindowsException
instanceKlass scala/ScalaReflectionException
instanceKlass java/util/concurrent/TimeoutException
instanceKlass org/xml/sax/SAXException
instanceKlass scala/tools/nsc/ast/DocComments$ExpansionLimitExceeded
instanceKlass scala/reflect/internal/Positions$ValidateException
instanceKlass sbt/Incomplete
instanceKlass sbt/internal/util/Init$Uninitialized
instanceKlass scala/reflect/internal/FatalError
instanceKlass sbt/internal/ServerAlreadyBootingException
instanceKlass java/security/PrivilegedActionException
instanceKlass java/net/URISyntaxException
instanceKlass java/io/IOException
instanceKlass java/lang/InterruptedException
instanceKlass java/lang/ReflectiveOperationException
instanceKlass java/lang/RuntimeException
ciInstanceKlass java/lang/Exception 1 1 30 1 1 1 1 1 1 1 1 1 1 1 1 5 0 100 7 1 1 12 12 12 12 12 10 10 10 10 10 1
instanceKlass jline/console/UserInterruptException
instanceKlass com/swoval/functional/Either$NotLeftException
instanceKlass com/swoval/functional/Either$NotRightException
instanceKlass scala/tools/asm/tree/UnsupportedClassVersionException
instanceKlass org/apache/ivy/plugins/resolver/BasicResolver$UnresolvedDependencyException
instanceKlass org/apache/ivy/plugins/circular/CircularDependencyException
instanceKlass org/apache/ivy/core/resolve/ResolveProcessException
instanceKlass org/apache/ivy/plugins/conflict/LatestConflictManager$NoConflictResolvedYetException
instanceKlass xsbti/CompileCancelled
instanceKlass lmcoursier/internal/shaded/com/github/plokhotnyuk/jsoniter_scala/core/JsonReaderException
instanceKlass sjsonnew/SerializationException
instanceKlass sjsonnew/DeserializationException
instanceKlass sbt/internal/io/TranslatedException
instanceKlass com/sun/tools/javac/util/ClientCodeException
instanceKlass sbt/internal/inc/MissingScalaJar
instanceKlass sbt/internal/inc/InvalidComponent
instanceKlass sbt/internal/inc/InvalidScalaInstance
instanceKlass sbt/internal/inc/InvalidScalaProvider
instanceKlass sbt/AutoPluginException
instanceKlass java/nio/BufferUnderflowException
instanceKlass sbt/internal/util/TranslatedException
instanceKlass sbt/internal/protocol/JsonRpcResponseError
instanceKlass sbt/compiler/EvalException
instanceKlass sbt/RebootCurrent
instanceKlass sbt/TestsFailedException
instanceKlass java/util/concurrent/RejectedExecutionException
instanceKlass sbt/librarymanagement/ResolveException
instanceKlass com/sun/jna/LastErrorException
instanceKlass java/lang/TypeNotPresentException
instanceKlass java/lang/reflect/UndeclaredThrowableException
instanceKlass sbt/internal/util/Init$InvalidReference
instanceKlass sbt/internal/util/Init$RuntimeUndefined
instanceKlass sbt/internal/util/MessageOnlyException
instanceKlass scala/reflect/io/FileOperationException
instanceKlass xsbti/CompileFailed
instanceKlass scala/MatchError
instanceKlass xsbt/boot/Locks$InternalLockNPE
instanceKlass java/lang/IllegalStateException
instanceKlass java/lang/invoke/WrongMethodTypeException
instanceKlass java/lang/SecurityException
instanceKlass java/util/NoSuchElementException
instanceKlass java/lang/UnsupportedOperationException
instanceKlass java/lang/IndexOutOfBoundsException
instanceKlass xsbti/FullReload
instanceKlass xsbti/RetrieveException
instanceKlass xsbt/boot/BootException
instanceKlass scala/MatchError
instanceKlass java/lang/IllegalArgumentException
instanceKlass java/lang/ArithmeticException
instanceKlass java/lang/NullPointerException
instanceKlass java/lang/IllegalMonitorStateException
instanceKlass java/lang/ArrayStoreException
instanceKlass java/lang/ClassCastException
ciInstanceKlass java/lang/RuntimeException 1 1 30 1 1 1 1 1 1 1 1 1 1 1 1 5 0 7 100 1 1 12 12 12 12 12 10 10 10 10 10 1
ciInstanceKlass java/lang/SecurityManager 0 0 375 8 8 8 8 8 8 8 8 8 8 8 8 8 8 8 8 8 8 8 8 8 8 8 8 8 8 8 8 8 8 8 8 8 8 8 8 100 1 1 1 1 1 1 1 1 1 1 1 1 1 1 1 1 1 1 1 1 1 1 1 1 1 1 1 1 1 1 1 1 1 1 1 1 1 1 1 1 1 1 1 1 1 1 1 1 1 1 1 1 1 1 1 1 1 1 1 1 1 1 1 1 1 1 1 1 1 1 1 1 1 1 1 1 1 1 1 1 1 1 1 1 1 1 1 1 1 1 1 1 1 1 1 1 1 1 1 1 1 1 1 1 1 1 1 1 1 1 1 1 1 1 1 1 1 1 1 1 1 1 1 1 1 1 1 1 1 1 1 1 1 1 1 1 1 1 1 1 1 1 1 1 1 1 1 1 1 1 1 1 1 1 1 1 1 1 1 1 1 1 1 1 100 100 100 100 100 100 100 100 100 100 100 100 100 100 100 100 100 100 100 100 100 100 100 100 100 100 100 100 1 1 1 1 1 1 1 1 1 1 1 1 1 1 1 1 1 1 1 1 1 1 1 1 1 1 1 1 1 1 1 12 12 12 12 12 12 12 12 12 12 12 12 12 12 12 12 12 12 12 12 12 12 12 12 12 12 12 12 12 12 12 12 12 12 12 12 12 12 12 12 12 12 12 12 12 12 12 12 12 12 12 9 9 9 9 9 9 9 9 9 9 9 9 9 9 9 9 9 10 10 10 10 10 10 10 10 10 10 10 10 10 10 10 10 10 10 10 10 10 10 10 10 10 10 10 10 10 10 10 10 10 10 10 10 10 10 10 10 10 10 10 10 10 1
ciInstanceKlass java/security/ProtectionDomain 1 1 272 8 8 8 8 8 8 8 8 8 8 1 1 1 1 1 1 1 1 1 1 1 1 1 1 1 1 1 1 1 1 1 1 1 1 1 1 1 1 1 1 1 1 1 1 1 1 1 1 1 1 1 1 1 1 1 1 1 1 1 1 1 1 1 1 1 1 1 1 1 1 1 1 1 1 1 1 1 1 1 1 1 1 1 1 1 1 1 1 1 1 1 1 1 1 1 1 1 1 1 1 1 1 1 1 1 1 1 1 1 100 100 100 7 100 100 100 100 100 100 100 100 100 7 7 100 7 7 100 7 7 7 100 100 100 7 7 100 1 1 1 1 1 1 1 1 1 1 1 1 1 1 1 1 1 1 1 1 1 1 1 1 1 1 1 1 1 12 12 12 12 12 12 12 12 12 12 12 12 12 12 12 12 12 12 12 12 12 12 12 12 12 12 12 12 12 12 12 12 12 12 12 12 12 12 12 12 12 12 12 12 12 12 12 12 9 9 9 9 9 9 9 9 9 9 9 10 10 10 10 10 10 10 10 10 10 10 10 10 10 10 10 10 10 10 10 10 10 10 10 10 10 10 10 10 10 10 10 10 10 10 10 10 11 11 11 11 11 11 11 1 1
staticfield java/security/ProtectionDomain debug Lsun/security/util/Debug; null
ciInstanceKlass java/security/AccessControlContext 1 1 305 8 8 8 8 8 8 8 8 8 8 8 8 8 7 1 1 1 1 1 1 1 1 1 1 1 1 1 1 1 1 1 1 1 1 1 1 1 1 1 1 1 1 1 1 1 1 1 1 1 1 1 1 1 1 1 1 1 1 1 1 1 1 1 1 1 1 1 1 1 1 1 1 1 1 1 1 1 1 1 1 1 1 1 1 1 1 1 1 1 1 1 1 1 1 1 1 1 1 1 1 1 1 1 1 1 1 1 1 1 1 1 1 1 1 1 1 1 1 1 1 1 1 1 100 100 100 100 7 100 100 7 100 100 7 100 100 7 100 100 7 100 7 100 100 100 100 1 1 1 1 1 1 1 1 1 1 1 1 1 1 1 1 1 1 1 1 1 1 1 1 1 1 1 1 1 1 1 1 1 1 12 12 12 12 12 12 12 12 12 12 12 12 12 12 12 12 12 12 12 12 12 12 12 12 12 12 12 12 12 12 12 12 12 12 12 12 12 12 12 12 12 12 12 12 12 12 12 12 12 12 12 12 12 12 12 12 12 12 9 9 9 9 9 9 9 9 9 9 9 9 9 9 10 10 10 10 10 10 10 10 10 10 10 10 10 10 10 10 10 10 10 10 10 10 10 10 10 10 10 10 10 10 10 10 10 10 10 10 10 10 10 10 10 10 10 10 10 11 11 11 11 11 11 1
instanceKlass java/net/URLClassLoader
ciInstanceKlass java/security/SecureClassLoader 1 1 130 8 8 8 8 1 1 1 1 1 1 1 1 1 1 1 1 1 1 1 1 1 1 1 1 1 1 1 1 1 1 1 1 1 1 1 1 1 1 1 1 1 1 1 1 1 1 1 1 1 1 7 100 100 100 100 7 100 7 7 7 7 7 1 1 1 1 1 1 1 1 1 1 1 1 1 1 1 1 1 1 12 12 12 12 12 12 12 12 12 12 12 12 12 12 12 12 12 12 12 12 12 12 12 9 9 9 10 10 10 10 10 10 10 10 10 10 10 10 10 10 10 10 10 10 10 10 10 10 1
staticfield java/security/SecureClassLoader debug Lsun/security/util/Debug; null
instanceKlass java/lang/reflect/InvocationTargetException
instanceKlass java/lang/IllegalAccessException
instanceKlass java/lang/NoSuchFieldException
instanceKlass java/lang/InstantiationException
instanceKlass java/lang/NoSuchMethodException
instanceKlass java/lang/ClassNotFoundException
ciInstanceKlass java/lang/ReflectiveOperationException 1 1 27 1 1 1 1 1 1 1 1 1 1 1 1 5 0 7 100 1 12 12 12 12 10 10 10 10 1
ciInstanceKlass java/lang/ClassNotFoundException 1 1 32 1 1 1 1 1 1 1 1 1 1 1 1 1 1 1 1 5 0 100 7 100 1 1 1 12 12 12 9 10 10 1
instanceKlass java/lang/UnsatisfiedLinkError
instanceKlass java/lang/ExceptionInInitializerError
instanceKlass java/lang/IncompatibleClassChangeError
instanceKlass java/lang/BootstrapMethodError
instanceKlass java/lang/NoClassDefFoundError
ciInstanceKlass java/lang/LinkageError 1 1 24 1 1 1 1 1 1 1 1 1 1 1 5 0 7 100 1 12 12 12 10 10 10 1
ciInstanceKlass java/lang/NoClassDefFoundError 0 0 21 1 1 1 1 1 1 1 1 1 1 1 5 0 100 100 12 12 10 10 1
ciInstanceKlass java/lang/ClassCastException 1 1 21 1 1 1 1 1 1 1 1 1 1 1 5 0 100 7 12 12 10 10 1
ciInstanceKlass java/lang/ArrayStoreException 1 1 21 1 1 1 1 1 1 1 1 1 1 1 5 0 100 100 12 12 10 10 1
instanceKlass java/lang/InternalError
instanceKlass java/lang/StackOverflowError
instanceKlass java/lang/OutOfMemoryError
ciInstanceKlass java/lang/VirtualMachineError 1 1 27 1 1 1 1 1 1 1 1 1 1 1 1 5 0 100 100 1 12 12 12 12 10 10 10 10 1
ciInstanceKlass java/lang/OutOfMemoryError 1 1 21 1 1 1 1 1 1 1 1 1 1 1 5 0 100 100 12 12 10 10 1
ciInstanceKlass java/lang/StackOverflowError 1 1 21 1 1 1 1 1 1 1 1 1 1 1 5 0 100 100 12 12 10 10 1
ciInstanceKlass java/lang/IllegalMonitorStateException 1 1 21 1 1 1 1 1 1 1 1 1 1 1 5 0 100 100 12 12 10 10 1
instanceKlass java/lang/ref/PhantomReference
instanceKlass java/lang/ref/FinalReference
instanceKlass java/lang/ref/WeakReference
instanceKlass java/lang/ref/SoftReference
ciInstanceKlass java/lang/ref/Reference 1 1 134 8 1 1 1 1 1 1 1 1 1 1 1 1 1 1 1 1 1 1 1 1 1 1 1 1 1 1 1 1 1 1 1 1 1 1 1 1 1 1 1 1 1 1 1 1 1 1 1 1 1 1 1 1 1 1 1 100 7 100 7 7 100 7 7 7 7 7 7 7 1 1 1 1 1 1 1 1 1 1 1 1 1 1 1 1 12 12 12 12 12 12 12 12 12 12 12 12 12 12 12 12 12 12 12 12 12 12 9 9 9 9 9 9 9 10 10 10 10 10 10 10 10 10 10 10 10 10 10 10 10 1 1 1
instanceKlass sbt/internal/classpath/ClassLoaderCache$ClassLoaderReference
instanceKlass sun/util/locale/provider/LocaleResources$ResourceReference
instanceKlass java/util/ResourceBundle$BundleReference
instanceKlass java/lang/invoke/LambdaFormEditor$Transform
instanceKlass sun/util/locale/LocaleObjectCache$CacheEntry
ciInstanceKlass java/lang/ref/SoftReference 1 1 35 1 1 1 1 1 1 1 1 1 1 1 1 1 1 1 1 100 7 7 1 1 1 1 12 12 12 12 12 9 9 10 10 10 1
instanceKlass lmcoursier/internal/shaded/concurrentrefhashmap/ConcurrentReferenceHashMap$WeakValueReference
instanceKlass lmcoursier/internal/shaded/concurrentrefhashmap/ConcurrentReferenceHashMap$WeakKeyReference
instanceKlass java/util/concurrent/ForkJoinTask$ExceptionNode
instanceKlass scala/ref/WeakReferenceWithWrapper
instanceKlass scala/reflect/internal/util/WeakHashSet$Entry
instanceKlass java/lang/reflect/WeakCache$CacheValue
instanceKlass java/lang/reflect/Proxy$Key1
instanceKlass java/lang/reflect/WeakCache$CacheKey
instanceKlass com/sun/jna/CallbackReference
instanceKlass java/util/logging/LogManager$LoggerWeakRef
instanceKlass java/util/ResourceBundle$LoaderReference
instanceKlass sun/nio/ch/SharedFileLockTable$FileLockReference
instanceKlass java/lang/invoke/MethodType$ConcurrentWeakInternSet$WeakEntry
instanceKlass java/lang/ThreadLocal$ThreadLocalMap$Entry
instanceKlass java/lang/ClassValue$Entry
instanceKlass java/util/WeakHashMap$Entry
ciInstanceKlass java/lang/ref/WeakReference 1 1 20 1 1 1 1 1 1 1 1 7 100 1 1 1 1 12 12 10 10 1
instanceKlass java/lang/ref/Finalizer
ciInstanceKlass java/lang/ref/FinalReference 1 1 16 1 1 1 1 1 1 1 100 7 1 1 1 12 10 1
instanceKlass com/sun/jna/internal/Cleaner$CleanerRef
instanceKlass sun/misc/Cleaner
ciInstanceKlass java/lang/ref/PhantomReference 1 1 19 1 1 1 1 1 1 1 1 1 1 100 7 1 1 1 12 10 1
ciInstanceKlass sun/misc/Cleaner 1 1 74 1 1 1 1 1 1 1 1 1 1 1 1 1 1 1 1 1 1 1 1 1 1 1 1 1 1 1 7 100 7 7 100 7 100 1 1 1 1 1 1 1 1 1 1 1 1 12 12 12 12 12 12 12 12 12 12 12 12 12 9 9 9 9 9 10 10 10 10 10 10 10 11 1
staticfield sun/misc/Cleaner dummyQueue Ljava/lang/ref/ReferenceQueue; java/lang/ref/ReferenceQueue
ciInstanceKlass java/lang/ref/Finalizer 1 1 150 1 1 1 1 1 1 1 1 1 1 1 1 1 1 1 1 1 1 1 1 1 1 1 1 1 1 1 1 1 1 1 1 1 1 1 1 1 1 1 1 1 1 1 1 1 1 1 1 1 1 1 1 1 1 1 1 1 1 1 1 7 7 7 7 100 7 7 100 100 100 7 7 100 7 100 1 1 1 1 1 1 1 1 1 1 1 1 1 1 1 1 1 12 12 12 12 12 12 12 12 12 12 12 12 12 12 12 12 12 12 12 12 12 12 12 12 12 12 9 9 9 9 9 10 10 10 10 10 10 10 10 10 10 10 10 10 10 10 10 10 10 10 10 10 10 10 11 1 1
staticfield java/lang/ref/Finalizer lock Ljava/lang/Object; java/lang/Object
instanceKlass java/lang/ref/ReferenceQueue$Null
ciInstanceKlass java/lang/ref/ReferenceQueue 1 1 130 8 7 1 1 1 1 1 1 1 1 1 1 1 1 1 1 1 1 1 1 1 1 1 1 1 1 1 1 1 1 1 1 1 1 1 1 1 1 1 1 1 1 1 1 1 1 1 1 1 1 1 1 1 1 1 5 0 100 7 100 100 7 100 100 7 7 100 7 7 100 7 1 1 1 1 1 1 1 1 1 1 1 1 1 1 1 1 12 12 12 12 12 12 12 12 12 12 12 12 12 12 12 12 12 12 12 9 9 9 9 9 9 9 9 10 10 10 10 10 10 10 10 10 10 10 10 11 1 1
staticfield java/lang/ref/ReferenceQueue $assertionsDisabled Z 1
instanceKlass jline/console/ConsoleReader$4
instanceKlass com/swoval/runtime/ShutdownHooks$1
instanceKlass com/swoval/files/NioPathWatcherService$2
instanceKlass java/util/concurrent/ForkJoinWorkerThread
instanceKlass sbt/internal/CommandExchange$FastTrackThread
instanceKlass sbt/internal/ui/UserThread$$anon$1
instanceKlass sbt/internal/ShutdownHooks$$anon$1
instanceKlass sbt/internal/classpath/ClassLoaderCache$CleanupThread
instanceKlass org/jline/utils/ShutdownHooks$1
instanceKlass com/sun/jna/internal/Cleaner$1
instanceKlass java/util/logging/LogManager$Cleaner
instanceKlass scala/sys/ShutdownHookThread
instanceKlass sbt/internal/parser/SbtParserInit$$anon$2
instanceKlass java/lang/ref/Finalizer$FinalizerThread
instanceKlass java/lang/ref/Reference$ReferenceHandler
ciInstanceKlass java/lang/Thread 1 1 539 3 3 8 8 8 8 8 8 8 8 8 8 8 8 7 1 1 1 1 1 1 1 1 1 1 1 1 1 1 1 1 1 1 1 1 1 1 1 1 1 1 1 1 1 1 1 1 1 1 1 1 1 1 1 1 1 1 1 1 1 1 1 1 1 1 1 1 1 1 1 1 1 1 1 1 1 1 1 1 1 1 1 1 1 1 1 1 1 1 1 1 1 1 1 1 1 1 1 1 1 1 1 1 1 1 1 1 1 1 1 1 1 1 1 1 1 1 1 1 1 1 1 1 1 1 1 1 1 1 1 1 1 1 1 1 1 1 1 1 1 1 1 1 1 1 1 1 1 1 1 1 1 1 1 1 1 1 1 1 1 1 1 1 1 1 1 1 1 1 1 1 1 1 1 1 1 1 1 1 1 1 1 1 1 1 1 1 1 1 1 1 1 1 1 1 1 1 1 1 1 1 1 1 1 1 1 1 1 1 1 1 1 1 1 1 1 1 1 1 1 1 1 1 1 3 3 3 100 100 100 100 100 100 100 100 100 100 100 100 7 7 7 100 7 100 7 7 100 100 100 100 100 100 7 7 100 100 100 100 100 100 7 100 100 100 100 100 100 100 1 1 1 1 1 1 1 1 1 1 1 1 1 1 1 1 1 1 1 1 1 1 1 1 1 1 1 1 1 1 1 1 1 1 1 1 1 1 1 1 1 1 1 1 1 1 1 1 1 1 1 1 1 1 1 1 1 1 12 12 12 12 12 12 12 12 12 12 12 12 12 12 12 12 12 12 12 12 12 12 12 12 12 12 12 12 12 12 12 12 12 12 12 12 12 12 12 12 12 12 12 12 12 12 12 12 12 12 12 12 12 12 12 12 12 12 12 12 12 12 12 12 12 12 12 12 12 12 12 12 12 12 12 12 12 12 12 12 12 12 12 12 12 12 12 12 12 12 12 12 12 12 12 12 9 9 9 9 9 9 9 9 9 9 9 9 9 9 9 9 9 9 9 9 9 9 9 9 9 9 10 10 10 10 10 10 10 10 10 10 10 10 10 10 10 10 10 10 10 10 10 10 10 10 10 10 10 10 10 10 10 10 10 10 10 10 10 10 10 10 10 10 10 10 10 10 10 10 10 10 10 10 10 10 10 10 10 10 10 10 10 10 10 10 10 10 10 10 10 10 10 10 10 10 10 10 10 11 11 11 11 11 11 11 1 1 1 1 1
staticfield java/lang/Thread EMPTY_STACK_TRACE [Ljava/lang/StackTraceElement; 0 [Ljava/lang/StackTraceElement;
staticfield java/lang/Thread SUBCLASS_IMPLEMENTATION_PERMISSION Ljava/lang/RuntimePermission; java/lang/RuntimePermission
ciInstanceKlass java/lang/ThreadGroup 1 1 268 8 8 8 8 8 8 8 1 1 1 1 1 1 1 1 1 1 1 1 1 1 1 1 1 1 1 1 1 1 1 1 1 1 1 1 1 1 1 1 1 1 1 1 1 1 1 1 1 1 1 1 1 1 1 1 1 1 1 1 1 1 1 1 1 1 1 1 1 1 1 1 1 1 1 1 1 1 1 1 1 1 1 1 1 1 1 1 1 1 1 1 1 1 1 1 1 1 1 1 1 1 1 1 1 1 1 1 1 7 100 100 100 100 100 7 100 100 7 7 100 100 7 100 7 100 1 1 1 1 1 1 1 1 1 1 1 1 1 1 1 1 1 1 1 1 1 1 1 1 1 1 1 12 12 12 12 12 12 12 12 12 12 12 12 12 12 12 12 12 12 12 12 12 12 12 12 12 12 12 12 12 12 12 12 12 12 12 12 12 12 12 12 12 12 12 12 12 12 12 12 12 12 12 12 12 9 9 9 9 9 9 9 9 9 9 9 9 9 10 10 10 10 10 10 10 10 10 10 10 10 10 10 10 10 10 10 10 10 10 10 10 10 10 10 10 10 10 10 10 10 10 10 10 10 10 10 10 10 10 10 10 10 10 10 11 1 1
instanceKlass scala/collection/convert/Wrappers$DictionaryWrapper
instanceKlass java/util/Hashtable
ciInstanceKlass java/util/Dictionary 1 1 31 1 1 1 1 1 1 1 1 1 1 1 1 1 1 1 1 1 1 1 7 100 1 1 1 1 1 1 12 10 1
instanceKlass java/util/Properties
ciInstanceKlass java/util/Hashtable 1 1 416 3 3 4 4 8 8 8 8 8 8 100 1 1 1 1 1 1 1 1 1 1 1 1 1 1 1 1 1 1 1 1 1 1 1 1 1 1 1 1 1 1 1 1 1 1 1 1 1 1 1 1 1 1 1 1 1 1 1 1 1 1 1 1 1 1 1 1 1 1 1 1 1 1 1 1 1 1 1 1 1 1 1 1 1 1 1 1 1 1 1 1 1 1 1 1 1 1 1 1 1 1 1 1 1 1 1 1 1 1 1 1 1 1 1 1 1 1 1 1 1 1 1 1 1 1 1 1 1 1 1 1 1 1 1 1 1 1 1 1 1 1 1 1 1 1 1 1 1 1 1 1 1 1 1 1 1 1 1 1 1 1 1 1 1 1 1 1 3 3 3 5 0 100 100 100 100 100 100 100 100 100 100 7 100 100 7 100 7 100 100 100 7 100 7 7 100 7 7 7 7 100 7 7 7 100 7 100 100 100 100 100 1 1 1 1 1 1 1 1 1 1 1 1 1 1 1 1 1 1 1 1 1 1 1 1 1 1 1 1 1 1 1 1 1 1 1 1 1 1 1 1 1 1 1 1 1 1 1 1 1 1 1 1 1 1 1 1 12 12 12 12 12 12 12 12 12 12 12 12 12 12 12 12 12 12 12 12 12 12 12 12 12 12 12 12 12 12 12 12 12 12 12 12 12 12 12 12 12 12 12 12 12 12 12 12 12 12 12 12 12 12 12 12 12 12 12 12 12 12 12 12 12 9 9 9 9 9 9 9 9 9 9 9 9 10 10 10 10 10 10 10 10 10 10 10 10 10 10 10 10 10 10 10 10 10 10 10 10 10 10 10 10 10 10 10 10 10 10 10 10 10 10 10 10 10 10 10 10 10 10 10 10 10 10 10 10 10 11 11 11 11 11 11 11 11 11 11 11 11 11 1 1 1 1 1
instanceKlass java/security/Provider
ciInstanceKlass java/util/Properties 1 1 263 3 8 8 8 8 8 8 8 1 1 1 1 1 1 1 1 1 1 1 1 1 1 1 1 1 1 1 1 1 1 1 1 1 1 1 1 1 1 1 1 1 1 1 1 1 1 1 1 1 1 1 1 1 1 1 1 1 1 1 1 1 1 1 1 1 1 1 1 1 1 1 1 1 1 1 1 1 1 1 1 1 1 1 1 1 1 1 1 1 1 1 1 1 1 1 1 1 1 1 1 1 1 1 1 1 5 0 100 100 100 100 100 100 100 100 100 100 100 7 100 100 100 100 7 7 100 100 7 7 100 1 1 1 1 1 1 1 1 1 1 1 1 1 1 1 1 1 1 1 1 1 1 1 1 1 1 1 1 1 1 1 12 12 12 12 12 12 12 12 12 12 12 12 12 12 12 12 12 12 12 12 12 12 12 12 12 12 12 12 12 12 12 12 12 12 12 12 12 12 12 12 12 12 12 12 12 9 9 9 10 10 10 10 10 10 10 10 10 10 10 10 10 10 10 10 10 10 10 10 10 10 10 10 10 10 10 10 10 10 10 10 10 10 10 10 10 10 10 10 10 10 10 10 10 10 10 10 11 11 1 1 1
staticfield java/util/Properties hexDigit [C 16
instanceKlass java/lang/reflect/Executable
instanceKlass java/lang/reflect/Field
ciInstanceKlass java/lang/reflect/AccessibleObject 1 1 144 8 8 8 7 1 1 1 1 1 1 1 1 1 1 1 1 1 1 1 1 1 1 1 1 1 1 1 1 1 1 1 1 1 1 1 1 1 1 1 1 1 1 1 1 1 1 1 1 1 1 1 1 1 1 1 1 1 1 1 1 1 1 1 100 100 100 7 100 100 7 7 100 7 100 7 7 7 7 7 1 1 1 1 1 1 1 1 1 1 1 1 1 1 1 1 1 1 1 1 12 12 12 12 12 12 12 12 12 12 12 12 12 12 12 12 12 12 12 12 9 9 9 9 10 10 10 10 10 10 10 10 10 10 10 10 10 10 10 10 10 11 1 1
staticfield java/lang/reflect/AccessibleObject ACCESS_PERMISSION Ljava/security/Permission; java/lang/reflect/ReflectPermission
staticfield java/lang/reflect/AccessibleObject reflectionFactory Lsun/reflect/ReflectionFactory; sun/reflect/ReflectionFactory
ciInstanceKlass java/lang/reflect/Field 1 1 362 8 8 8 8 1 1 1 1 1 1 1 1 1 1 1 1 1 1 1 1 1 1 1 1 1 1 1 1 1 1 1 1 1 1 1 1 1 1 1 1 1 1 1 1 1 1 1 1 1 1 1 1 1 1 1 1 1 1 1 1 1 1 1 1 1 1 1 1 1 1 1 1 1 1 1 1 1 1 1 1 1 1 1 1 1 1 1 1 1 1 1 1 1 1 1 1 1 1 1 1 1 1 1 1 1 1 1 1 1 1 1 1 1 1 1 1 1 1 1 1 1 1 1 1 1 1 1 1 1 1 1 1 100 100 100 100 100 100 7 7 100 100 100 100 100 100 100 7 7 7 100 100 100 100 100 100 100 100 1 1 1 1 1 1 1 1 1 1 1 1 1 1 1 1 1 1 1 1 1 1 1 1 1 1 1 1 1 1 1 1 1 1 1 1 1 1 1 1 1 1 1 1 1 1 1 1 1 1 1 1 1 1 12 12 12 12 12 12 12 12 12 12 12 12 12 12 12 12 12 12 12 12 12 12 12 12 12 12 12 12 12 12 12 12 12 12 12 12 12 12 12 12 12 12 12 12 12 12 12 12 12 12 12 12 12 12 12 12 12 12 12 12 12 12 12 12 12 12 12 12 12 12 12 9 9 9 9 9 9 9 9 9 9 9 9 9 9 9 10 10 10 10 10 10 10 10 10 10 10 10 10 10 10 10 10 10 10 10 10 10 10 10 10 10 10 10 10 10 10 10 10 10 10 10 10 10 10 10 11 11 11 11 11 11 11 11 11 11 11 11 11 11 11 11 11 11 11 11 11 1 1
ciInstanceKlass java/lang/reflect/Parameter 0 0 210 8 8 8 8 1 1 1 1 1 1 1 1 1 1 1 1 1 1 1 1 1 1 1 1 1 1 1 1 1 1 1 1 1 1 1 1 1 1 1 1 1 1 1 1 1 1 1 1 1 1 1 1 1 1 1 1 1 1 1 1 1 1 1 1 1 1 1 1 1 1 1 1 1 1 1 1 1 1 1 1 1 1 1 100 100 100 100 100 100 100 100 100 100 100 100 100 100 100 1 1 1 1 1 1 1 1 1 1 1 1 1 1 1 1 1 1 1 1 1 1 1 1 1 1 1 1 12 12 12 12 12 12 12 12 12 12 12 12 12 12 12 12 12 12 12 12 12 12 12 12 12 12 12 12 12 12 12 12 12 12 12 12 12 12 12 9 9 9 9 9 9 9 10 10 10 10 10 10 10 10 10 10 10 10 10 10 10 10 10 10 10 10 10 10 10 10 10 10 10 10 10 10 10 10 11 11 11 11 1
instanceKlass java/lang/reflect/Constructor
instanceKlass java/lang/reflect/Method
ciInstanceKlass java/lang/reflect/Executable 1 1 378 3 8 8 8 8 8 8 8 8 8 8 8 8 8 8 1 1 1 1 1 1 1 1 1 1 1 1 1 1 1 1 1 1 1 1 1 1 1 1 1 1 1 1 1 1 1 1 1 1 1 1 1 1 1 1 1 1 1 1 1 1 1 1 1 1 1 1 1 1 1 1 1 1 1 1 1 1 1 1 1 1 1 1 1 1 1 1 1 1 1 1 1 1 1 1 1 1 1 1 1 1 1 1 1 1 1 1 1 1 1 1 1 1 1 1 1 1 1 1 1 1 1 1 1 1 1 1 1 1 1 1 1 1 1 1 1 1 1 1 1 1 1 1 1 1 1 1 1 1 1 1 100 100 100 100 100 100 100 100 100 100 100 100 100 7 7 100 100 100 7 100 100 100 100 100 100 100 100 100 100 100 100 100 1 1 1 1 1 1 1 1 1 1 1 1 1 1 1 1 1 1 1 1 1 1 1 1 1 1 1 1 1 1 1 1 1 1 1 1 1 1 1 1 1 1 1 1 1 1 1 1 1 1 1 12 12 12 12 12 12 12 12 12 12 12 12 12 12 12 12 12 12 12 12 12 12 12 12 12 12 12 12 12 12 12 12 12 12 12 12 12 12 12 12 12 12 12 12 12 12 12 12 12 12 12 12 12 12 12 12 12 12 12 12 12 12 12 12 12 12 12 12 9 9 9 9 9 9 9 10 10 10 10 10 10 10 10 10 10 10 10 10 10 10 10 10 10 10 10 10 10 10 10 10 10 10 10 10 10 10 10 10 10 10 10 10 10 10 10 10 10 10 10 10 10 10 10 10 10 10 10 10 10 10 10 10 10 10 10 10 10 10 11 11 11 1 1
ciInstanceKlass java/lang/reflect/Method 1 1 346 8 8 8 1 1 1 1 1 1 1 1 1 1 1 1 1 1 1 1 1 1 1 1 1 1 1 1 1 1 1 1 1 1 1 1 1 1 1 1 1 1 1 1 1 1 1 1 1 1 1 1 1 1 1 1 1 1 1 1 1 1 1 1 1 1 1 1 1 1 1 1 1 1 1 1 1 1 1 1 1 1 1 1 1 1 1 1 1 1 1 1 1 1 1 1 1 1 1 1 1 1 1 1 1 1 1 1 1 1 1 1 1 1 1 1 1 1 1 1 1 1 1 1 1 1 1 1 1 1 1 1 7 100 7 7 7 100 7 100 100 7 7 7 100 100 100 100 100 100 7 7 7 100 100 100 7 7 7 1 1 1 1 1 1 1 1 1 1 1 1 1 1 1 1 1 1 1 1 1 1 1 1 1 1 1 1 1 1 1 1 1 1 1 1 1 1 1 1 1 1 1 1 1 1 1 1 12 12 12 12 12 12 12 12 12 12 12 12 12 12 12 12 12 12 12 12 12 12 12 12 12 12 12 12 12 12 12 12 12 12 12 12 12 12 12 12 12 12 12 12 12 12 12 12 12 12 12 12 12 12 12 12 12 12 12 12 12 12 12 12 12 12 12 9 9 9 9 9 9 9 9 9 9 9 9 9 9 9 9 10 10 10 10 10 10 10 10 10 10 10 10 10 10 10 10 10 10 10 10 10 10 10 10 10 10 10 10 10 10 10 10 10 10 10 10 10 10 10 10 10 10 10 10 10 10 10 10 10 10 10 10 11 11 11 1
ciInstanceKlass java/lang/reflect/Constructor 1 1 330 8 8 8 1 1 1 1 1 1 1 1 1 1 1 1 1 1 1 1 1 1 1 1 1 1 1 1 1 1 1 1 1 1 1 1 1 1 1 1 1 1 1 1 1 1 1 1 1 1 1 1 1 1 1 1 1 1 1 1 1 1 1 1 1 1 1 1 1 1 1 1 1 1 1 1 1 1 1 1 1 1 1 1 1 1 1 1 1 1 1 1 1 1 1 1 1 1 1 1 1 1 1 1 1 1 1 1 1 1 1 1 1 1 1 1 1 1 1 1 1 1 1 1 1 1 1 1 1 1 7 100 7 100 100 100 100 100 100 7 7 100 100 100 100 100 7 7 7 100 100 100 100 100 100 1 1 1 1 1 1 1 1 1 1 1 1 1 1 1 1 1 1 1 1 1 1 1 1 1 1 1 1 1 1 1 1 1 1 1 1 1 1 1 1 1 1 1 1 1 1 1 1 12 12 12 12 12 12 12 12 12 12 12 12 12 12 12 12 12 12 12 12 12 12 12 12 12 12 12 12 12 12 12 12 12 12 12 12 12 12 12 12 12 12 12 12 12 12 12 12 12 12 12 12 12 12 12 12 12 12 12 12 12 12 9 9 9 9 9 9 9 9 9 9 9 9 9 9 10 10 10 10 10 10 10 10 10 10 10 10 10 10 10 10 10 10 10 10 10 10 10 10 10 10 10 10 10 10 10 10 10 10 10 10 10 10 10 10 10 10 10 10 10 10 10 11 11 1 1
instanceKlass sun/reflect/FieldAccessorImpl
instanceKlass sun/reflect/ConstructorAccessorImpl
instanceKlass sun/reflect/MethodAccessorImpl
ciInstanceKlass sun/reflect/MagicAccessorImpl 1 1 13 1 1 1 1 1 1 1 7 100 12 10 1
instanceKlass sun/reflect/GeneratedMethodAccessor1
instanceKlass sun/reflect/DelegatingMethodAccessorImpl
instanceKlass sun/reflect/NativeMethodAccessorImpl
ciInstanceKlass sun/reflect/MethodAccessorImpl 1 1 22 1 1 1 1 1 1 1 1 1 1 1 1 1 100 100 7 100 100 12 10 1
instanceKlass sun/reflect/GeneratedConstructorAccessor2
instanceKlass sun/reflect/BootstrapConstructorAccessorImpl
instanceKlass sun/reflect/GeneratedConstructorAccessor1
instanceKlass sun/reflect/DelegatingConstructorAccessorImpl
instanceKlass sun/reflect/NativeConstructorAccessorImpl
ciInstanceKlass sun/reflect/ConstructorAccessorImpl 1 1 24 1 1 1 1 1 1 1 1 1 1 1 1 1 1 100 100 100 100 100 7 12 10 1
ciInstanceKlass sun/reflect/DelegatingClassLoader 1 1 13 1 1 1 1 1 1 1 7 100 1 12 10
ciInstanceKlass sun/reflect/ConstantPool 1 1 106 8 7 1 1 1 1 1 1 1 1 1 1 1 1 1 1 1 1 1 1 1 1 1 1 1 1 1 1 1 1 1 1 1 1 1 1 1 1 1 1 1 1 1 1 1 1 1 1 1 1 100 7 7 1 1 1 1 1 1 1 1 1 1 1 1 1 1 1 1 1 12 12 12 12 12 12 12 12 12 12 12 12 12 12 12 12 12 9 10 10 10 10 10 10 10 10 10 10 10 10 10 10 10 10 1
instanceKlass sun/reflect/UnsafeFieldAccessorImpl
ciInstanceKlass sun/reflect/FieldAccessorImpl 1 1 56 1 1 1 1 1 1 1 1 1 1 1 1 1 1 1 1 1 1 1 1 1 1 1 1 1 1 1 1 1 1 1 1 1 1 100 100 100 100 7 1 1 1 1 1 1 1 1 1 1 1 1 1 12 10 1
instanceKlass sun/reflect/UnsafeQualifiedFieldAccessorImpl
instanceKlass sun/reflect/UnsafeBooleanFieldAccessorImpl
instanceKlass sun/reflect/UnsafeIntegerFieldAccessorImpl
instanceKlass sun/reflect/UnsafeShortFieldAccessorImpl
instanceKlass sun/reflect/UnsafeByteFieldAccessorImpl
instanceKlass sun/reflect/UnsafeObjectFieldAccessorImpl
instanceKlass sun/reflect/UnsafeStaticFieldAccessorImpl
ciInstanceKlass sun/reflect/UnsafeFieldAccessorImpl 1 1 229 8 8 8 8 8 8 8 8 8 8 8 8 8 8 8 8 8 8 8 8 8 8 1 1 1 1 1 1 1 1 1 1 1 1 1 1 1 1 1 1 1 1 1 1 1 1 1 1 1 1 1 1 1 1 1 1 1 1 1 1 1 1 1 1 1 1 1 1 1 1 1 1 1 1 1 1 1 1 1 1 1 1 1 1 1 1 1 1 1 1 1 1 1 1 1 1 1 1 1 1 1 1 1 1 1 1 1 1 1 1 1 1 1 1 1 1 1 1 1 100 100 100 7 100 100 100 100 100 100 7 100 100 100 7 7 7 7 7 1 1 1 1 1 1 1 1 1 1 1 1 1 1 1 1 1 1 12 12 12 12 12 12 12 12 12 12 12 12 12 12 12 12 12 12 12 12 12 12 12 12 12 12 12 12 12 12 12 12 12 12 9 9 9 9 10 10 10 10 10 10 10 10 10 10 10 10 10 10 10 10 10 10 10 10 10 10 10 10 10 10 10 10 10 10 10 10 10 1
staticfield sun/reflect/UnsafeFieldAccessorImpl unsafe Lsun/misc/Unsafe; sun/misc/Unsafe
instanceKlass sun/reflect/UnsafeStaticObjectFieldAccessorImpl
instanceKlass sun/reflect/UnsafeQualifiedStaticFieldAccessorImpl
ciInstanceKlass sun/reflect/UnsafeStaticFieldAccessorImpl 1 1 38 8 7 1 1 1 1 1 1 1 1 1 1 1 1 1 1 1 1 7 7 7 7 1 1 1 1 12 12 12 12 12 9 9 10 10 10 1
ciInstanceKlass sun/reflect/CallerSensitive 0 0 17 1 1 1 1 1 1 1 1 100 100 100 1 1 1 1 1
instanceKlass java/lang/invoke/DelegatingMethodHandle
instanceKlass java/lang/invoke/BoundMethodHandle
instanceKlass java/lang/invoke/DirectMethodHandle
ciInstanceKlass java/lang/invoke/MethodHandle 1 1 438 8 8 8 8 8 8 8 8 8 8 8 8 8 7 1 1 1 1 1 1 1 1 1 1 1 1 1 1 1 1 1 1 1 1 1 1 1 1 1 1 1 1 1 1 1 1 1 1 1 1 1 1 1 1 1 1 1 1 1 1 1 1 1 1 1 1 1 1 1 1 1 1 1 1 1 1 1 1 1 1 1 1 1 1 1 1 1 1 1 1 1 1 1 1 1 1 1 1 1 1 1 1 1 1 1 1 1 1 1 1 1 1 1 1 1 1 1 1 1 1 1 1 1 1 1 1 1 1 1 1 1 1 1 1 1 1 1 1 1 1 1 1 1 1 1 1 1 1 1 1 1 1 1 1 1 1 1 1 1 1 1 1 1 1 1 1 1 1 1 1 1 100 7 100 100 100 100 7 100 100 7 7 100 100 7 7 7 100 7 7 7 7 100 100 100 7 1 1 1 1 1 1 1 1 1 1 1 1 1 1 1 1 1 1 1 1 1 1 1 1 1 1 1 1 1 1 1 1 1 1 1 1 1 1 1 1 1 1 1 1 1 1 1 1 1 1 1 1 1 1 1 1 1 1 1 1 1 1 1 1 1 1 1 12 12 12 12 12 12 12 12 12 12 12 12 12 12 12 12 12 12 12 12 12 12 12 12 12 12 12 12 12 12 12 12 12 12 12 12 12 12 12 12 12 12 12 12 12 12 12 12 12 12 12 12 12 12 12 12 12 12 12 12 12 12 12 12 12 12 12 12 12 12 12 12 12 12 12 12 12 12 12 12 12 12 12 9 9 9 9 9 9 9 9 9 9 9 9 10 10 10 10 10 10 10 10 10 10 10 10 10 10 10 10 10 10 10 10 10 10 10 10 10 10 10 10 10 10 10 10 10 10 10 10 10 10 10 10 10 10 10 10 10 10 10 10 10 10 10 10 10 10 10 10 10 10 10 10 10 10 10 10 10 10 10 10 10 10 10 10 10 10 10 11 1 1 1
staticfield java/lang/invoke/MethodHandle FORM_OFFSET J 20
staticfield java/lang/invoke/MethodHandle $assertionsDisabled Z 1
instanceKlass java/lang/invoke/DirectMethodHandle$Special
instanceKlass java/lang/invoke/DirectMethodHandle$Accessor
instanceKlass java/lang/invoke/DirectMethodHandle$Interface
ciInstanceKlass java/lang/invoke/DirectMethodHandle 1 1 701 8 8 8 8 8 8 8 8 8 8 8 8 8 8 8 8 8 8 8 8 8 7 7 7 7 7 7 7 7 7 7 7 1 1 1 1 1 1 1 1 1 1 1 1 1 1 1 1 1 1 1 1 1 1 1 1 1 1 1 1 1 1 1 1 1 1 1 1 1 1 1 1 1 1 1 1 1 1 1 1 1 1 1 1 1 1 1 1 1 1 1 1 1 1 1 1 1 1 1 1 1 1 1 1 1 1 1 1 1 1 1 1 1 1 1 1 1 1 1 1 1 1 1 1 1 1 1 1 1 1 1 1 1 1 1 1 1 1 1 1 1 1 1 1 1 1 1 1 1 1 1 1 1 1 1 1 1 1 1 1 1 1 1 1 1 1 1 1 1 1 1 1 1 1 1 1 1 1 1 1 1 1 1 1 1 1 1 1 1 1 1 1 1 1 1 1 1 1 1 1 1 1 1 1 1 1 1 1 1 1 1 1 1 1 1 1 1 1 1 1 1 1 1 1 1 1 1 1 1 1 1 1 1 1 1 1 1 1 1 1 1 1 1 1 1 1 1 1 1 1 1 1 1 1 1 1 1 1 1 1 1 1 1 100 100 7 7 7 100 7 100 7 100 100 100 7 100 7 100 7 100 7 7 100 7 7 100 7 7 100 7 7 7 100 100 100 7 7 7 7 1 1 1 1 1 1 1 1 1 1 1 1 1 1 1 1 1 1 1 1 1 1 1 1 1 1 1 1 1 1 1 1 1 1 1 1 1 1 1 1 1 1 1 1 1 1 1 1 1 1 1 1 1 1 1 1 1 1 1 1 1 1 1 1 1 1 1 1 1 1 1 1 1 1 1 1 1 1 1 12 12 12 12 12 12 12 12 12 12 12 12 12 12 12 12 12 12 12 12 12 12 12 12 12 12 12 12 12 12 12 12 12 12 12 12 12 12 12 12 12 12 12 12 12 12 12 12 12 12 12 12 12 12 12 12 12 12 12 12 12 12 12 12 12 12 12 12 12 12 12 12 12 12 12 12 12 12 12 12 12 12 12 12 12 12 12 12 12 12 12 12 12 12 12 12 12 12 12 12 12 12 12 12 12 12 12 12 12 12 12 12 12 12 12 12 12 12 12 12 12 12 12 12 12 12 12 12 12 12 12 12 12 12 12 12 12 12 12 12 12 12 12 12 12 12 12 12 12 12 12 12 9 9 9 9 9 9 9 9 9 9 9 9 9 9 9 9 9 9 9 9 9 9 9 9 9 9 9 9 9 9 9 9 9 9 9 9 10 10 10 10 10 10 10 10 10 10 10 10 10 10 10 10 10 10 10 10 10 10 10 10 10 10 10 10 10 10 10 10 10 10 10 10 10 10 10 10 10 10 10 10 10 10 10 10 10 10 10 10 10 10 10 10 10 10 10 10 10 10 10 10 10 10 10 10 10 10 10 10 10 10 10 10 10 10 10 10 10 10 10 10 10 10 10 10 10 10 10 10 10 10 10 10 10 10 10 10 10 10 10 10 10 10 10 10 10 10 10 10 10 10 10 10 10 10 10 10 10 10 10 1 1 1 1 1 1 1 1 1 1
staticfield java/lang/invoke/DirectMethodHandle IMPL_NAMES Ljava/lang/invoke/MemberName$Factory; java/lang/invoke/MemberName$Factory
staticfield java/lang/invoke/DirectMethodHandle ACCESSOR_FORMS [Ljava/lang/invoke/LambdaForm; 132 [Ljava/lang/invoke/LambdaForm;
staticfield java/lang/invoke/DirectMethodHandle $assertionsDisabled Z 1
ciInstanceKlass java/lang/invoke/MemberName 1 1 642 3 3 3 3 3 3 3 3 3 3 3 8 8 8 8 8 8 8 8 8 8 8 8 8 8 8 8 8 8 8 8 8 8 8 8 8 8 8 8 8 8 8 7 7 7 7 1 1 1 1 1 1 1 1 1 1 1 1 1 1 1 1 1 1 1 1 1 1 1 1 1 1 1 1 1 1 1 1 1 1 1 1 1 1 1 1 1 1 1 1 1 1 1 1 1 1 1 1 1 1 1 1 1 1 1 1 1 1 1 1 1 1 1 1 1 1 1 1 1 1 1 1 1 1 1 1 1 1 1 1 1 1 1 1 1 1 1 1 1 1 1 1 1 1 1 1 1 1 1 1 1 1 1 1 1 1 1 1 1 1 1 1 1 1 1 1 1 1 1 1 1 1 1 1 1 1 1 1 1 1 1 1 1 1 1 1 1 1 1 1 1 1 1 1 1 1 1 1 1 1 1 1 1 1 1 1 1 1 1 1 1 1 1 1 1 1 1 1 1 1 1 1 1 1 1 1 1 1 1 1 1 1 1 1 1 1 1 1 1 1 1 1 1 1 1 1 1 1 1 1 1 1 1 1 1 1 1 1 1 1 1 1 1 1 1 1 1 1 1 1 1 1 1 1 1 1 1 3 3 3 3 3 3 3 3 7 7 100 100 100 7 7 100 100 100 100 100 100 100 100 100 7 100 7 7 7 7 7 100 7 7 100 100 100 100 7 100 100 100 7 7 7 100 7 1 1 1 1 1 1 1 1 1 1 1 1 1 1 1 1 1 1 1 1 1 1 1 1 1 1 1 1 1 1 1 1 1 1 1 1 1 1 1 1 1 1 1 1 1 1 1 1 1 1 1 1 1 1 1 1 1 1 1 1 1 1 1 1 12 12 12 12 12 12 12 12 12 12 12 12 12 12 12 12 12 12 12 12 12 12 12 12 12 12 12 12 12 12 12 12 12 12 12 12 12 12 12 12 12 12 12 12 12 12 12 12 12 12 12 12 12 12 12 12 12 12 12 12 12 12 12 12 12 12 12 12 12 12 12 12 12 12 12 12 12 12 12 12 12 12 12 12 12 12 12 12 12 12 12 12 12 12 12 12 12 12 12 12 12 12 12 12 12 12 12 12 12 12 12 12 12 9 9 9 9 9 9 9 9 9 9 10 10 10 10 10 10 10 10 10 10 10 10 10 10 10 10 10 10 10 10 10 10 10 10 10 10 10 10 10 10 10 10 10 10 10 10 10 10 10 10 10 10 10 10 10 10 10 10 10 10 10 10 10 10 10 10 10 10 10 10 10 10 10 10 10 10 10 10 10 10 10 10 10 10 10 10 10 10 10 10 10 10 10 10 10 10 10 10 10 10 10 10 10 10 10 10 10 10 10 10 10 10 10 10 10 10 10 10 10 10 10 10 10 10 10 10 10 10 10 10 10 10 10 10 10 10 1 1 1 1
staticfield java/lang/invoke/MemberName $assertionsDisabled Z 1
ciInstanceKlass java/lang/invoke/MethodHandleNatives 1 1 427 8 8 8 8 8 8 8 8 8 8 8 8 8 8 8 8 8 8 8 8 8 8 8 8 8 8 8 8 100 100 7 7 100 1 1 1 1 1 1 1 1 1 1 1 1 1 1 1 1 1 1 1 1 1 1 1 1 1 1 1 1 1 1 1 1 1 1 1 1 1 1 1 1 1 1 1 1 1 1 1 1 1 1 1 1 1 1 1 1 1 1 1 1 1 1 1 1 1 1 1 1 1 1 1 1 1 1 1 1 1 1 1 1 1 1 1 1 1 1 1 1 1 1 1 1 1 1 1 1 1 1 1 1 1 1 1 1 1 1 1 1 1 1 1 1 1 1 1 1 1 1 1 1 1 1 1 1 1 1 1 1 1 1 1 1 1 1 1 1 1 1 1 1 1 1 1 1 1 1 1 1 1 1 1 1 1 1 1 1 1 1 1 1 1 1 1 1 1 1 1 100 100 100 100 7 100 100 100 100 100 100 100 100 100 100 100 100 100 7 100 7 100 100 100 7 7 7 7 7 7 100 7 7 100 100 1 1 1 1 1 1 1 1 1 1 1 1 1 1 1 1 1 1 1 1 1 1 1 1 1 1 1 1 1 1 1 1 1 1 1 1 1 1 1 1 1 1 1 1 1 1 1 12 12 12 12 12 12 12 12 12 12 12 12 12 12 12 12 12 12 12 12 12 12 12 12 12 12 12 12 12 12 12 12 12 12 12 12 12 12 12 12 12 12 12 12 12 12 12 12 12 12 12 12 12 12 12 12 12 12 12 12 12 12 12 12 9 9 9 9 9 9 10 10 10 10 10 10 10 10 10 10 10 10 10 10 10 10 10 10 10 10 10 10 10 10 10 10 10 10 10 10 10 10 10 10 10 10 10 10 10 10 10 10 10 10 10 10 10 10 10 10 10 10 10 10 10 10 10 10 10 10 10 10 10 10 10 10 10 10 10 10 10 1 1 1
staticfield java/lang/invoke/MethodHandleNatives COUNT_GWT Z 1
staticfield java/lang/invoke/MethodHandleNatives $assertionsDisabled Z 1
ciInstanceKlass java/lang/invoke/LambdaForm 1 1 967 8 8 8 8 8 8 8 8 8 8 8 8 8 8 8 8 8 8 8 8 8 8 8 8 8 8 8 8 8 8 8 8 8 8 8 8 8 8 8 8 8 8 8 8 8 8 8 8 8 8 8 8 8 8 100 7 7 1 1 1 1 1 1 1 1 1 1 1 1 1 1 1 1 1 1 1 1 1 1 1 1 1 1 1 1 1 1 1 1 1 1 1 1 1 1 1 1 1 1 1 1 1 1 1 1 1 1 1 1 1 1 1 1 1 1 1 1 1 1 1 1 1 1 1 1 1 1 1 1 1 1 1 1 1 1 1 1 1 1 1 1 1 1 1 1 1 1 1 1 1 1 1 1 1 1 1 1 1 1 1 1 1 1 1 1 1 1 1 1 1 1 1 1 1 1 1 1 1 1 1 1 1 1 1 1 1 1 1 1 1 1 1 1 1 1 1 1 1 1 1 1 1 1 1 1 1 1 1 1 1 1 1 1 1 1 1 1 1 1 1 1 1 1 1 1 1 1 1 1 1 1 1 1 1 1 1 1 1 1 1 1 1 1 1 1 1 1 1 1 1 1 1 1 1 1 1 1 1 1 1 1 1 1 1 1 1 1 1 1 1 1 1 1 1 1 1 1 1 1 1 1 1 1 1 1 1 1 1 1 1 1 1 1 1 1 1 1 1 1 1 1 1 1 1 1 1 1 1 1 1 1 1 1 1 1 1 1 1 1 1 1 1 1 1 1 1 1 1 1 1 1 1 1 1 1 1 1 1 1 1 1 1 1 1 1 1 1 1 1 1 1 1 1 1 1 1 1 1 1 1 1 1 1 1 1 1 1 1 1 1 1 1 1 1 1 1 1 1 1 1 1 1 1 1 1 1 1 1 1 1 1 1 1 1 1 1 1 3 3 3 3 8 100 100 100 100 7 7 100 100 100 7 100 100 100 100 100 100 100 100 7 7 7 100 7 7 100 100 100 7 100 7 100 100 7 7 7 7 7 100 100 7 7 7 7 100 100 7 7 7 1 1 1 1 1 1 1 1 1 1 1 1 1 1 1 1 1 1 1 1 1 1 1 1 1 1 1 1 1 1 1 1 1 1 1 1 1 1 1 1 1 1 1 1 1 1 1 1 1 1 1 1 1 1 1 1 1 1 1 1 1 1 1 1 1 1 1 1 1 1 1 1 1 1 1 1 1 1 1 1 1 1 1 1 1 1 1 1 1 1 1 1 1 1 1 1 1 1 1 1 1 1 1 1 1 1 1 1 1 1 1 1 1 1 12 12 12 12 12 12 12 12 12 12 12 12 12 12 12 12 12 12 12 12 12 12 12 12 12 12 12 12 12 12 12 12 12 12 12 12 12 12 12 12 12 12 12 12 12 12 12 12 12 12 12 12 12 12 12 12 12 12 12 12 12 12 12 12 12 12 12 12 12 12 12 12 12 12 12 12 12 12 12 12 12 12 12 12 12 12 12 12 12 12 12 12 12 12 12 12 12 12 12 12 12 12 12 12 12 12 12 12 12 12 12 12 12 12 12 12 12 12 12 12 12 12 12 12 12 12 12 12 12 12 12 12 12 12 12 12 12 12 12 12 12 12 12 12 12 12 12 12 12 12 12 12 12 12 12 12 12 12 12 12 12 12 12 12 12 12 12 12 12 12 12 12 12 12 12 12 12 12 12 12 12 12 12 12 12 12 12 12 12 12 12 9 9 9 9 9 9 9 9 9 9 9 9 9 9 9 9 9 9 9 9 9 9 9 9 9 9 9 9 9 9 9 9 9 9 9 9 9 9 9 9 10 10 10 10 10 10 10 10 10 10 10 10 10 10 10 10 10 10 10 10 10 10 10 10 10 10 10 10 10 10 10 10 10 10 10 10 10 10 10 10 10 10 10 10 10 10 10 10 10 10 10 10 10 10 10 10 10 10 10 10 10 10 10 10 10 10 10 10 10 10 10 10 10 10 10 10 10 10 10 10 10 10 10 10 10 10 10 10 10 10 10 10 10 10 10 10 10 10 10 10 10 10 10 10 10 10 10 10 10 10 10 10 10 10 10 10 10 10 10 10 10 10 10 10 10 10 10 10 10 10 10 10 10 10 10 10 10 10 10 10 10 10 10 10 10 10 10 10 10 10 10 10 10 10 10 10 10 10 10 10 11 11 11 11 11 1 1 1 1 1 1
staticfield java/lang/invoke/LambdaForm COMPILE_THRESHOLD I 0
staticfield java/lang/invoke/LambdaForm INTERNED_ARGUMENTS [[Ljava/lang/invoke/LambdaForm$Name; 5 [[Ljava/lang/invoke/LambdaForm$Name;
staticfield java/lang/invoke/LambdaForm IMPL_NAMES Ljava/lang/invoke/MemberName$Factory; java/lang/invoke/MemberName$Factory
staticfield java/lang/invoke/LambdaForm LF_identityForm [Ljava/lang/invoke/LambdaForm; 6 [Ljava/lang/invoke/LambdaForm;
staticfield java/lang/invoke/LambdaForm LF_zeroForm [Ljava/lang/invoke/LambdaForm; 6 [Ljava/lang/invoke/LambdaForm;
staticfield java/lang/invoke/LambdaForm NF_identity [Ljava/lang/invoke/LambdaForm$NamedFunction; 6 [Ljava/lang/invoke/LambdaForm$NamedFunction;
staticfield java/lang/invoke/LambdaForm NF_zero [Ljava/lang/invoke/LambdaForm$NamedFunction; 6 [Ljava/lang/invoke/LambdaForm$NamedFunction;
staticfield java/lang/invoke/LambdaForm DEBUG_NAME_COUNTERS Ljava/util/HashMap; null
staticfield java/lang/invoke/LambdaForm TRACE_INTERPRETER Z 0
staticfield java/lang/invoke/LambdaForm $assertionsDisabled Z 1
ciInstanceKlass java/lang/invoke/MethodType 1 1 593 8 8 8 8 8 8 8 8 8 8 8 8 7 7 7 7 1 1 1 1 1 1 1 1 1 1 1 1 1 1 1 1 1 1 1 1 1 1 1 1 1 1 1 1 1 1 1 1 1 1 1 1 1 1 1 1 1 1 1 1 1 1 1 1 1 1 1 1 1 1 1 1 1 1 1 1 1 1 1 1 1 1 1 1 1 1 1 1 1 1 1 1 1 1 1 1 1 1 1 1 1 1 1 1 1 1 1 1 1 1 1 1 1 1 1 1 1 1 1 1 1 1 1 1 1 1 1 1 1 1 1 1 1 1 1 1 1 1 1 1 1 1 1 1 1 1 1 1 1 1 1 1 1 1 1 1 1 1 1 1 1 1 1 1 1 1 1 1 1 1 1 1 1 1 1 1 1 1 1 1 1 1 1 1 1 1 1 1 1 1 1 1 1 1 1 1 1 1 1 1 1 1 1 1 1 1 1 1 1 1 1 1 1 1 1 3 3 3 5 0 7 100 100 100 7 100 100 7 100 7 100 100 7 100 100 7 7 7 7 100 7 7 7 7 7 7 7 7 7 7 7 100 100 7 1 1 1 1 1 1 1 1 1 1 1 1 1 1 1 1 1 1 1 1 1 1 1 1 1 1 1 1 1 1 1 1 1 1 1 1 1 1 1 1 1 1 1 1 1 1 1 1 1 1 1 1 1 1 1 1 1 1 1 1 1 1 1 1 1 1 1 1 1 1 1 1 1 1 1 1 1 1 1 1 1 1 1 1 1 1 1 1 1 1 1 1 1 1 1 1 1 1 1 1 1 1 1 1 12 12 12 12 12 12 12 12 12 12 12 12 12 12 12 12 12 12 12 12 12 12 12 12 12 12 12 12 12 12 12 12 12 12 12 12 12 12 12 12 12 12 12 12 12 12 12 12 12 12 12 12 12 12 12 12 12 12 12 12 12 12 12 12 12 12 12 12 12 12 12 12 12 12 12 12 12 12 12 12 12 12 12 12 12 12 12 12 12 12 12 12 12 12 12 12 12 12 12 12 12 12 12 12 12 12 12 12 12 12 12 12 9 9 9 9 9 9 9 9 9 9 9 9 9 9 9 9 9 9 10 10 10 10 10 10 10 10 10 10 10 10 10 10 10 10 10 10 10 10 10 10 10 10 10 10 10 10 10 10 10 10 10 10 10 10 10 10 10 10 10 10 10 10 10 10 10 10 10 10 10 10 10 10 10 10 10 10 10 10 10 10 10 10 10 10 10 10 10 10 10 10 10 10 10 10 10 10 10 10 10 10 10 10 10 10 10 10 10 10 10 10 10 10 10 10 10 10 11 11 11 11 1 1
staticfield java/lang/invoke/MethodType internTable Ljava/lang/invoke/MethodType$ConcurrentWeakInternSet; java/lang/invoke/MethodType$ConcurrentWeakInternSet
staticfield java/lang/invoke/MethodType NO_PTYPES [Ljava/lang/Class; 0 [Ljava/lang/Class;
staticfield java/lang/invoke/MethodType objectOnlyTypes [Ljava/lang/invoke/MethodType; 20 [Ljava/lang/invoke/MethodType;
staticfield java/lang/invoke/MethodType serialPersistentFields [Ljava/io/ObjectStreamField; 0 [Ljava/io/ObjectStreamField;
staticfield java/lang/invoke/MethodType rtypeOffset J 12
staticfield java/lang/invoke/MethodType ptypesOffset J 16
staticfield java/lang/invoke/MethodType $assertionsDisabled Z 1
ciInstanceKlass java/lang/BootstrapMethodError 0 0 38 1 1 1 1 1 1 1 1 1 1 1 1 1 1 1 1 1 1 5 0 100 100 100 100 1 1 12 12 12 12 12 10 10 10 10 10 1
instanceKlass java/lang/invoke/VolatileCallSite
instanceKlass java/lang/invoke/MutableCallSite
instanceKlass java/lang/invoke/ConstantCallSite
ciInstanceKlass java/lang/invoke/CallSite 1 1 311 8 8 8 8 8 8 8 8 7 7 7 7 1 1 1 1 1 1 1 1 1 1 1 1 1 1 1 1 1 1 1 1 1 1 1 1 1 1 1 1 1 1 1 1 1 1 1 1 1 1 1 1 1 1 1 1 1 1 1 1 1 1 1 1 1 1 1 1 1 1 1 1 1 1 1 1 1 1 1 1 1 1 1 1 1 1 1 1 1 1 1 1 1 1 1 1 1 1 1 1 1 1 1 1 1 1 1 1 1 1 1 1 1 1 1 1 1 1 100 7 100 100 100 100 7 100 100 100 100 100 7 7 100 7 7 7 7 100 100 7 1 1 1 1 1 1 1 1 1 1 1 1 1 1 1 1 1 1 1 1 1 1 1 1 1 1 1 1 1 1 1 1 1 1 1 1 1 1 1 1 1 1 1 12 12 12 12 12 12 12 12 12 12 12 12 12 12 12 12 12 12 12 12 12 12 12 12 12 12 12 12 12 12 12 12 12 12 12 12 12 12 12 12 12 12 12 12 12 12 12 12 12 12 12 12 12 12 12 12 12 12 12 12 9 9 9 9 9 9 10 10 10 10 10 10 10 10 10 10 10 10 10 10 10 10 10 10 10 10 10 10 10 10 10 10 10 10 10 10 10 10 10 10 10 10 10 10 10 10 10 10 10 10 10 10 10 10 10 10 10 10 10 10 10 10 10 10 10 1 1
staticfield java/lang/invoke/CallSite GET_TARGET Ljava/lang/invoke/MethodHandle; java/lang/invoke/DirectMethodHandle
staticfield java/lang/invoke/CallSite THROW_UCS Ljava/lang/invoke/MethodHandle; java/lang/invoke/MethodHandleImpl$AsVarargsCollector
staticfield java/lang/invoke/CallSite TARGET_OFFSET J 12
ciInstanceKlass java/lang/invoke/ConstantCallSite 1 1 42 1 1 1 1 1 1 1 1 1 1 1 1 1 1 1 1 1 1 1 1 100 100 100 7 7 1 1 12 12 12 12 12 12 9 9 10 10 10 10 10 1
ciInstanceKlass java/lang/invoke/MutableCallSite 1 1 57 1 1 1 1 1 1 1 1 1 1 1 1 1 1 1 1 1 1 1 1 1 1 1 1 1 100 7 7 7 1 1 1 1 1 1 12 12 12 12 12 12 12 12 12 12 9 9 10 10 10 10 10 10 10 10 1
staticfield java/lang/invoke/MutableCallSite STORE_BARRIER Ljava/util/concurrent/atomic/AtomicInteger; java/util/concurrent/atomic/AtomicInteger
ciInstanceKlass java/lang/invoke/VolatileCallSite 0 0 33 1 1 1 1 1 1 1 1 1 1 1 1 1 1 100 100 1 1 1 12 12 12 12 12 12 10 10 10 10 10 10 1
instanceKlass java/lang/StringBuilder
instanceKlass java/lang/StringBuffer
ciInstanceKlass java/lang/AbstractStringBuilder 1 1 318 3 3 3 8 8 8 8 8 8 8 8 8 8 8 8 8 1 1 1 1 1 1 1 1 1 1 1 1 1 1 1 1 1 1 1 1 1 1 1 1 1 1 1 1 1 1 1 1 1 1 1 1 1 1 1 1 1 1 1 1 1 1 1 1 1 1 1 1 1 1 1 1 1 1 1 1 1 1 1 1 1 1 1 1 1 1 1 1 1 1 1 1 1 1 1 1 1 1 1 1 1 1 1 1 1 1 1 1 1 1 1 1 1 1 1 1 1 1 1 1 1 1 1 1 1 1 1 1 1 1 1 1 5 0 100 7 100 7 100 100 100 7 7 7 100 7 100 100 100 7 7 7 1 1 1 1 1 1 1 1 1 1 1 1 1 1 1 1 1 1 1 1 1 1 1 1 1 1 1 1 1 1 1 1 1 1 1 1 1 1 1 1 1 1 1 12 12 12 12 12 12 12 12 12 12 12 12 12 12 12 12 12 12 12 12 12 12 12 12 12 12 12 12 12 12 12 12 12 12 12 12 12 12 12 12 12 12 12 12 12 12 12 12 12 12 12 12 12 12 12 9 9 10 10 10 10 10 10 10 10 10 10 10 10 10 10 10 10 10 10 10 10 10 10 10 10 10 10 10 10 10 10 10 10 10 10 10 10 10 10 10 10 10 10 10 10 10 10 10 10 10 10 10 10 10 10 10 10 10 10 10 10 10 10 11 11 1
ciInstanceKlass java/lang/StringBuffer 1 1 371 8 8 8 7 1 1 1 1 1 1 1 1 1 1 1 1 1 1 1 1 1 1 1 1 1 1 1 1 1 1 1 1 1 1 1 1 1 1 1 1 1 1 1 1 1 1 1 1 1 1 1 1 1 1 1 1 1 1 1 1 1 1 1 1 1 1 1 1 1 1 1 1 1 1 1 1 1 1 1 1 1 1 1 1 1 1 1 1 1 1 1 1 1 5 0 100 100 100 100 100 7 100 7 7 7 100 7 7 7 100 7 1 1 1 1 1 1 1 1 1 1 1 1 1 1 1 1 1 1 1 1 1 1 1 1 1 1 1 1 1 1 1 1 1 1 1 1 1 1 1 1 1 1 1 1 1 1 1 1 1 1 1 1 1 1 1 1 1 1 1 1 1 1 1 1 1 1 1 1 12 12 12 12 12 12 12 12 12 12 12 12 12 12 12 12 12 12 12 12 12 12 12 12 12 12 12 12 12 12 12 12 12 12 12 12 12 12 12 12 12 12 12 12 12 12 12 12 12 12 12 12 12 12 12 12 12 12 12 12 12 12 12 12 12 12 12 12 12 12 12 12 12 12 12 12 12 12 12 12 12 12 12 12 12 12 12 12 12 12 12 9 9 9 9 9 9 10 10 10 10 10 10 10 10 10 10 10 10 10 10 10 10 10 10 10 10 10 10 10 10 10 10 10 10 10 10 10 10 10 10 10 10 10 10 10 10 10 10 10 10 10 10 10 10 10 10 10 10 10 10 10 10 10 10 10 10 10 10 10 10 10 10 10 10 10 10 10 10 10 10 10 10 10 10 10 10 10 10 10 10 10 10 10 10 10 10 11 1 1 1
staticfield java/lang/StringBuffer serialPersistentFields [Ljava/io/ObjectStreamField; 3 [Ljava/io/ObjectStreamField;
ciInstanceKlass java/lang/StringBuilder 1 1 326 1 1 1 1 1 1 1 1 1 1 1 1 1 1 1 1 1 1 1 1 1 1 1 1 1 1 1 1 1 1 1 1 1 1 1 1 1 1 1 1 1 1 1 1 1 1 1 1 1 1 1 1 1 1 1 1 1 1 1 1 1 1 1 1 1 1 1 1 1 5 0 100 100 100 100 100 7 100 100 7 7 1 1 1 1 1 1 1 1 1 1 1 1 1 1 1 1 1 1 1 1 1 1 1 1 1 1 1 1 1 1 1 1 1 1 1 1 1 1 1 1 1 1 1 1 1 1 1 1 1 1 1 1 1 1 1 1 1 1 1 1 1 1 12 12 12 12 12 12 12 12 12 12 12 12 12 12 12 12 12 12 12 12 12 12 12 12 12 12 12 12 12 12 12 12 12 12 12 12 12 12 12 12 12 12 12 12 12 12 12 12 12 12 12 12 12 12 12 12 12 12 12 12 12 12 12 12 12 12 12 12 12 12 12 12 12 12 12 12 12 12 12 12 12 12 12 12 12 12 12 12 12 9 9 10 10 10 10 10 10 10 10 10 10 10 10 10 10 10 10 10 10 10 10 10 10 10 10 10 10 10 10 10 10 10 10 10 10 10 10 10 10 10 10 10 10 10 10 10 10 10 10 10 10 10 10 10 10 10 10 10 10 10 10 10 10 10 10 10 10 10 10 10 10 10 10 10 10 10 10 10 10 10 10 10 10 10 10 10 10 10 10 10 11 1
ciInstanceKlass sun/misc/Unsafe 1 1 389 8 8 7 7 7 7 7 7 7 7 7 7 1 1 1 1 1 1 1 1 1 1 1 1 1 1 1 1 1 1 1 1 1 1 1 1 1 1 1 1 1 1 1 1 1 1 1 1 1 1 1 1 1 1 1 1 1 1 1 1 1 1 1 1 1 1 1 1 1 1 1 1 1 1 1 1 1 1 1 1 1 1 1 1 1 1 1 1 1 1 1 1 1 1 1 1 1 1 1 1 1 1 1 1 1 1 1 1 1 1 1 1 1 1 1 1 1 1 1 1 1 1 1 1 1 1 1 1 1 1 1 1 1 1 1 1 1 1 1 1 1 1 1 1 1 1 1 1 1 1 1 1 1 1 1 1 1 1 1 1 1 1 1 1 1 1 1 1 1 1 1 1 1 1 1 1 1 1 1 1 3 100 7 100 100 7 100 7 100 100 7 7 1 1 1 1 1 1 1 1 1 1 1 1 1 1 1 1 1 1 1 1 1 1 1 1 1 1 1 1 1 1 1 1 1 1 1 1 1 1 1 1 1 1 1 1 1 1 1 1 1 1 1 1 1 1 1 1 1 1 1 1 1 1 1 1 1 1 1 1 1 12 12 12 12 12 12 12 12 12 12 12 12 12 12 12 12 12 12 12 12 12 12 12 12 12 12 12 12 12 12 12 12 12 12 12 12 12 12 12 12 12 12 12 12 12 12 12 12 12 12 12 12 12 12 12 12 12 12 12 12 12 12 9 9 9 9 9 9 9 9 9 9 9 9 9 9 9 9 9 9 9 9 10 10 10 10 10 10 10 10 10 10 10 10 10 10 10 10 10 10 10 10 10 10 10 10 10 10 10 10 10 10 10 10 10 10 10 10 10 10 10 10 10 10 10 10 1
staticfield sun/misc/Unsafe theUnsafe Lsun/misc/Unsafe; sun/misc/Unsafe
staticfield sun/misc/Unsafe ARRAY_BOOLEAN_BASE_OFFSET I 16
staticfield sun/misc/Unsafe ARRAY_BYTE_BASE_OFFSET I 16
staticfield sun/misc/Unsafe ARRAY_SHORT_BASE_OFFSET I 16
staticfield sun/misc/Unsafe ARRAY_CHAR_BASE_OFFSET I 16
staticfield sun/misc/Unsafe ARRAY_INT_BASE_OFFSET I 16
staticfield sun/misc/Unsafe ARRAY_LONG_BASE_OFFSET I 16
staticfield sun/misc/Unsafe ARRAY_FLOAT_BASE_OFFSET I 16
staticfield sun/misc/Unsafe ARRAY_DOUBLE_BASE_OFFSET I 16
staticfield sun/misc/Unsafe ARRAY_OBJECT_BASE_OFFSET I 16
staticfield sun/misc/Unsafe ARRAY_BOOLEAN_INDEX_SCALE I 1
staticfield sun/misc/Unsafe ARRAY_BYTE_INDEX_SCALE I 1
staticfield sun/misc/Unsafe ARRAY_SHORT_INDEX_SCALE I 2
staticfield sun/misc/Unsafe ARRAY_CHAR_INDEX_SCALE I 2
staticfield sun/misc/Unsafe ARRAY_INT_INDEX_SCALE I 4
staticfield sun/misc/Unsafe ARRAY_LONG_INDEX_SCALE I 8
staticfield sun/misc/Unsafe ARRAY_FLOAT_INDEX_SCALE I 4
staticfield sun/misc/Unsafe ARRAY_DOUBLE_INDEX_SCALE I 8
staticfield sun/misc/Unsafe ARRAY_OBJECT_INDEX_SCALE I 4
staticfield sun/misc/Unsafe ADDRESS_SIZE I 8
instanceKlass jline/console/ConsoleReader$1
instanceKlass jline/internal/NonBlockingInputStream
instanceKlass com/sun/org/apache/xerces/internal/impl/XMLEntityManager$RewindableInputStream
instanceKlass sun/nio/ch/ChannelInputStream
instanceKlass scala/tools/nsc/symtab/classfile/ReusableDataReader$$anon$1
instanceKlass sbt/internal/util/WindowsInputStream$$anon$1
instanceKlass sbt/internal/util/Terminal$WriteableInputStream
instanceKlass org/jline/utils/NonBlockingInputStream
instanceKlass sbt/internal/util/Terminal$$anonfun$nullInputStream$lzycompute$1
instanceKlass sbt/internal/util/Terminal$$anon$2
instanceKlass sbt/internal/util/WindowsInputStream
instanceKlass sbt/internal/util/Terminal$WrappedSystemIn$
instanceKlass sbt/internal/util/Terminal$proxyInputStream$
instanceKlass sbt/internal/BootServerSocket$1
instanceKlass java/io/ObjectInputStream
instanceKlass java/util/zip/ZipFile$ZipFileInputStream
instanceKlass java/io/FilterInputStream
instanceKlass java/io/FileInputStream
instanceKlass java/io/ByteArrayInputStream
ciInstanceKlass java/io/InputStream 1 1 61 8 1 1 1 1 1 1 1 1 1 1 1 1 1 1 1 1 1 1 1 1 1 1 1 1 1 1 1 1 1 1 1 1 1 1 1 3 5 0 100 100 100 7 100 100 100 7 12 12 12 12 12 10 10 10 10 10 10 10 1
ciInstanceKlass java/io/ByteArrayInputStream 1 1 62 1 1 1 1 1 1 1 1 1 1 1 1 1 1 1 1 1 1 1 1 1 1 1 1 1 1 1 1 1 1 1 1 1 1 1 1 7 100 7 100 100 100 7 1 12 12 12 12 12 12 12 9 9 9 9 10 10 10 10 10 1
instanceKlass sbt/io/DescendantOrSelfPathFinder$$anon$3
instanceKlass sbt/io/Path$AttributedFile
ciInstanceKlass java/io/File 1 1 578 8 8 8 8 8 8 8 8 8 8 8 8 8 8 8 8 8 8 8 7 1 1 1 1 1 1 1 1 1 1 1 1 1 1 1 1 1 1 1 1 1 1 1 1 1 1 1 1 1 1 1 1 1 1 1 1 1 1 1 1 1 1 1 1 1 1 1 1 1 1 1 1 1 1 1 1 1 1 1 1 1 1 1 1 1 1 1 1 1 1 1 1 1 1 1 1 1 1 1 1 1 1 1 1 1 1 1 1 1 1 1 1 1 1 1 1 1 1 1 1 1 1 1 1 1 1 1 1 1 1 1 1 1 1 1 1 1 1 1 1 1 1 1 1 1 1 1 1 1 1 1 1 1 1 1 1 1 1 1 1 1 1 1 1 1 1 1 1 1 1 1 1 1 1 1 1 1 1 1 1 1 1 1 1 1 1 1 1 1 1 1 1 1 1 1 1 1 1 1 1 1 1 1 1 1 1 1 1 1 1 1 1 1 1 1 1 1 1 1 1 1 1 1 1 1 1 1 1 1 1 1 1 1 1 1 1 1 5 0 7 100 7 7 7 7 7 7 7 100 100 100 100 100 100 7 100 100 100 100 7 7 100 100 100 100 7 7 7 100 100 7 100 100 7 7 100 7 100 7 1 1 1 1 1 1 1 1 1 1 1 1 1 1 1 1 1 1 1 1 1 1 1 1 1 1 1 1 1 1 1 1 1 1 1 1 1 1 1 1 1 1 1 1 1 1 1 1 1 1 1 1 1 1 12 12 12 12 12 12 12 12 12 12 12 12 12 12 12 12 12 12 12 12 12 12 12 12 12 12 12 12 12 12 12 12 12 12 12 12 12 12 12 12 12 12 12 12 12 12 12 12 12 12 12 12 12 12 12 12 12 12 12 12 12 12 12 12 12 12 12 12 12 12 12 12 12 12 12 12 12 12 12 12 12 12 12 12 12 12 12 12 12 12 12 12 12 12 12 12 12 12 12 12 12 12 12 12 12 12 12 12 12 12 12 12 12 12 9 9 9 9 9 9 9 9 9 9 9 9 9 9 9 10 10 10 10 10 10 10 10 10 10 10 10 10 10 10 10 10 10 10 10 10 10 10 10 10 10 10 10 10 10 10 10 10 10 10 10 10 10 10 10 10 10 10 10 10 10 10 10 10 10 10 10 10 10 10 10 10 10 10 10 10 10 10 10 10 10 10 10 10 10 10 10 10 10 10 10 10 10 10 10 10 10 10 10 10 10 10 10 10 10 10 10 10 10 10 10 10 10 10 10 10 10 10 10 10 10 11 11 11 11 11 1 1 1 1
staticfield java/io/File fs Ljava/io/FileSystem; java/io/WinNTFileSystem
staticfield java/io/File separatorChar C 92
staticfield java/io/File separator Ljava/lang/String; "\"
staticfield java/io/File pathSeparatorChar C 59
staticfield java/io/File pathSeparator Ljava/lang/String; ";"
staticfield java/io/File PATH_OFFSET J 16
staticfield java/io/File PREFIX_LENGTH_OFFSET J 12
staticfield java/io/File UNSAFE Lsun/misc/Unsafe; sun/misc/Unsafe
staticfield java/io/File $assertionsDisabled Z 1
instanceKlass sbt/internal/inc/classpath/ClasspathUtil$$anon$2
instanceKlass sbt/internal/inc/classpath/ClasspathUtil$$anon$1
instanceKlass java/net/FactoryURLClassLoader
instanceKlass sbt/internal/PluginManagement$PluginClassLoader
instanceKlass sbt/internal/classpath/WrappedLoader
instanceKlass sbt/internal/classpath/ClassLoaderCache$Key$CachedClassLoader
instanceKlass sbt/State$UncloseableURLLoader
instanceKlass sbt/internal/ManagedClassLoader
instanceKlass scala/reflect/internal/util/ScalaClassLoader$URLClassLoader
instanceKlass sbt/internal/FullScalaLoader
instanceKlass sbt/internal/ScalaLibraryClassLoader
instanceKlass sbt/internal/JLineLoader
instanceKlass sbt/internal/SbtInterfaceLoader
instanceKlass sbt/internal/MetaBuildLoader
instanceKlass sbt/internal/XMainClassLoader
instanceKlass sbt/internal/XMainClassLoader
instanceKlass xsbt/boot/LibraryClassLoader
instanceKlass xsbt/boot/TestInterfaceLoader
instanceKlass sun/misc/Launcher$ExtClassLoader
instanceKlass sun/misc/Launcher$AppClassLoader
ciInstanceKlass java/net/URLClassLoader 1 1 527 8 8 8 8 8 8 8 8 8 8 8 8 1 1 1 1 1 1 1 1 1 1 1 1 1 1 1 1 1 1 1 1 1 1 1 1 1 1 1 1 1 1 1 1 1 1 1 1 1 1 1 1 1 1 1 1 1 1 1 1 1 1 1 1 1 1 1 1 1 1 1 1 1 1 1 1 1 1 1 1 1 1 1 1 1 1 1 1 1 1 1 1 1 1 1 1 1 1 1 1 1 1 1 1 1 1 1 1 1 1 1 1 1 1 1 1 1 1 1 1 1 1 1 1 1 1 1 1 1 1 1 1 1 1 1 1 1 1 1 1 1 1 1 1 1 1 1 1 1 1 1 1 1 1 1 1 1 1 1 1 1 1 1 1 1 1 1 1 1 1 1 1 1 1 1 1 1 1 1 1 1 1 1 1 1 1 1 1 1 1 1 1 1 1 1 100 100 7 7 7 100 100 7 7 7 100 100 7 100 100 100 7 100 7 100 7 100 7 7 7 7 7 100 100 7 7 7 100 100 100 7 7 7 7 100 7 7 7 7 7 7 7 100 7 7 7 7 7 7 100 100 1 1 1 1 1 1 1 1 1 1 1 1 1 1 1 1 1 1 1 1 1 1 1 1 1 1 1 1 1 1 1 1 1 1 1 1 1 1 1 1 1 1 1 1 1 1 1 1 1 1 1 1 1 1 1 1 1 1 1 1 1 1 1 1 1 1 1 1 1 1 12 12 12 12 12 12 12 12 12 12 12 12 12 12 12 12 12 12 12 12 12 12 12 12 12 12 12 12 12 12 12 12 12 12 12 12 12 12 12 12 12 12 12 12 12 12 12 12 12 12 12 12 12 12 12 12 12 12 12 12 12 12 12 12 12 12 12 12 12 12 12 12 12 12 12 12 12 12 12 12 12 12 12 12 12 12 12 12 12 12 12 12 12 12 12 12 12 12 9 9 9 9 9 9 9 9 9 9 9 9 10 10 10 10 10 10 10 10 10 10 10 10 10 10 10 10 10 10 10 10 10 10 10 10 10 10 10 10 10 10 10 10 10 10 10 10 10 10 10 10 10 10 10 10 10 10 10 10 10 10 10 10 10 10 10 10 10 10 10 10 10 10 10 10 10 10 10 10 10 10 10 10 10 10 10 10 10 10 10 10 10 10 10 10 10 10 11 11 11 11 11 11 11 11 11
ciInstanceKlass java/net/URL 1 1 550 8 8 8 8 8 8 8 8 8 8 8 8 8 8 8 8 8 8 8 8 8 8 8 8 8 7 1 1 1 1 1 1 1 1 1 1 1 1 1 1 1 1 1 1 1 1 1 1 1 1 1 1 1 1 1 1 1 1 1 1 1 1 1 1 1 1 1 1 1 1 1 1 1 1 1 1 1 1 1 1 1 1 1 1 1 1 1 1 1 1 1 1 1 1 1 1 1 1 1 1 1 1 1 1 1 1 1 1 1 1 1 1 1 1 1 1 1 1 1 1 1 1 1 1 1 1 1 1 1 1 1 1 1 1 1 1 1 1 1 1 1 1 1 1 1 1 1 1 1 1 1 1 1 1 1 1 1 1 1 1 1 1 1 1 1 1 1 1 1 1 1 1 1 1 1 1 1 1 1 1 1 1 1 1 1 1 1 1 1 1 1 1 1 1 1 1 1 1 1 1 1 1 1 1 1 1 1 1 1 1 1 1 1 1 1 1 1 1 1 1 1 1 1 5 0 100 100 100 100 100 100 7 100 7 7 100 100 100 100 100 7 7 100 7 7 100 100 100 100 7 100 100 7 100 7 7 7 100 100 7 7 7 100 7 100 1 1 1 1 1 1 1 1 1 1 1 1 1 1 1 1 1 1 1 1 1 1 1 1 1 1 1 1 1 1 1 1 1 1 1 1 1 1 1 1 1 1 1 1 1 1 1 1 1 1 1 1 1 12 12 12 12 12 12 12 12 12 12 12 12 12 12 12 12 12 12 12 12 12 12 12 12 12 12 12 12 12 12 12 12 12 12 12 12 12 12 12 12 12 12 12 12 12 12 12 12 12 12 12 12 12 12 12 12 12 12 12 12 12 12 12 12 12 12 12 12 12 12 12 12 12 12 12 12 12 12 12 12 12 12 12 12 12 12 12 12 12 12 12 12 12 12 12 12 12 12 12 12 12 12 12 12 12 12 12 12 9 9 9 9 9 9 9 9 9 9 9 9 9 9 9 9 9 9 9 9 9 10 10 10 10 10 10 10 10 10 10 10 10 10 10 10 10 10 10 10 10 10 10 10 10 10 10 10 10 10 10 10 10 10 10 10 10 10 10 10 10 10 10 10 10 10 10 10 10 10 10 10 10 10 10 10 10 10 10 10 10 10 10 10 10 10 10 10 10 10 10 10 10 10 10 10 10 10 10 10 10 10 10 10 10 10 10 10 10 10 10 10 10 10 10 10 10 10 10 10 10 11 1
staticfield java/net/URL serialPersistentFields [Ljava/io/ObjectStreamField; 7 [Ljava/io/ObjectStreamField;
ciInstanceKlass java/util/jar/Manifest 1 1 256 8 8 8 8 8 8 8 1 1 1 1 1 1 1 1 1 1 1 1 1 1 1 1 1 1 1 1 1 1 1 1 1 1 1 1 1 1 1 1 1 1 1 1 1 1 1 1 1 1 1 1 1 1 1 1 1 1 1 1 1 1 1 1 1 1 1 1 1 1 1 1 1 1 1 1 1 1 1 1 1 1 1 1 1 1 1 1 1 1 1 1 1 1 1 1 1 1 1 1 1 100 100 100 100 100 100 7 7 100 7 100 100 7 7 100 7 100 100 7 100 7 7 1 1 1 1 1 1 1 1 1 1 1 1 1 1 1 1 1 1 1 1 1 1 1 1 1 12 12 12 12 12 12 12 12 12 12 12 12 12 12 12 12 12 12 12 12 12 12 12 12 12 12 12 12 12 12 12 12 12 12 12 12 12 12 12 12 12 12 12 12 12 12 12 12 9 9 9 10 10 10 10 10 10 10 10 10 10 10 10 10 10 10 10 10 10 10 10 10 10 10 10 10 10 10 10 10 10 10 10 10 10 10 10 10 10 10 10 10 10 10 11 11 11 11 11 11 11 11 11 11 11 11 1 1
ciInstanceKlass sun/misc/Launcher 1 1 218 8 8 8 8 8 8 8 8 1 1 1 1 1 1 1 1 1 1 1 1 1 1 1 1 1 1 1 1 1 1 1 1 1 1 1 1 1 1 1 1 1 1 1 1 1 1 1 1 1 1 1 1 1 1 1 1 1 1 1 1 1 1 1 1 1 1 1 1 1 1 1 1 1 1 1 1 1 1 1 1 1 1 1 1 1 1 1 1 1 1 1 1 1 1 1 1 100 100 7 100 100 100 100 100 100 100 100 7 100 7 100 7 7 100 7 7 100 7 7 7 7 7 1 1 1 1 1 1 1 1 1 1 1 1 1 1 1 1 1 1 1 1 1 1 1 12 12 12 12 12 12 12 12 12 12 12 12 12 12 12 12 12 12 12 12 12 12 12 12 12 12 12 12 12 12 12 12 9 9 9 9 9 9 10 10 10 10 10 10 10 10 10 10 10 10 10 10 10 10 10 10 10 10 10 10 10 10 10 10 10 10 10 10 1 1 1 1
ciInstanceKlass sun/misc/Launcher$AppClassLoader 1 1 201 8 8 7 1 1 1 1 1 1 1 1 1 1 1 1 1 1 1 1 1 1 1 1 1 1 1 1 1 1 1 1 1 1 1 1 1 1 1 1 1 1 1 1 1 1 1 1 1 1 1 1 1 1 1 1 1 1 1 1 1 1 1 1 1 1 1 1 1 1 1 1 1 1 1 1 1 1 1 1 1 100 100 100 100 100 7 7 100 7 100 7 7 100 100 7 100 7 100 7 100 7 7 7 100 7 7 1 1 1 1 1 1 1 1 1 1 1 1 1 1 1 1 1 1 1 1 1 1 1 1 1 12 12 12 12 12 12 12 12 12 12 12 12 12 12 12 12 12 12 12 12 12 12 12 12 12 12 12 12 12 12 12 12 12 9 9 10 10 10 10 10 10 10 10 10 10 10 10 10 10 10 10 10 10 10 10 10 10 10 10 10 10 10 10 10 10 10 10 11 1
staticfield sun/misc/Launcher$AppClassLoader $assertionsDisabled Z 1
ciInstanceKlass sun/misc/Launcher$ExtClassLoader 1 1 237 8 8 8 7 1 1 1 1 1 1 1 1 1 1 1 1 1 1 1 1 1 1 1 1 1 1 1 1 1 1 1 1 1 1 1 1 1 1 1 1 1 1 1 1 1 1 1 1 1 1 1 1 1 1 1 1 1 1 1 1 1 1 1 1 1 1 1 1 1 1 1 1 1 1 1 1 1 1 1 1 1 1 1 1 1 1 1 1 1 1 1 1 1 1 100 100 100 100 7 100 7 100 7 7 100 100 100 7 7 100 100 100 7 100 100 100 7 7 7 7 7 100 7 7 100 1 1 1 1 1 1 1 1 1 1 1 1 1 1 1 1 1 1 1 1 1 1 1 1 1 1 12 12 12 12 12 12 12 12 12 12 12 12 12 12 12 12 12 12 12 12 12 12 12 12 12 12 12 12 12 12 12 12 12 12 12 12 12 12 12 12 12 9 9 10 10 10 10 10 10 10 10 10 10 10 10 10 10 10 10 10 10 10 10 10 10 10 10 10 10 10 10 10 10 10 10 10 10 10 10 10 10 10 11 11 1
ciInstanceKlass java/security/CodeSource 1 1 324 8 8 8 8 8 8 8 8 8 8 8 8 8 8 1 1 1 1 1 1 1 1 1 1 1 1 1 1 1 1 1 1 1 1 1 1 1 1 1 1 1 1 1 1 1 1 1 1 1 1 1 1 1 1 1 1 1 1 1 1 1 1 1 1 1 1 1 1 1 1 1 1 1 1 1 1 1 1 1 1 1 1 1 1 1 1 1 1 1 1 1 1 1 1 1 1 1 1 1 1 1 1 1 1 1 1 1 1 1 1 1 1 1 1 1 1 1 1 1 1 1 1 1 1 1 1 1 1 1 1 1 1 1 1 1 1 5 0 100 100 100 100 100 100 100 100 100 7 100 100 100 7 100 7 100 100 100 100 100 100 100 100 100 100 1 1 1 1 1 1 1 1 1 1 1 1 1 1 1 1 1 1 1 1 1 1 1 1 1 12 12 12 12 12 12 12 12 12 12 12 12 12 12 12 12 12 12 12 12 12 12 12 12 12 12 12 12 12 12 12 12 12 12 12 12 12 12 12 12 12 12 12 12 12 12 12 12 12 12 12 12 12 12 12 12 12 12 12 12 12 9 9 9 9 9 10 10 10 10 10 10 10 10 10 10 10 10 10 10 10 10 10 10 10 10 10 10 10 10 10 10 10 10 10 10 10 10 10 10 10 10 10 10 10 10 10 10 10 10 10 10 10 10 10 10 10 10 10 10 10 10 10 10 10 10 10 10 10 11 11 11 11 1
ciInstanceKlass java/lang/StackTraceElement 0 0 98 8 8 8 8 8 8 8 8 1 1 1 1 1 1 1 1 1 1 1 1 1 1 1 1 1 1 1 1 1 1 1 1 1 1 1 1 1 1 1 1 1 1 1 1 1 1 1 1 1 1 1 5 0 100 100 100 100 100 100 1 1 1 1 1 1 12 12 12 12 12 12 12 12 12 12 12 12 12 12 12 9 9 9 9 10 10 10 10 10 10 10 10 10 10 10 10 1
instanceKlass java/nio/DoubleBuffer
instanceKlass java/nio/FloatBuffer
instanceKlass java/nio/IntBuffer
instanceKlass java/nio/ShortBuffer
instanceKlass java/nio/LongBuffer
instanceKlass java/nio/CharBuffer
instanceKlass java/nio/ByteBuffer
ciInstanceKlass java/nio/Buffer 1 1 103 8 8 8 8 1 1 1 1 1 1 1 1 1 1 1 1 1 1 1 1 1 1 1 1 1 1 1 1 1 1 1 1 1 1 1 1 1 1 1 1 1 1 1 1 1 1 1 1 1 1 1 1 1 1 1 1 1 1 1 1 3 100 100 7 100 7 100 100 100 1 1 1 1 12 12 12 12 12 12 12 12 12 12 12 9 9 9 9 10 10 10 10 10 10 10 10 10 10 10 10 10 1
ciInstanceKlass java/lang/Boolean 1 1 110 8 8 8 1 1 1 1 1 1 1 1 1 1 1 1 1 1 1 1 1 1 1 1 1 1 1 1 1 1 1 1 1 1 1 1 1 1 1 1 1 1 1 1 1 1 1 1 1 1 1 1 1 1 1 1 1 1 1 1 1 5 0 100 7 7 100 100 100 7 100 7 7 1 1 1 1 1 1 1 1 12 12 12 12 12 12 12 12 12 12 12 12 12 12 9 9 9 9 10 10 10 10 10 10 10 10 10 10 1
staticfield java/lang/Boolean TRUE Ljava/lang/Boolean; java/lang/Boolean
staticfield java/lang/Boolean FALSE Ljava/lang/Boolean; java/lang/Boolean
staticfield java/lang/Boolean TYPE Ljava/lang/Class; java/lang/Class
ciInstanceKlass java/lang/Character 1 1 459 3 3 3 3 3 3 3 3 8 8 7 1 1 1 1 1 1 1 1 1 1 1 1 1 1 1 1 1 1 1 1 1 1 1 1 1 1 1 1 1 1 1 1 1 1 1 1 1 1 1 1 1 1 1 1 1 1 1 1 1 1 1 1 1 1 1 1 1 1 1 1 1 1 1 1 1 1 1 1 1 1 1 1 1 1 1 1 1 1 1 1 1 1 1 1 1 1 1 1 1 1 1 1 1 1 1 1 1 1 1 1 1 1 1 1 1 1 1 1 1 1 1 1 1 1 1 1 1 1 1 1 1 1 1 1 1 1 1 1 1 1 1 1 1 1 1 1 1 1 1 1 1 1 1 1 1 1 1 1 1 1 1 1 1 1 1 1 1 1 1 1 1 1 1 1 1 1 1 1 1 1 1 1 1 1 1 1 1 1 1 1 1 1 1 1 1 1 1 1 1 1 1 1 1 1 1 1 1 1 1 1 1 1 1 1 1 1 1 1 1 1 1 1 1 3 3 3 3 3 3 3 3 3 3 3 3 3 3 3 3 3 3 3 3 3 3 3 3 3 3 3 3 3 3 3 3 3 3 3 3 3 5 0 5 0 100 100 7 7 100 100 100 7 100 7 100 100 100 100 7 7 100 100 1 1 1 1 1 1 1 1 1 1 1 1 1 1 1 12 12 12 12 12 12 12 12 12 12 12 12 12 12 12 12 12 12 12 12 12 12 12 12 12 12 12 12 12 12 12 12 12 12 12 12 12 12 12 12 12 12 12 12 12 12 12 12 12 12 12 12 12 12 12 12 12 12 12 12 12 12 12 12 12 12 12 12 9 9 9 9 9 10 10 10 10 10 10 10 10 10 10 10 10 10 10 10 10 10 10 10 10 10 10 10 10 10 10 10 10 10 10 10 10 10 10 10 10 10 10 10 10 10 10 10 10 10 10 10 10 10 10 10 10 10 10 10 10 10 10 10 10 10 10 10 10 10 10 10 10 10 10 10 10 10 10 10 10 10 10 10 10 11 11 1 1 1 1 1
staticfield java/lang/Character TYPE Ljava/lang/Class; java/lang/Class
staticfield java/lang/Character $assertionsDisabled Z 1
instanceKlass com/sun/jna/IntegerType
instanceKlass java/math/BigDecimal
instanceKlass scala/math/ScalaNumber
instanceKlass scala/math/ScalaNumber
instanceKlass java/math/BigInteger
instanceKlass java/util/concurrent/atomic/AtomicLong
instanceKlass java/util/concurrent/atomic/AtomicInteger
instanceKlass java/lang/Long
instanceKlass java/lang/Integer
instanceKlass java/lang/Short
instanceKlass java/lang/Byte
instanceKlass java/lang/Double
instanceKlass java/lang/Float
ciInstanceKlass java/lang/Number 1 1 34 1 1 1 1 1 1 1 1 1 1 1 1 1 1 1 1 1 1 1 1 1 1 1 5 0 100 100 7 12 12 10 10 1
ciInstanceKlass java/lang/Float 1 1 169 3 3 3 4 4 4 4 8 8 8 1 1 1 1 1 1 1 1 1 1 1 1 1 1 1 1 1 1 1 1 1 1 1 1 1 1 1 1 1 1 1 1 1 1 1 1 1 1 1 1 1 1 1 1 1 1 1 1 1 1 1 1 1 1 1 1 1 1 1 1 1 1 1 1 1 1 1 1 1 1 1 1 1 1 1 1 1 1 1 1 1 1 1 1 1 1 1 1 3 3 3 3 4 4 5 0 7 100 100 7 100 7 100 100 7 1 1 1 1 1 1 1 1 1 12 12 12 12 12 12 12 12 12 12 12 12 12 12 12 12 12 12 12 12 12 9 9 10 10 10 10 10 10 10 10 10 10 10 10 10 10 10 10 10 10 10 10 1
staticfield java/lang/Float TYPE Ljava/lang/Class; java/lang/Class
ciInstanceKlass java/lang/Double 1 1 223 8 8 8 8 8 8 8 8 8 8 1 1 1 1 1 1 1 1 1 1 1 1 1 1 1 1 1 1 1 1 1 1 1 1 1 1 1 1 1 1 1 1 1 1 1 1 1 1 1 1 1 1 1 1 1 1 1 1 1 1 1 1 1 1 1 1 1 1 1 1 1 1 1 1 1 1 1 1 1 1 1 1 1 1 1 1 1 1 1 1 1 1 1 1 1 1 1 1 1 1 1 1 1 1 1 1 1 1 1 1 1 3 3 3 3 5 0 5 0 5 0 5 0 5 0 6 0 6 0 6 0 6 0 6 0 6 0 6 0 7 100 7 100 100 7 100 100 100 7 1 1 1 1 1 1 1 1 1 1 1 12 12 12 12 12 12 12 12 12 12 12 12 12 12 12 12 12 12 12 12 12 12 12 12 12 12 12 12 12 12 9 9 10 10 10 10 10 10 10 10 10 10 10 10 10 10 10 10 10 10 10 10 10 10 10 10 10 10 10 10 10 1
staticfield java/lang/Double TYPE Ljava/lang/Class; java/lang/Class
ciInstanceKlass java/lang/Byte 1 1 153 8 8 8 8 8 1 1 1 1 1 1 1 1 1 1 1 1 1 1 1 1 1 1 1 1 1 1 1 1 1 1 1 1 1 1 1 1 1 1 1 1 1 1 1 1 1 1 1 1 1 1 1 1 1 1 1 1 1 1 1 1 1 1 1 1 1 1 1 1 1 1 1 1 1 1 1 1 3 3 3 3 5 0 5 0 7 7 7 100 100 7 100 100 1 1 1 1 1 1 1 1 1 1 1 1 1 1 12 12 12 12 12 12 12 12 12 12 12 12 12 12 12 12 12 12 12 12 12 9 9 9 10 10 10 10 10 10 10 10 10 10 10 10 10 10 10 10 10 10 10 1 1
staticfield java/lang/Byte TYPE Ljava/lang/Class; java/lang/Class
ciInstanceKlass java/lang/Short 1 1 159 3 3 8 8 8 8 8 1 1 1 1 1 1 1 1 1 1 1 1 1 1 1 1 1 1 1 1 1 1 1 1 1 1 1 1 1 1 1 1 1 1 1 1 1 1 1 1 1 1 1 1 1 1 1 1 1 1 1 1 1 1 1 1 1 1 1 1 1 1 1 1 1 1 1 1 1 1 1 1 1 1 3 3 3 3 5 0 5 0 7 100 100 7 100 7 7 100 1 1 1 1 1 1 1 1 1 1 1 1 1 1 12 12 12 12 12 12 12 12 12 12 12 12 12 12 12 12 12 12 12 12 12 12 9 9 9 10 10 10 10 10 10 10 10 10 10 10 10 10 10 10 10 10 10 10 10 1 1
staticfield java/lang/Short TYPE Ljava/lang/Class; java/lang/Class
ciInstanceKlass java/lang/Integer 1 1 309 3 3 3 3 3 3 3 3 3 3 3 3 3 3 3 8 8 8 8 8 8 8 8 8 8 8 8 8 8 8 8 1 1 1 1 1 1 1 1 1 1 1 1 1 1 1 1 1 1 1 1 1 1 1 1 1 1 1 1 1 1 1 1 1 1 1 1 1 1 1 1 1 1 1 1 1 1 1 1 1 1 1 1 1 1 1 1 1 1 1 1 1 1 1 1 1 1 1 1 1 1 1 1 1 1 1 1 1 1 1 1 1 1 1 1 1 1 1 1 1 1 1 1 1 1 1 1 1 1 1 1 1 1 1 1 1 1 1 1 1 1 1 1 1 1 1 1 1 1 1 1 1 1 1 1 1 1 1 1 1 1 1 1 1 1 1 1 1 1 3 3 5 0 5 0 5 0 100 7 7 100 100 7 7 100 7 100 7 100 100 100 7 100 7 1 1 1 1 1 1 1 1 1 1 1 1 1 1 1 1 1 12 12 12 12 12 12 12 12 12 12 12 12 12 12 12 12 12 12 12 12 12 12 12 12 12 12 12 12 12 12 12 12 12 12 12 12 12 12 12 12 12 12 12 12 12 12 12 9 9 9 9 9 9 9 9 10 10 10 10 10 10 10 10 10 10 10 10 10 10 10 10 10 10 10 10 10 10 10 10 10 10 10 10 10 10 10 10 10 10 10 10 10 10 10 10 1 1
staticfield java/lang/Integer TYPE Ljava/lang/Class; java/lang/Class
staticfield java/lang/Integer digits [C 36
staticfield java/lang/Integer DigitTens [C 100
staticfield java/lang/Integer DigitOnes [C 100
staticfield java/lang/Integer sizeTable [I 10
ciInstanceKlass java/lang/Long 1 1 356 3 3 8 8 8 8 8 8 8 8 8 8 8 8 8 8 8 8 8 1 1 1 1 1 1 1 1 1 1 1 1 1 1 1 1 1 1 1 1 1 1 1 1 1 1 1 1 1 1 1 1 1 1 1 1 1 1 1 1 1 1 1 1 1 1 1 1 1 1 1 1 1 1 1 1 1 1 1 1 1 1 1 1 1 1 1 1 1 1 1 1 1 1 1 1 1 1 1 1 1 1 1 1 1 1 1 1 1 1 1 1 1 1 1 1 1 1 1 1 1 1 1 1 1 1 1 1 1 1 1 1 1 1 1 1 1 1 1 1 1 1 1 1 1 1 1 1 1 1 1 1 1 1 1 1 1 1 1 1 1 1 1 1 3 3 5 0 5 0 5 0 5 0 5 0 5 0 5 0 5 0 5 0 5 0 5 0 5 0 5 0 5 0 5 0 100 7 7 100 100 7 7 7 7 100 7 100 100 100 7 100 100 100 1 1 1 1 1 1 1 1 1 1 1 1 1 1 1 1 1 1 1 1 1 1 12 12 12 12 12 12 12 12 12 12 12 12 12 12 12 12 12 12 12 12 12 12 12 12 12 12 12 12 12 12 12 12 12 12 12 12 12 12 12 12 12 12 12 12 12 12 12 12 12 12 12 12 12 12 12 12 12 12 9 9 9 9 9 9 10 10 10 10 10 10 10 10 10 10 10 10 10 10 10 10 10 10 10 10 10 10 10 10 10 10 10 10 10 10 10 10 10 10 10 10 10 10 10 10 10 10 10 10 10 10 10 10 10 10 10 10 10 10 1 1
staticfield java/lang/Long TYPE Ljava/lang/Class; java/lang/Class
ciInstanceKlass java/lang/NullPointerException 1 1 21 1 1 1 1 1 1 1 1 1 1 1 5 0 100 7 12 12 10 10 1
ciInstanceKlass java/lang/ArithmeticException 1 1 21 1 1 1 1 1 1 1 1 1 1 1 5 0 100 100 12 12 10 10 1
ciInstanceKlass java/util/concurrent/ConcurrentHashMap 1 1 1012 3 3 3 4 8 8 8 8 7 7 7 100 7 7 1 1 1 1 1 1 1 1 1 1 1 1 1 1 1 1 1 1 1 1 1 1 1 1 1 1 1 1 1 1 1 1 1 1 1 1 1 1 1 1 1 1 1 1 1 1 1 1 1 1 1 1 1 1 1 1 1 1 1 1 1 1 1 1 1 1 1 1 1 1 1 1 1 1 1 1 1 1 1 1 1 1 1 1 1 1 1 1 1 1 1 1 1 1 1 1 1 1 1 1 1 1 1 1 1 1 1 1 1 1 1 1 1 1 1 1 1 1 1 1 1 1 1 1 1 1 1 1 1 1 1 1 1 1 1 1 1 1 1 1 1 1 1 1 1 1 1 1 1 1 1 1 1 1 1 1 1 1 1 1 1 1 1 1 1 1 1 1 1 1 1 1 1 1 1 1 1 1 1 1 1 1 1 1 1 1 1 1 1 1 1 1 1 1 1 1 1 1 1 1 1 1 1 1 1 1 1 1 1 1 1 1 1 1 1 1 1 1 1 1 1 1 1 1 1 1 1 1 1 1 1 1 1 1 1 1 1 1 1 1 1 1 1 1 1 1 1 1 1 1 1 1 1 1 1 1 1 1 1 1 1 1 1 1 1 1 1 1 1 1 1 1 1 1 1 1 1 1 1 1 1 1 1 1 1 1 1 1 1 1 1 1 1 1 1 1 1 1 1 1 1 1 1 1 1 1 3 3 3 3 3 3 3 3 5 0 5 0 5 0 5 0 5 0 5 0 8 8 8 8 8 8 100 100 100 100 100 100 7 100 7 7 100 100 100 100 100 7 100 100 7 7 100 7 100 100 100 7 100 100 100 100 100 100 100 100 100 7 100 100 100 100 100 100 100 100 100 7 100 7 100 100 100 100 100 100 100 100 100 100 100 100 100 100 100 100 100 100 7 100 100 100 7 100 100 100 100 100 100 7 7 7 100 100 7 100 100 7 100 7 100 7 7 1 1 1 1 1 1 1 1 1 1 1 1 1 1 1 1 1 1 1 1 1 1 1 1 1 1 1 1 1 1 1 1 1 1 1 1 1 1 1 1 1 1 1 1 1 1 1 1 1 1 1 1 1 1 1 1 1 1 1 1 1 1 1 1 1 1 1 1 1 1 1 1 1 1 1 1 1 1 1 1 1 1 1 1 1 1 1 1 1 1 1 1 1 1 1 1 1 1 1 1 1 1 1 1 1 1 1 1 1 1 1 1 1 1 1 1 1 1 1 1 1 1 1 1 1 1 1 1 1 1 1 1 1 1 1 1 1 1 1 1 1 1 1 1 1 1 1 1 1 1 1 1 1 1 1 1 1 1 1 1 1 1 1 1 1 1 1 1 1 1 1 1 12 12 12 12 12 12 12 12 12 12 12 12 12 12 12 12 12 12 12 12 12 12 12 12 12 12 12 12 12 12 12 12 12 12 12 12 12 12 12 12 12 12 12 12 12 12 12 12 12 12 12 12 12 12 12 12 12 12 12 12 12 12 12 12 12 12 12 12 12 12 12 12 12 12 12 12 12 12 12 12 12 12 12 12 12 12 12 12 12 12 12 12 12 12 12 12 12 12 12 12 12 12 12 12 12 12 12 12 12 12 12 12 12 12 12 12 12 12 12 12 12 12 12 12 12 12 12 12 12 12 12 12 12 12 12 12 12 12 12 12 12 12 12 12 12 12 12 12 12 12 9 9 9 9 9 9 9 9 9 9 9 9 9 9 9 9 9 9 9 9 9 9 9 9 9 9 9 9 9 9 9 9 9 9 9 9 10 10 10 10 10 10 10 10 10 10 10 10 10 10 10 10 10 10 10 10 10 10 10 10 10 10 10 10 10 10 10 10 10 10 10 10 10 10 10 10 10 10 10 10 10 10 10 10 10 10 10 10 10 10 10 10 10 10 10 10 10 10 10 10 10 10 10 10 10 10 10 10 10 10 10 10 10 10 10 10 10 10 10 10 10 10 10 10 10 10 10 10 10 10 10 10 10 10 10 10 10 10 10 10 10 10 10 10 10 10 10 10 10 10 10 10 10 10 10 10 10 10 10 10 10 10 10 10 10 10 10 10 10 10 10 10 10 10 10 10 10 10 10 10 10 10 10 10 11 11 11 11 11 11 11 11 11 11 11 11 11 11 1 1 1 1 1 1 1 1 1 1 1 1 1 1 1 1 1 1 1 1 1 1 1 1 1 1 1 1 1 1 1 1 1 1 1 1 1 1 1 1 1 1 1 1 1 1 1 1 1 1 1 1 1 1
staticfield java/util/concurrent/ConcurrentHashMap MAX_RESIZERS I 65535
staticfield java/util/concurrent/ConcurrentHashMap RESIZE_STAMP_SHIFT I 16
staticfield java/util/concurrent/ConcurrentHashMap NCPU I 8
staticfield java/util/concurrent/ConcurrentHashMap serialPersistentFields [Ljava/io/ObjectStreamField; 3 [Ljava/io/ObjectStreamField;
staticfield java/util/concurrent/ConcurrentHashMap U Lsun/misc/Unsafe; sun/misc/Unsafe
staticfield java/util/concurrent/ConcurrentHashMap SIZECTL J 20
staticfield java/util/concurrent/ConcurrentHashMap TRANSFERINDEX J 32
staticfield java/util/concurrent/ConcurrentHashMap BASECOUNT J 24
staticfield java/util/concurrent/ConcurrentHashMap CELLSBUSY J 36
staticfield java/util/concurrent/ConcurrentHashMap CELLVALUE J 144
staticfield java/util/concurrent/ConcurrentHashMap ABASE J 16
staticfield java/util/concurrent/ConcurrentHashMap ASHIFT I 2
instanceKlass java/util/concurrent/ConcurrentHashMap$TreeBin
instanceKlass java/util/concurrent/ConcurrentHashMap$TreeNode
instanceKlass java/util/concurrent/ConcurrentHashMap$ReservationNode
instanceKlass java/util/concurrent/ConcurrentHashMap$ForwardingNode
ciInstanceKlass java/util/concurrent/ConcurrentHashMap$Node 1 1 87 8 1 1 1 1 1 1 1 1 1 1 1 1 1 1 1 1 1 1 1 1 1 1 1 1 1 1 1 1 1 1 1 1 1 1 1 1 1 1 1 1 1 1 7 100 100 100 100 100 7 1 1 1 1 1 1 1 1 1 12 12 12 12 12 12 12 12 12 12 12 12 9 9 9 9 10 10 10 10 10 10 10 10 11 11 1
compile java/util/concurrent/ConcurrentHashMap initTable ()[Ljava/util/concurrent/ConcurrentHashMap$Node; -1 3
